50 9251 9251
0 0 510.0 15.0
0 1 506.0 16.0
0 2 536.0 16.0
0 3 808.0 16.0
0 4 835.0 16.0
0 5 70.0 25.0
0 6 135.0 23.0
0 7 448.0 23.0
0 8 673.0 25.0
0 9 744.0 26.0
0 10 772.0 25.0
0 11 807.0 25.0
0 12 836.0 24.0
0 13 56.0 34.0
0 14 65.0 33.0
0 15 125.0 35.0
0 16 133.0 36.0
0 17 664.0 35.0
0 18 666.0 36.0
0 19 686.0 34.0
0 20 715.0 33.0
0 21 709.0 34.0
0 22 707.0 36.0
0 23 713.0 36.0
0 24 744.0 33.0
0 25 747.0 35.0
0 26 772.0 33.0
0 27 774.0 34.0
0 28 776.0 34.0
0 29 772.0 36.0
0 30 806.0 33.0
0 31 806.0 35.0
0 32 834.0 34.0
0 33 863.0 33.0
0 34 56.0 43.0
0 35 52.0 46.0
0 36 56.0 46.0
0 37 135.0 46.0
0 38 169.0 45.0
0 39 176.0 46.0
0 40 283.0 43.0
0 41 287.0 44.0
0 42 290.0 46.0
0 43 663.0 45.0
0 44 686.0 43.0
0 45 696.0 45.0
0 46 686.0 46.0
0 47 688.0 46.0
0 48 709.0 43.0
0 49 713.0 44.0
0 50 703.0 45.0
0 51 708.0 45.0
0 52 716.0 45.0
0 53 736.0 43.0
0 54 725.0 45.0
0 55 731.0 45.0
0 56 748.0 43.0
0 57 756.0 43.0
0 58 765.0 43.0
0 59 770.0 43.0
0 60 776.0 43.0
0 61 763.0 46.0
0 62 787.0 43.0
0 63 793.0 43.0
0 64 794.0 46.0
0 65 813.0 43.0
0 66 813.0 45.0
0 67 105.0 55.0
0 68 189.0 54.0
0 69 216.0 56.0
0 70 273.0 54.0
0 71 272.0 56.0
0 72 290.0 53.0
0 73 290.0 55.0
0 74 371.0 53.0
0 75 687.0 53.0
0 76 693.0 54.0
0 77 703.0 55.0
0 78 728.0 55.0
0 79 731.0 56.0
0 80 767.0 54.0
0 81 769.0 56.0
0 82 783.0 56.0
0 83 787.0 56.0
0 84 805.0 53.0
0 85 807.0 55.0
0 86 172.0 63.0
0 87 168.0 64.0
0 88 194.0 65.0
0 89 266.0 65.0
0 90 263.0 66.0
0 91 373.0 63.0
0 92 686.0 65.0
0 93 712.0 64.0
0 94 747.0 63.0
0 95 753.0 64.0
0 96 744.0 66.0
0 97 776.0 63.0
0 98 774.0 64.0
0 99 1056.0 64.0
0 100 175.0 76.0
0 101 183.0 74.0
0 102 196.0 76.0
0 103 236.0 76.0
0 104 290.0 76.0
0 105 303.0 73.0
0 106 306.0 74.0
0 107 311.0 75.0
0 108 529.0 76.0
0 109 695.0 73.0
0 110 703.0 75.0
0 111 715.0 76.0
0 112 725.0 73.0
0 113 753.0 73.0
0 114 749.0 74.0
0 115 756.0 76.0
0 116 766.0 73.0
0 117 771.0 73.0
0 118 773.0 76.0
0 119 912.0 75.0
0 120 167.0 86.0
0 121 191.0 84.0
0 122 187.0 85.0
0 123 232.0 83.0
0 124 290.0 85.0
0 125 312.0 83.0
0 126 307.0 85.0
0 127 312.0 85.0
0 128 314.0 85.0
0 129 684.0 83.0
0 130 686.0 83.0
0 131 692.0 85.0
0 132 687.0 86.0
0 133 710.0 85.0
0 134 716.0 86.0
0 135 745.0 84.0
0 136 751.0 84.0
0 137 748.0 86.0
0 138 754.0 86.0
0 139 948.0 83.0
0 140 67.0 96.0
0 141 223.0 93.0
0 142 288.0 96.0
0 143 311.0 93.0
0 144 310.0 96.0
0 145 316.0 96.0
0 146 726.0 96.0
0 147 729.0 96.0
0 148 746.0 93.0
0 149 745.0 96.0
0 150 812.0 94.0
0 151 809.0 95.0
0 152 295.0 104.0
0 153 316.0 104.0
0 154 324.0 105.0
0 155 546.0 106.0
0 156 565.0 104.0
0 157 568.0 106.0
0 158 684.0 106.0
0 159 745.0 106.0
0 160 812.0 106.0
0 161 936.0 106.0
0 162 71.0 115.0
0 163 84.0 113.0
0 164 87.0 114.0
0 165 91.0 116.0
0 166 274.0 114.0
0 167 271.0 115.0
0 168 263.0 116.0
0 169 323.0 115.0
0 170 691.0 116.0
0 171 708.0 113.0
0 172 712.0 113.0
0 173 711.0 115.0
0 174 715.0 115.0
0 175 725.0 115.0
0 176 756.0 114.0
0 177 812.0 113.0
0 178 1003.0 114.0
0 179 264.0 124.0
0 180 692.0 126.0
0 181 709.0 123.0
0 182 711.0 126.0
0 183 944.0 124.0
0 184 983.0 126.0
0 185 284.0 135.0
0 186 694.0 134.0
0 187 685.0 135.0
0 188 711.0 136.0
0 189 713.0 136.0
0 190 725.0 136.0
0 191 972.0 135.0
0 192 264.0 144.0
0 193 267.0 146.0
0 194 565.0 145.0
0 195 704.0 143.0
0 196 710.0 144.0
0 197 712.0 145.0
0 198 704.0 146.0
0 199 726.0 144.0
0 200 773.0 143.0
0 201 765.0 145.0
0 202 770.0 145.0
0 203 772.0 146.0
0 204 916.0 144.0
0 205 952.0 144.0
0 206 963.0 143.0
0 207 1107.0 145.0
0 208 273.0 153.0
0 209 271.0 156.0
0 210 291.0 155.0
0 211 284.0 156.0
0 212 373.0 154.0
0 213 364.0 155.0
0 214 569.0 153.0
0 215 565.0 154.0
0 216 776.0 153.0
0 217 103.0 163.0
0 218 105.0 166.0
0 219 268.0 166.0
0 220 273.0 166.0
0 221 365.0 163.0
0 222 364.0 166.0
0 223 571.0 166.0
0 224 828.0 163.0
0 225 944.0 166.0
0 226 269.0 176.0
0 227 274.0 176.0
0 228 668.0 185.0
0 229 771.0 183.0
0 230 770.0 186.0
0 231 315.0 194.0
0 232 310.0 196.0
0 233 324.0 196.0
0 234 467.0 194.0
0 235 543.0 194.0
0 236 567.0 194.0
0 237 569.0 194.0
0 238 571.0 194.0
0 239 574.0 195.0
0 240 563.0 196.0
0 241 603.0 194.0
0 242 783.0 194.0
0 243 310.0 203.0
0 244 375.0 203.0
0 245 372.0 204.0
0 246 386.0 203.0
0 247 389.0 203.0
0 248 531.0 205.0
0 249 529.0 206.0
0 250 736.0 203.0
0 251 743.0 203.0
0 252 746.0 204.0
0 253 803.0 205.0
0 254 545.0 216.0
0 255 607.0 213.0
0 256 634.0 213.0
0 257 743.0 213.0
0 258 793.0 213.0
0 259 803.0 213.0
0 260 807.0 213.0
0 261 1005.0 215.0
0 262 295.0 226.0
0 263 355.0 223.0
0 264 495.0 223.0
0 265 535.0 223.0
0 266 549.0 225.0
0 267 814.0 223.0
0 268 833.0 223.0
0 269 832.0 225.0
0 270 376.0 233.0
0 271 476.0 234.0
0 272 474.0 235.0
0 273 483.0 233.0
0 274 488.0 235.0
0 275 485.0 236.0
0 276 526.0 235.0
0 277 730.0 235.0
0 278 288.0 246.0
0 279 323.0 245.0
0 280 373.0 245.0
0 281 470.0 243.0
0 282 650.0 245.0
0 283 672.0 245.0
0 284 663.0 246.0
0 285 193.0 253.0
0 286 190.0 254.0
0 287 245.0 254.0
0 288 272.0 256.0
0 289 324.0 256.0
0 290 523.0 253.0
0 291 128.0 264.0
0 292 194.0 264.0
0 293 186.0 266.0
0 294 234.0 264.0
0 295 232.0 266.0
0 296 245.0 263.0
0 297 364.0 265.0
0 298 373.0 266.0
0 299 692.0 264.0
0 300 694.0 264.0
0 301 113.0 275.0
0 302 206.0 276.0
0 303 247.0 273.0
0 304 356.0 273.0
0 305 483.0 274.0
0 306 605.0 274.0
0 307 153.0 285.0
0 308 695.0 285.0
0 309 476.0 303.0
0 310 636.0 305.0
1 311 665.0 16.0
1 312 711.0 16.0
1 313 746.0 16.0
1 314 775.0 15.0
1 315 811.0 14.0
1 316 926.0 13.0
1 317 673.0 23.0
1 318 664.0 24.0
1 319 711.0 23.0
1 320 746.0 23.0
1 321 746.0 25.0
1 322 748.0 26.0
1 323 774.0 25.0
1 324 810.0 23.0
1 325 843.0 24.0
1 326 869.0 26.0
1 327 48.0 33.0
1 328 54.0 33.0
1 329 130.0 34.0
1 330 136.0 35.0
1 331 145.0 34.0
1 332 674.0 33.0
1 333 687.0 33.0
1 334 683.0 35.0
1 335 714.0 34.0
1 336 716.0 36.0
1 337 729.0 33.0
1 338 749.0 33.0
1 339 746.0 36.0
1 340 776.0 33.0
1 341 774.0 35.0
1 342 816.0 33.0
1 343 810.0 34.0
1 344 812.0 35.0
1 345 810.0 36.0
1 346 816.0 36.0
1 347 869.0 35.0
1 348 1025.0 35.0
1 349 128.0 43.0
1 350 135.0 43.0
1 351 131.0 46.0
1 352 151.0 43.0
1 353 146.0 45.0
1 354 275.0 43.0
1 355 271.0 44.0
1 356 270.0 46.0
1 357 283.0 44.0
1 358 283.0 46.0
1 359 663.0 43.0
1 360 696.0 43.0
1 361 686.0 44.0
1 362 688.0 44.0
1 363 692.0 45.0
1 364 709.0 43.0
1 365 714.0 43.0
1 366 704.0 44.0
1 367 707.0 46.0
1 368 716.0 46.0
1 369 723.0 43.0
1 370 726.0 43.0
1 371 732.0 43.0
1 372 730.0 46.0
1 373 744.0 43.0
1 374 749.0 43.0
1 375 752.0 43.0
1 376 756.0 44.0
1 377 745.0 45.0
1 378 751.0 45.0
1 379 768.0 43.0
1 380 772.0 43.0
1 381 764.0 44.0
1 382 769.0 45.0
1 383 767.0 46.0
1 384 772.0 46.0
1 385 789.0 43.0
1 386 793.0 45.0
1 387 796.0 45.0
1 388 790.0 46.0
1 389 810.0 43.0
1 390 816.0 43.0
1 391 813.0 45.0
1 392 1055.0 46.0
1 393 156.0 56.0
1 394 164.0 56.0
1 395 256.0 56.0
1 396 264.0 54.0
1 397 283.0 54.0
1 398 285.0 56.0
1 399 688.0 53.0
1 400 693.0 53.0
1 401 686.0 54.0
1 402 693.0 56.0
1 403 704.0 53.0
1 404 713.0 53.0
1 405 703.0 56.0
1 406 709.0 56.0
1 407 727.0 56.0
1 408 733.0 56.0
1 409 748.0 55.0
1 410 751.0 56.0
1 411 756.0 56.0
1 412 768.0 53.0
1 413 771.0 55.0
1 414 790.0 54.0
1 415 810.0 53.0
1 416 136.0 65.0
1 417 143.0 65.0
1 418 147.0 66.0
1 419 184.0 63.0
1 420 190.0 63.0
1 421 254.0 64.0
1 422 291.0 63.0
1 423 294.0 66.0
1 424 687.0 64.0
1 425 713.0 63.0
1 426 711.0 66.0
1 427 747.0 63.0
1 428 746.0 65.0
1 429 975.0 66.0
1 430 983.0 66.0
1 431 1027.0 63.0
1 432 136.0 73.0
1 433 132.0 75.0
1 434 154.0 76.0
1 435 163.0 73.0
1 436 203.0 73.0
1 437 209.0 73.0
1 438 256.0 74.0
1 439 249.0 76.0
1 440 252.0 76.0
1 441 254.0 76.0
1 442 275.0 76.0
1 443 295.0 73.0
1 444 283.0 75.0
1 445 304.0 73.0
1 446 511.0 76.0
1 447 514.0 76.0
1 448 525.0 73.0
1 449 714.0 73.0
1 450 714.0 75.0
1 451 728.0 73.0
1 452 750.0 73.0
1 453 746.0 75.0
1 454 983.0 74.0
1 455 194.0 84.0
1 456 189.0 86.0
1 457 265.0 83.0
1 458 274.0 83.0
1 459 276.0 86.0
1 460 296.0 83.0
1 461 283.0 84.0
1 462 303.0 84.0
1 463 305.0 84.0
1 464 308.0 84.0
1 465 307.0 86.0
1 466 693.0 84.0
1 467 688.0 85.0
1 468 711.0 83.0
1 469 714.0 86.0
1 470 746.0 83.0
1 471 752.0 83.0
1 472 755.0 85.0
1 473 749.0 86.0
1 474 51.0 95.0
1 475 193.0 95.0
1 476 195.0 95.0
1 477 268.0 93.0
1 478 294.0 96.0
1 479 313.0 93.0
1 480 306.0 94.0
1 481 310.0 95.0
1 482 303.0 96.0
1 483 689.0 96.0
1 484 693.0 96.0
1 485 730.0 96.0
1 486 732.0 96.0
1 487 751.0 95.0
1 488 746.0 96.0
1 489 776.0 95.0
1 490 815.0 93.0
1 491 288.0 103.0
1 492 310.0 104.0
1 493 314.0 105.0
1 494 316.0 105.0
1 495 309.0 106.0
1 496 556.0 103.0
1 497 544.0 104.0
1 498 555.0 106.0
1 499 563.0 103.0
1 500 566.0 105.0
1 501 748.0 104.0
1 502 953.0 105.0
1 503 1055.0 104.0
1 504 54.0 113.0
1 505 71.0 113.0
1 506 74.0 114.0
1 507 75.0 116.0
1 508 136.0 116.0
1 509 253.0 113.0
1 510 315.0 113.0
1 511 554.0 116.0
1 512 692.0 115.0
1 513 712.0 113.0
1 514 716.0 114.0
1 515 712.0 115.0
1 516 834.0 113.0
1 517 836.0 113.0
1 518 173.0 123.0
1 519 235.0 123.0
1 520 248.0 123.0
1 521 274.0 124.0
1 522 265.0 126.0
1 523 316.0 124.0
1 524 703.0 123.0
1 525 236.0 133.0
1 526 234.0 136.0
1 527 236.0 136.0
1 528 248.0 135.0
1 529 268.0 134.0
1 530 287.0 136.0
1 531 687.0 134.0
1 532 695.0 134.0
1 533 714.0 136.0
1 534 727.0 135.0
1 535 723.0 136.0
1 536 765.0 134.0
1 537 770.0 135.0
1 538 775.0 136.0
1 539 247.0 143.0
1 540 250.0 145.0
1 541 689.0 144.0
1 542 692.0 144.0
1 543 695.0 146.0
1 544 713.0 144.0
1 545 705.0 146.0
1 546 724.0 143.0
1 547 770.0 144.0
1 548 767.0 145.0
1 549 970.0 143.0
1 550 975.0 143.0
1 551 255.0 153.0
1 552 244.0 156.0
1 553 254.0 156.0
1 554 269.0 156.0
1 555 364.0 153.0
1 556 366.0 154.0
1 557 364.0 155.0
1 558 443.0 155.0
1 559 567.0 153.0
1 560 563.0 154.0
1 561 690.0 154.0
1 562 711.0 155.0
1 563 815.0 156.0
1 564 826.0 154.0
1 565 972.0 153.0
1 566 249.0 164.0
1 567 252.0 166.0
1 568 356.0 163.0
1 569 356.0 166.0
1 570 474.0 163.0
1 571 471.0 165.0
1 572 569.0 166.0
1 573 967.0 166.0
1 574 1149.0 163.0
1 575 249.0 174.0
1 576 253.0 176.0
1 577 253.0 185.0
1 578 663.0 186.0
1 579 669.0 186.0
1 580 696.0 186.0
1 581 72.0 196.0
1 582 306.0 193.0
1 583 306.0 195.0
1 584 310.0 195.0
1 585 463.0 195.0
1 586 535.0 196.0
1 587 547.0 194.0
1 588 553.0 195.0
1 589 569.0 195.0
1 590 567.0 196.0
1 591 572.0 196.0
1 592 666.0 193.0
1 593 673.0 193.0
1 594 74.0 205.0
1 595 443.0 204.0
1 596 465.0 203.0
1 597 466.0 206.0
1 598 556.0 206.0
1 599 653.0 203.0
1 600 656.0 203.0
1 601 752.0 206.0
1 602 147.0 216.0
1 603 168.0 216.0
1 604 545.0 215.0
1 605 615.0 214.0
1 606 631.0 214.0
1 607 654.0 213.0
1 608 644.0 214.0
1 609 686.0 214.0
1 610 253.0 224.0
1 611 269.0 226.0
1 612 336.0 224.0
1 613 323.0 225.0
1 614 454.0 223.0
1 615 455.0 225.0
1 616 465.0 224.0
1 617 515.0 226.0
1 618 531.0 226.0
1 619 676.0 226.0
1 620 683.0 224.0
1 621 686.0 224.0
1 622 690.0 226.0
1 623 711.0 225.0
1 624 755.0 225.0
1 625 855.0 225.0
1 626 1034.0 223.0
1 627 256.0 234.0
1 628 527.0 235.0
1 629 855.0 233.0
1 630 867.0 236.0
1 631 892.0 235.0
1 632 1006.0 234.0
1 633 313.0 243.0
1 634 333.0 245.0
1 635 530.0 244.0
1 636 694.0 243.0
1 637 714.0 243.0
1 638 776.0 246.0
1 639 856.0 246.0
1 640 209.0 256.0
1 641 211.0 256.0
1 642 292.0 254.0
1 643 312.0 253.0
1 644 636.0 255.0
1 645 655.0 256.0
1 646 671.0 253.0
1 647 668.0 255.0
1 648 148.0 263.0
1 649 211.0 266.0
1 650 235.0 266.0
1 651 244.0 266.0
1 652 296.0 264.0
1 653 634.0 263.0
1 654 694.0 263.0
1 655 813.0 266.0
1 656 816.0 266.0
1 657 903.0 266.0
1 658 174.0 275.0
1 659 187.0 274.0
1 660 191.0 274.0
1 661 196.0 274.0
1 662 194.0 276.0
1 663 247.0 273.0
1 664 308.0 274.0
1 665 670.0 274.0
1 666 704.0 275.0
1 667 730.0 274.0
1 668 115.0 283.0
1 669 156.0 285.0
1 670 1066.0 293.0
1 671 593.0 304.0
1 672 466.0 313.0
2 673 945.0 3.0
2 674 943.0 4.0
2 675 674.0 14.0
2 676 665.0 15.0
2 677 667.0 16.0
2 678 684.0 14.0
2 679 713.0 14.0
2 680 748.0 13.0
2 681 813.0 16.0
2 682 674.0 23.0
2 683 663.0 24.0
2 684 665.0 26.0
2 685 683.0 26.0
2 686 685.0 26.0
2 687 712.0 23.0
2 688 715.0 25.0
2 689 711.0 26.0
2 690 713.0 26.0
2 691 751.0 24.0
2 692 776.0 26.0
2 693 783.0 26.0
2 694 813.0 25.0
2 695 843.0 24.0
2 696 846.0 26.0
2 697 872.0 24.0
2 698 905.0 23.0
2 699 1090.0 25.0
2 700 268.0 36.0
2 701 312.0 34.0
2 702 687.0 34.0
2 703 686.0 36.0
2 704 712.0 34.0
2 705 716.0 36.0
2 706 748.0 33.0
2 707 747.0 36.0
2 708 783.0 34.0
2 709 813.0 34.0
2 710 811.0 36.0
2 711 824.0 36.0
2 712 829.0 36.0
2 713 834.0 36.0
2 714 866.0 34.0
2 715 863.0 36.0
2 716 1089.0 36.0
2 717 263.0 43.0
2 718 275.0 43.0
2 719 665.0 43.0
2 720 665.0 46.0
2 721 689.0 43.0
2 722 694.0 43.0
2 723 686.0 44.0
2 724 693.0 45.0
2 725 688.0 46.0
2 726 708.0 43.0
2 727 703.0 45.0
2 728 708.0 45.0
2 729 710.0 45.0
2 730 725.0 46.0
2 731 728.0 46.0
2 732 733.0 46.0
2 733 748.0 43.0
2 734 746.0 45.0
2 735 769.0 43.0
2 736 775.0 43.0
2 737 763.0 45.0
2 738 771.0 45.0
2 739 787.0 43.0
2 740 790.0 45.0
2 741 795.0 45.0
2 742 816.0 43.0
2 743 811.0 44.0
2 744 823.0 43.0
2 745 951.0 43.0
2 746 250.0 54.0
2 747 251.0 56.0
2 748 253.0 56.0
2 749 256.0 56.0
2 750 275.0 53.0
2 751 276.0 56.0
2 752 694.0 55.0
2 753 704.0 54.0
2 754 712.0 56.0
2 755 734.0 53.0
2 756 724.0 54.0
2 757 728.0 54.0
2 758 751.0 53.0
2 759 753.0 55.0
2 760 748.0 56.0
2 761 773.0 53.0
2 762 763.0 56.0
2 763 770.0 56.0
2 764 784.0 54.0
2 765 796.0 55.0
2 766 784.0 56.0
2 767 875.0 56.0
2 768 1006.0 54.0
2 769 1046.0 56.0
2 770 1050.0 56.0
2 771 123.0 63.0
2 772 163.0 63.0
2 773 252.0 63.0
2 774 247.0 65.0
2 775 250.0 65.0
2 776 287.0 63.0
2 777 289.0 65.0
2 778 683.0 65.0
2 779 712.0 64.0
2 780 715.0 66.0
2 781 749.0 65.0
2 782 154.0 74.0
2 783 244.0 73.0
2 784 247.0 74.0
2 785 243.0 75.0
2 786 252.0 76.0
2 787 275.0 73.0
2 788 287.0 75.0
2 789 688.0 75.0
2 790 712.0 75.0
2 791 736.0 76.0
2 792 751.0 76.0
2 793 987.0 73.0
2 794 123.0 85.0
2 795 267.0 83.0
2 796 689.0 83.0
2 797 688.0 85.0
2 798 715.0 84.0
2 799 751.0 85.0
2 800 263.0 94.0
2 801 288.0 95.0
2 802 683.0 95.0
2 803 690.0 95.0
2 804 693.0 95.0
2 805 713.0 95.0
2 806 723.0 94.0
2 807 728.0 94.0
2 808 731.0 94.0
2 809 734.0 95.0
2 810 754.0 94.0
2 811 752.0 96.0
2 812 536.0 103.0
2 813 554.0 104.0
2 814 552.0 106.0
2 815 564.0 103.0
2 816 685.0 103.0
2 817 823.0 103.0
2 818 684.0 113.0
2 819 693.0 113.0
2 820 710.0 115.0
2 821 716.0 115.0
2 822 729.0 113.0
2 823 732.0 115.0
2 824 1031.0 114.0
2 825 233.0 125.0
2 826 224.0 126.0
2 827 236.0 126.0
2 828 247.0 123.0
2 829 476.0 123.0
2 830 684.0 124.0
2 831 694.0 125.0
2 832 696.0 126.0
2 833 216.0 136.0
2 834 230.0 133.0
2 835 563.0 134.0
2 836 692.0 133.0
2 837 696.0 133.0
2 838 686.0 134.0
2 839 685.0 136.0
2 840 716.0 133.0
2 841 725.0 135.0
2 842 770.0 133.0
2 843 776.0 133.0
2 844 776.0 135.0
2 845 766.0 136.0
2 846 772.0 136.0
2 847 783.0 133.0
2 848 785.0 133.0
2 849 784.0 136.0
2 850 1016.0 136.0
2 851 231.0 143.0
2 852 223.0 146.0
2 853 228.0 146.0
2 854 550.0 145.0
2 855 693.0 143.0
2 856 690.0 144.0
2 857 696.0 145.0
2 858 703.0 143.0
2 859 706.0 143.0
2 860 714.0 143.0
2 861 716.0 143.0
2 862 706.0 146.0
2 863 710.0 146.0
2 864 712.0 146.0
2 865 731.0 143.0
2 866 767.0 143.0
2 867 956.0 146.0
2 868 991.0 143.0
2 869 993.0 143.0
2 870 236.0 154.0
2 871 225.0 156.0
2 872 227.0 156.0
2 873 229.0 156.0
2 874 252.0 155.0
2 875 436.0 156.0
2 876 552.0 154.0
2 877 566.0 155.0
2 878 568.0 156.0
2 879 691.0 154.0
2 880 712.0 155.0
2 881 827.0 153.0
2 882 828.0 155.0
2 883 823.0 156.0
2 884 994.0 153.0
2 885 556.0 166.0
2 886 568.0 166.0
2 887 987.0 165.0
2 888 465.0 186.0
2 889 633.0 184.0
2 890 628.0 186.0
2 891 671.0 186.0
2 892 868.0 186.0
2 893 114.0 195.0
2 894 269.0 196.0
2 895 305.0 196.0
2 896 455.0 193.0
2 897 532.0 196.0
2 898 556.0 193.0
2 899 544.0 195.0
2 900 550.0 196.0
2 901 568.0 195.0
2 902 566.0 196.0
2 903 668.0 193.0
2 904 675.0 193.0
2 905 683.0 196.0
2 906 291.0 204.0
2 907 283.0 205.0
2 908 308.0 206.0
2 909 423.0 205.0
2 910 430.0 205.0
2 911 449.0 204.0
2 912 470.0 203.0
2 913 512.0 203.0
2 914 554.0 206.0
2 915 691.0 203.0
2 916 515.0 213.0
2 917 509.0 214.0
2 918 524.0 214.0
2 919 526.0 215.0
2 920 543.0 213.0
2 921 544.0 215.0
2 922 556.0 215.0
2 923 595.0 216.0
2 924 652.0 214.0
2 925 656.0 215.0
2 926 671.0 213.0
2 927 663.0 216.0
2 928 696.0 214.0
2 929 736.0 215.0
2 930 772.0 216.0
2 931 873.0 213.0
2 932 207.0 223.0
2 933 323.0 226.0
2 934 463.0 223.0
2 935 496.0 223.0
2 936 489.0 225.0
2 937 494.0 225.0
2 938 496.0 225.0
2 939 504.0 225.0
2 940 512.0 225.0
2 941 516.0 225.0
2 942 534.0 223.0
2 943 532.0 226.0
2 944 696.0 225.0
2 945 771.0 223.0
2 946 853.0 223.0
2 947 1084.0 225.0
2 948 232.0 233.0
2 949 276.0 235.0
2 950 475.0 234.0
2 951 475.0 236.0
2 952 1044.0 236.0
2 953 246.0 243.0
2 954 326.0 243.0
2 955 323.0 245.0
2 956 330.0 245.0
2 957 333.0 246.0
2 958 434.0 246.0
2 959 813.0 245.0
2 960 896.0 243.0
2 961 272.0 256.0
2 962 324.0 255.0
2 963 451.0 253.0
2 964 804.0 256.0
2 965 886.0 254.0
2 966 884.0 255.0
2 967 970.0 256.0
2 968 170.0 266.0
2 969 255.0 263.0
2 970 250.0 265.0
2 971 273.0 264.0
2 972 127.0 276.0
2 973 205.0 274.0
2 974 206.0 276.0
2 975 250.0 276.0
2 976 265.0 273.0
2 977 627.0 276.0
2 978 646.0 274.0
2 979 776.0 274.0
2 980 806.0 276.0
2 981 836.0 276.0
2 982 1124.0 273.0
2 983 132.0 285.0
2 984 307.0 285.0
2 985 571.0 284.0
2 986 586.0 284.0
2 987 483.0 293.0
2 988 446.0 305.0
3 989 848.0 6.0
3 990 1128.0 5.0
3 991 667.0 13.0
3 992 675.0 15.0
3 993 665.0 16.0
3 994 683.0 14.0
3 995 683.0 16.0
3 996 750.0 13.0
3 997 816.0 15.0
3 998 847.0 15.0
3 999 892.0 13.0
3 1000 665.0 23.0
3 1001 668.0 23.0
3 1002 671.0 24.0
3 1003 665.0 25.0
3 1004 671.0 26.0
3 1005 675.0 26.0
3 1006 684.0 23.0
3 1007 686.0 23.0
3 1008 683.0 26.0
3 1009 688.0 26.0
3 1010 713.0 23.0
3 1011 713.0 25.0
3 1012 750.0 24.0
3 1013 753.0 26.0
3 1014 783.0 25.0
3 1015 785.0 26.0
3 1016 805.0 25.0
3 1017 816.0 25.0
3 1018 835.0 24.0
3 1019 850.0 23.0
3 1020 844.0 24.0
3 1021 845.0 26.0
3 1022 884.0 23.0
3 1023 1128.0 25.0
3 1024 96.0 35.0
3 1025 669.0 34.0
3 1026 666.0 35.0
3 1027 664.0 36.0
3 1028 695.0 33.0
3 1029 685.0 34.0
3 1030 688.0 34.0
3 1031 713.0 34.0
3 1032 716.0 36.0
3 1033 726.0 36.0
3 1034 729.0 36.0
3 1035 736.0 36.0
3 1036 750.0 34.0
3 1037 744.0 35.0
3 1038 748.0 36.0
3 1039 754.0 36.0
3 1040 763.0 36.0
3 1041 766.0 36.0
3 1042 772.0 36.0
3 1043 786.0 33.0
3 1044 788.0 34.0
3 1045 784.0 35.0
3 1046 792.0 35.0
3 1047 796.0 35.0
3 1048 787.0 36.0
3 1049 814.0 34.0
3 1050 803.0 36.0
3 1051 828.0 34.0
3 1052 823.0 35.0
3 1053 1033.0 35.0
3 1054 1128.0 35.0
3 1055 113.0 44.0
3 1056 123.0 46.0
3 1057 665.0 44.0
3 1058 689.0 43.0
3 1059 695.0 45.0
3 1060 690.0 46.0
3 1061 709.0 43.0
3 1062 713.0 45.0
3 1063 716.0 46.0
3 1064 727.0 43.0
3 1065 730.0 43.0
3 1066 735.0 43.0
3 1067 724.0 44.0
3 1068 755.0 44.0
3 1069 749.0 46.0
3 1070 766.0 43.0
3 1071 773.0 43.0
3 1072 763.0 46.0
3 1073 786.0 44.0
3 1074 815.0 46.0
3 1075 823.0 43.0
3 1076 1031.0 46.0
3 1077 110.0 55.0
3 1078 689.0 53.0
3 1079 687.0 54.0
3 1080 713.0 54.0
3 1081 750.0 55.0
3 1082 753.0 56.0
3 1083 773.0 53.0
3 1084 766.0 54.0
3 1085 786.0 53.0
3 1086 783.0 55.0
3 1087 789.0 55.0
3 1088 1031.0 53.0
3 1089 106.0 64.0
3 1090 104.0 65.0
3 1091 513.0 63.0
3 1092 513.0 65.0
3 1093 684.0 63.0
3 1094 710.0 64.0
3 1095 704.0 66.0
3 1096 751.0 63.0
3 1097 748.0 65.0
3 1098 750.0 65.0
3 1099 765.0 66.0
3 1100 784.0 66.0
3 1101 789.0 66.0
3 1102 796.0 66.0
3 1103 973.0 66.0
3 1104 1011.0 66.0
3 1105 1030.0 63.0
3 1106 114.0 74.0
3 1107 212.0 76.0
3 1108 234.0 73.0
3 1109 230.0 76.0
3 1110 245.0 75.0
3 1111 685.0 76.0
3 1112 714.0 73.0
3 1113 753.0 74.0
3 1114 784.0 74.0
3 1115 805.0 73.0
3 1116 207.0 83.0
3 1117 233.0 83.0
3 1118 235.0 83.0
3 1119 689.0 83.0
3 1120 685.0 86.0
3 1121 691.0 86.0
3 1122 714.0 85.0
3 1123 754.0 83.0
3 1124 751.0 84.0
3 1125 828.0 86.0
3 1126 831.0 86.0
3 1127 472.0 96.0
3 1128 549.0 96.0
3 1129 691.0 93.0
3 1130 695.0 93.0
3 1131 715.0 93.0
3 1132 716.0 95.0
3 1133 733.0 93.0
3 1134 736.0 93.0
3 1135 754.0 94.0
3 1136 994.0 96.0
3 1137 555.0 103.0
3 1138 550.0 104.0
3 1139 686.0 103.0
3 1140 689.0 103.0
3 1141 694.0 106.0
3 1142 724.0 106.0
3 1143 831.0 106.0
3 1144 855.0 106.0
3 1145 550.0 115.0
3 1146 683.0 113.0
3 1147 694.0 113.0
3 1148 711.0 114.0
3 1149 1187.0 114.0
3 1150 213.0 123.0
3 1151 203.0 124.0
3 1152 216.0 125.0
3 1153 570.0 126.0
3 1154 685.0 123.0
3 1155 687.0 126.0
3 1156 696.0 126.0
3 1157 715.0 123.0
3 1158 835.0 123.0
3 1159 845.0 126.0
3 1160 209.0 136.0
3 1161 690.0 133.0
3 1162 694.0 133.0
3 1163 694.0 136.0
3 1164 703.0 133.0
3 1165 716.0 134.0
3 1166 729.0 136.0
3 1167 772.0 133.0
3 1168 771.0 135.0
3 1169 776.0 136.0
3 1170 190.0 146.0
3 1171 210.0 145.0
3 1172 216.0 146.0
3 1173 548.0 144.0
3 1174 548.0 146.0
3 1175 703.0 143.0
3 1176 708.0 145.0
3 1177 192.0 154.0
3 1178 208.0 153.0
3 1179 216.0 154.0
3 1180 208.0 155.0
3 1181 205.0 156.0
3 1182 552.0 154.0
3 1183 568.0 156.0
3 1184 714.0 154.0
3 1185 833.0 153.0
3 1186 836.0 153.0
3 1187 847.0 153.0
3 1188 851.0 156.0
3 1189 995.0 156.0
3 1190 414.0 163.0
3 1191 463.0 166.0
3 1192 566.0 165.0
3 1193 945.0 166.0
3 1194 1009.0 164.0
3 1195 1015.0 166.0
3 1196 72.0 183.0
3 1197 185.0 186.0
3 1198 564.0 186.0
3 1199 629.0 183.0
3 1200 633.0 184.0
3 1201 672.0 186.0
3 1202 65.0 196.0
3 1203 173.0 194.0
3 1204 287.0 196.0
3 1205 291.0 196.0
3 1206 408.0 195.0
3 1207 411.0 196.0
3 1208 424.0 195.0
3 1209 453.0 193.0
3 1210 456.0 196.0
3 1211 529.0 196.0
3 1212 556.0 193.0
3 1213 549.0 196.0
3 1214 563.0 196.0
3 1215 676.0 193.0
3 1216 673.0 194.0
3 1217 283.0 205.0
3 1218 415.0 206.0
3 1219 432.0 206.0
3 1220 443.0 205.0
3 1221 453.0 205.0
3 1222 455.0 205.0
3 1223 555.0 204.0
3 1224 684.0 206.0
3 1225 212.0 214.0
3 1226 472.0 216.0
3 1227 515.0 216.0
3 1228 533.0 214.0
3 1229 545.0 213.0
3 1230 652.0 215.0
3 1231 674.0 214.0
3 1232 670.0 215.0
3 1233 684.0 214.0
3 1234 705.0 214.0
3 1235 711.0 214.0
3 1236 724.0 213.0
3 1237 727.0 213.0
3 1238 743.0 216.0
3 1239 786.0 214.0
3 1240 783.0 216.0
3 1241 788.0 216.0
3 1242 234.0 223.0
3 1243 267.0 225.0
3 1244 286.0 226.0
3 1245 454.0 226.0
3 1246 485.0 226.0
3 1247 489.0 226.0
3 1248 491.0 226.0
3 1249 514.0 225.0
3 1250 508.0 226.0
3 1251 533.0 224.0
3 1252 529.0 226.0
3 1253 423.0 236.0
3 1254 468.0 235.0
3 1255 712.0 234.0
3 1256 175.0 245.0
3 1257 185.0 244.0
3 1258 187.0 246.0
3 1259 407.0 243.0
3 1260 514.0 245.0
3 1261 688.0 243.0
3 1262 276.0 256.0
3 1263 547.0 256.0
3 1264 253.0 266.0
3 1265 267.0 263.0
3 1266 310.0 266.0
3 1267 192.0 276.0
3 1268 154.0 284.0
3 1269 225.0 284.0
3 1270 656.0 286.0
3 1271 243.0 294.0
3 1272 264.0 296.0
3 1273 516.0 303.0
3 1274 516.0 306.0
3 1275 563.0 303.0
4 1276 753.0 6.0
4 1277 676.0 16.0
4 1278 685.0 14.0
4 1279 685.0 16.0
4 1280 715.0 14.0
4 1281 753.0 15.0
4 1282 784.0 14.0
4 1283 787.0 16.0
4 1284 851.0 13.0
4 1285 676.0 24.0
4 1286 684.0 23.0
4 1287 690.0 23.0
4 1288 685.0 25.0
4 1289 687.0 25.0
4 1290 783.0 26.0
4 1291 823.0 26.0
4 1292 827.0 26.0
4 1293 850.0 23.0
4 1294 945.0 25.0
4 1295 665.0 33.0
4 1296 670.0 33.0
4 1297 689.0 35.0
4 1298 683.0 36.0
4 1299 692.0 36.0
4 1300 707.0 35.0
4 1301 713.0 35.0
4 1302 716.0 36.0
4 1303 724.0 33.0
4 1304 728.0 34.0
4 1305 732.0 34.0
4 1306 723.0 35.0
4 1307 744.0 33.0
4 1308 750.0 33.0
4 1309 756.0 34.0
4 1310 745.0 35.0
4 1311 752.0 36.0
4 1312 765.0 33.0
4 1313 769.0 33.0
4 1314 775.0 33.0
4 1315 766.0 35.0
4 1316 775.0 35.0
4 1317 772.0 36.0
4 1318 787.0 33.0
4 1319 790.0 33.0
4 1320 796.0 33.0
4 1321 795.0 35.0
4 1322 805.0 33.0
4 1323 813.0 33.0
4 1324 806.0 36.0
4 1325 824.0 33.0
4 1326 827.0 33.0
4 1327 830.0 33.0
4 1328 832.0 33.0
4 1329 836.0 33.0
4 1330 691.0 44.0
4 1331 689.0 46.0
4 1332 703.0 44.0
4 1333 708.0 45.0
4 1334 733.0 44.0
4 1335 727.0 46.0
4 1336 735.0 46.0
4 1337 766.0 44.0
4 1338 776.0 45.0
4 1339 803.0 43.0
4 1340 910.0 43.0
4 1341 1047.0 46.0
4 1342 1063.0 43.0
4 1343 511.0 55.0
4 1344 687.0 56.0
4 1345 690.0 56.0
4 1346 755.0 55.0
4 1347 763.0 55.0
4 1348 792.0 53.0
4 1349 787.0 55.0
4 1350 803.0 56.0
4 1351 995.0 54.0
4 1352 1063.0 53.0
4 1353 484.0 66.0
4 1354 507.0 63.0
4 1355 689.0 65.0
4 1356 706.0 63.0
4 1357 716.0 63.0
4 1358 706.0 66.0
4 1359 713.0 66.0
4 1360 725.0 65.0
4 1361 731.0 65.0
4 1362 751.0 63.0
4 1363 754.0 64.0
4 1364 756.0 65.0
4 1365 763.0 64.0
4 1366 765.0 64.0
4 1367 769.0 65.0
4 1368 776.0 65.0
4 1369 792.0 63.0
4 1370 787.0 64.0
4 1371 985.0 64.0
4 1372 188.0 73.0
4 1373 196.0 74.0
4 1374 186.0 75.0
4 1375 688.0 74.0
4 1376 691.0 76.0
4 1377 716.0 76.0
4 1378 785.0 75.0
4 1379 864.0 74.0
4 1380 686.0 84.0
4 1381 753.0 83.0
4 1382 836.0 84.0
4 1383 547.0 94.0
4 1384 550.0 96.0
4 1385 556.0 96.0
4 1386 694.0 93.0
4 1387 690.0 96.0
4 1388 764.0 94.0
4 1389 534.0 103.0
4 1390 689.0 104.0
4 1391 694.0 105.0
4 1392 716.0 105.0
4 1393 705.0 106.0
4 1394 712.0 106.0
4 1395 723.0 104.0
4 1396 726.0 105.0
4 1397 856.0 106.0
4 1398 864.0 104.0
4 1399 1136.0 106.0
4 1400 166.0 114.0
4 1401 686.0 115.0
4 1402 711.0 114.0
4 1403 848.0 115.0
4 1404 873.0 114.0
4 1405 194.0 123.0
4 1406 190.0 124.0
4 1407 187.0 125.0
4 1408 696.0 123.0
4 1409 688.0 125.0
4 1410 708.0 125.0
4 1411 854.0 126.0
4 1412 1069.0 125.0
4 1413 187.0 134.0
4 1414 692.0 133.0
4 1415 703.0 136.0
4 1416 730.0 136.0
4 1417 1053.0 134.0
4 1418 1046.0 136.0
4 1419 1135.0 136.0
4 1420 176.0 144.0
4 1421 186.0 143.0
4 1422 189.0 143.0
4 1423 194.0 145.0
4 1424 1056.0 146.0
4 1425 175.0 153.0
4 1426 195.0 153.0
4 1427 211.0 153.0
4 1428 411.0 153.0
4 1429 415.0 153.0
4 1430 415.0 156.0
4 1431 426.0 155.0
4 1432 566.0 156.0
4 1433 568.0 156.0
4 1434 716.0 154.0
4 1435 703.0 156.0
4 1436 565.0 165.0
4 1437 1034.0 164.0
4 1438 1049.0 163.0
4 1439 1044.0 166.0
4 1440 56.0 183.0
4 1441 54.0 186.0
4 1442 675.0 186.0
4 1443 116.0 194.0
4 1444 383.0 195.0
4 1445 405.0 196.0
4 1446 533.0 196.0
4 1447 554.0 193.0
4 1448 570.0 193.0
4 1449 563.0 196.0
4 1450 591.0 195.0
4 1451 669.0 193.0
4 1452 672.0 194.0
4 1453 663.0 196.0
4 1454 167.0 205.0
4 1455 212.0 204.0
4 1456 370.0 205.0
4 1457 386.0 203.0
4 1458 384.0 206.0
4 1459 424.0 204.0
4 1460 532.0 206.0
4 1461 553.0 205.0
4 1462 432.0 215.0
4 1463 523.0 214.0
4 1464 545.0 213.0
4 1465 543.0 214.0
4 1466 684.0 214.0
4 1467 709.0 216.0
4 1468 105.0 223.0
4 1469 107.0 225.0
4 1470 545.0 224.0
4 1471 787.0 224.0
4 1472 126.0 235.0
4 1473 288.0 234.0
4 1474 483.0 234.0
4 1475 504.0 235.0
4 1476 528.0 243.0
4 1477 524.0 246.0
4 1478 549.0 246.0
4 1479 506.0 266.0
4 1480 205.0 273.0
4 1481 510.0 273.0
4 1482 1065.0 275.0
4 1483 489.0 286.0
4 1484 716.0 283.0
4 1485 626.0 294.0
4 1486 866.0 305.0
4 1487 871.0 305.0
4 1488 214.0 315.0
5 1489 755.0 6.0
5 1490 856.0 6.0
5 1491 685.0 13.0
5 1492 686.0 16.0
5 1493 688.0 16.0
5 1494 716.0 16.0
5 1495 755.0 13.0
5 1496 786.0 14.0
5 1497 825.0 16.0
5 1498 854.0 15.0
5 1499 856.0 15.0
5 1500 691.0 25.0
5 1501 723.0 26.0
5 1502 755.0 24.0
5 1503 755.0 26.0
5 1504 764.0 24.0
5 1505 831.0 23.0
5 1506 667.0 35.0
5 1507 690.0 33.0
5 1508 693.0 34.0
5 1509 690.0 35.0
5 1510 693.0 36.0
5 1511 703.0 33.0
5 1512 708.0 33.0
5 1513 713.0 35.0
5 1514 708.0 36.0
5 1515 715.0 36.0
5 1516 725.0 33.0
5 1517 723.0 34.0
5 1518 727.0 36.0
5 1519 755.0 34.0
5 1520 744.0 36.0
5 1521 746.0 36.0
5 1522 753.0 36.0
5 1523 775.0 34.0
5 1524 765.0 35.0
5 1525 771.0 36.0
5 1526 791.0 34.0
5 1527 796.0 34.0
5 1528 783.0 35.0
5 1529 790.0 36.0
5 1530 806.0 33.0
5 1531 809.0 34.0
5 1532 804.0 36.0
5 1533 828.0 34.0
5 1534 833.0 34.0
5 1535 836.0 35.0
5 1536 823.0 36.0
5 1537 931.0 34.0
5 1538 975.0 36.0
5 1539 1004.0 34.0
5 1540 710.0 43.0
5 1541 706.0 44.0
5 1542 708.0 45.0
5 1543 703.0 46.0
5 1544 735.0 46.0
5 1545 768.0 45.0
5 1546 772.0 45.0
5 1547 790.0 43.0
5 1548 795.0 44.0
5 1549 783.0 45.0
5 1550 790.0 45.0
5 1551 793.0 46.0
5 1552 803.0 43.0
5 1553 806.0 46.0
5 1554 1096.0 44.0
5 1555 65.0 56.0
5 1556 691.0 54.0
5 1557 687.0 56.0
5 1558 756.0 53.0
5 1559 755.0 55.0
5 1560 764.0 53.0
5 1561 790.0 53.0
5 1562 803.0 53.0
5 1563 807.0 53.0
5 1564 809.0 53.0
5 1565 1008.0 56.0
5 1566 1067.0 53.0
5 1567 690.0 63.0
5 1568 715.0 63.0
5 1569 708.0 64.0
5 1570 710.0 65.0
5 1571 726.0 63.0
5 1572 733.0 63.0
5 1573 728.0 64.0
5 1574 723.0 66.0
5 1575 756.0 63.0
5 1576 765.0 63.0
5 1577 772.0 63.0
5 1578 768.0 66.0
5 1579 785.0 63.0
5 1580 794.0 65.0
5 1581 788.0 66.0
5 1582 692.0 74.0
5 1583 716.0 74.0
5 1584 716.0 76.0
5 1585 724.0 76.0
5 1586 756.0 75.0
5 1587 788.0 74.0
5 1588 792.0 75.0
5 1589 796.0 76.0
5 1590 1033.0 74.0
5 1591 794.0 85.0
5 1592 796.0 86.0
5 1593 848.0 85.0
5 1594 1048.0 85.0
5 1595 545.0 93.0
5 1596 548.0 96.0
5 1597 769.0 94.0
5 1598 791.0 96.0
5 1599 848.0 93.0
5 1600 896.0 95.0
5 1601 546.0 103.0
5 1602 695.0 103.0
5 1603 690.0 104.0
5 1604 692.0 106.0
5 1605 696.0 106.0
5 1606 707.0 104.0
5 1607 716.0 104.0
5 1608 705.0 105.0
5 1609 728.0 103.0
5 1610 727.0 105.0
5 1611 771.0 106.0
5 1612 868.0 103.0
5 1613 708.0 116.0
5 1614 709.0 124.0
5 1615 723.0 126.0
5 1616 863.0 124.0
5 1617 1054.0 126.0
5 1618 1103.0 126.0
5 1619 129.0 136.0
5 1620 704.0 135.0
5 1621 1048.0 135.0
5 1622 1067.0 133.0
5 1623 1067.0 135.0
5 1624 1071.0 135.0
5 1625 1075.0 135.0
5 1626 1086.0 133.0
5 1627 1087.0 135.0
5 1628 1126.0 133.0
5 1629 134.0 143.0
5 1630 130.0 144.0
5 1631 127.0 145.0
5 1632 150.0 143.0
5 1633 170.0 143.0
5 1634 173.0 143.0
5 1635 170.0 145.0
5 1636 326.0 144.0
5 1637 332.0 145.0
5 1638 556.0 145.0
5 1639 711.0 143.0
5 1640 705.0 144.0
5 1641 1068.0 145.0
5 1642 1072.0 146.0
5 1643 172.0 153.0
5 1644 163.0 154.0
5 1645 406.0 153.0
5 1646 410.0 153.0
5 1647 410.0 155.0
5 1648 705.0 156.0
5 1649 846.0 153.0
5 1650 870.0 155.0
5 1651 1048.0 154.0
5 1652 1048.0 156.0
5 1653 1063.0 153.0
5 1654 1073.0 153.0
5 1655 1069.0 155.0
5 1656 1090.0 153.0
5 1657 1149.0 156.0
5 1658 333.0 165.0
5 1659 325.0 166.0
5 1660 554.0 163.0
5 1661 564.0 165.0
5 1662 1069.0 163.0
5 1663 1063.0 164.0
5 1664 1073.0 166.0
5 1665 325.0 173.0
5 1666 335.0 174.0
5 1667 54.0 184.0
5 1668 56.0 185.0
5 1669 65.0 186.0
5 1670 625.0 183.0
5 1671 629.0 183.0
5 1672 925.0 185.0
5 1673 344.0 196.0
5 1674 569.0 193.0
5 1675 671.0 194.0
5 1676 674.0 195.0
5 1677 683.0 195.0
5 1678 56.0 203.0
5 1679 334.0 206.0
5 1680 352.0 204.0
5 1681 343.0 206.0
5 1682 345.0 206.0
5 1683 356.0 206.0
5 1684 363.0 206.0
5 1685 367.0 206.0
5 1686 513.0 204.0
5 1687 535.0 205.0
5 1688 554.0 203.0
5 1689 551.0 206.0
5 1690 174.0 216.0
5 1691 508.0 214.0
5 1692 543.0 213.0
5 1693 726.0 214.0
5 1694 730.0 214.0
5 1695 106.0 225.0
5 1696 189.0 226.0
5 1697 347.0 223.0
5 1698 546.0 223.0
5 1699 543.0 226.0
5 1700 574.0 223.0
5 1701 604.0 225.0
5 1702 269.0 236.0
5 1703 432.0 234.0
5 1704 194.0 244.0
5 1705 349.0 245.0
5 1706 509.0 245.0
5 1707 613.0 243.0
5 1708 667.0 245.0
5 1709 683.0 244.0
5 1710 230.0 253.0
5 1711 516.0 254.0
5 1712 208.0 265.0
5 1713 505.0 266.0
5 1714 1030.0 263.0
5 1715 496.0 276.0
5 1716 650.0 274.0
5 1717 488.0 284.0
5 1718 490.0 284.0
5 1719 491.0 296.0
5 1720 731.0 295.0
5 1721 468.0 306.0
5 1722 903.0 313.0
5 1723 1070.0 323.0
6 1724 706.0 25.0
6 1725 793.0 26.0
6 1726 846.0 25.0
6 1727 695.0 36.0
6 1728 709.0 34.0
6 1729 714.0 35.0
6 1730 707.0 36.0
6 1731 730.0 36.0
6 1732 734.0 36.0
6 1733 756.0 34.0
6 1734 755.0 36.0
6 1735 775.0 35.0
6 1736 763.0 36.0
6 1737 787.0 33.0
6 1738 783.0 34.0
6 1739 786.0 35.0
6 1740 793.0 35.0
6 1741 795.0 36.0
6 1742 808.0 34.0
6 1743 827.0 33.0
6 1744 836.0 35.0
6 1745 830.0 36.0
6 1746 1049.0 35.0
6 1747 1136.0 34.0
6 1748 1136.0 36.0
6 1749 705.0 44.0
6 1750 711.0 45.0
6 1751 726.0 44.0
6 1752 732.0 44.0
6 1753 725.0 46.0
6 1754 743.0 43.0
6 1755 769.0 43.0
6 1756 771.0 43.0
6 1757 764.0 46.0
6 1758 775.0 46.0
6 1759 794.0 43.0
6 1760 783.0 45.0
6 1761 788.0 46.0
6 1762 796.0 46.0
6 1763 810.0 45.0
6 1764 1048.0 46.0
6 1765 1104.0 43.0
6 1766 693.0 53.0
6 1767 709.0 63.0
6 1768 711.0 64.0
6 1769 706.0 66.0
6 1770 730.0 63.0
6 1771 736.0 63.0
6 1772 775.0 63.0
6 1773 771.0 65.0
6 1774 807.0 64.0
6 1775 693.0 73.0
6 1776 693.0 76.0
6 1777 723.0 76.0
6 1778 728.0 76.0
6 1779 743.0 74.0
6 1780 765.0 74.0
6 1781 771.0 75.0
6 1782 769.0 76.0
6 1783 796.0 74.0
6 1784 794.0 75.0
6 1785 693.0 85.0
6 1786 791.0 86.0
6 1787 795.0 86.0
6 1788 743.0 93.0
6 1789 776.0 96.0
6 1790 788.0 95.0
6 1791 910.0 93.0
6 1792 694.0 105.0
6 1793 696.0 105.0
6 1794 709.0 104.0
6 1795 724.0 103.0
6 1796 730.0 104.0
6 1797 713.0 113.0
6 1798 704.0 124.0
6 1799 712.0 124.0
6 1800 874.0 123.0
6 1801 1028.0 124.0
6 1802 1085.0 124.0
6 1803 308.0 133.0
6 1804 313.0 133.0
6 1805 323.0 135.0
6 1806 723.0 133.0
6 1807 1110.0 133.0
6 1808 1109.0 135.0
6 1809 315.0 143.0
6 1810 311.0 146.0
6 1811 316.0 146.0
6 1812 327.0 144.0
6 1813 327.0 146.0
6 1814 308.0 153.0
6 1815 310.0 156.0
6 1816 404.0 153.0
6 1817 405.0 155.0
6 1818 416.0 155.0
6 1819 556.0 153.0
6 1820 564.0 156.0
6 1821 707.0 156.0
6 1822 1093.0 154.0
6 1823 1103.0 155.0
6 1824 307.0 163.0
6 1825 307.0 165.0
6 1826 314.0 166.0
6 1827 323.0 166.0
6 1828 556.0 164.0
6 1829 568.0 163.0
6 1830 563.0 166.0
6 1831 1095.0 164.0
6 1832 1104.0 163.0
6 1833 1115.0 163.0
6 1834 163.0 175.0
6 1835 315.0 173.0
6 1836 325.0 174.0
6 1837 672.0 183.0
6 1838 83.0 196.0
6 1839 155.0 193.0
6 1840 236.0 194.0
6 1841 243.0 194.0
6 1842 674.0 196.0
6 1843 685.0 196.0
6 1844 249.0 203.0
6 1845 306.0 204.0
6 1846 336.0 206.0
6 1847 354.0 204.0
6 1848 350.0 206.0
6 1849 353.0 206.0
6 1850 372.0 204.0
6 1851 366.0 206.0
6 1852 254.0 214.0
6 1853 244.0 215.0
6 1854 326.0 213.0
6 1855 292.0 224.0
6 1856 545.0 223.0
6 1857 552.0 225.0
6 1858 543.0 226.0
6 1859 315.0 235.0
6 1860 453.0 235.0
6 1861 515.0 255.0
6 1862 507.0 263.0
6 1863 488.0 283.0
6 1864 486.0 285.0
7 1865 693.0 26.0
7 1866 695.0 33.0
7 1867 696.0 36.0
7 1868 713.0 34.0
7 1869 706.0 36.0
7 1870 708.0 36.0
7 1871 732.0 33.0
7 1872 736.0 33.0
7 1873 745.0 33.0
7 1874 775.0 36.0
7 1875 787.0 33.0
7 1876 813.0 36.0
7 1877 833.0 36.0
7 1878 695.0 43.0
7 1879 692.0 45.0
7 1880 694.0 45.0
7 1881 724.0 43.0
7 1882 727.0 44.0
7 1883 727.0 46.0
7 1884 767.0 43.0
7 1885 764.0 46.0
7 1886 770.0 46.0
7 1887 792.0 43.0
7 1888 803.0 45.0
7 1889 689.0 53.0
7 1890 687.0 56.0
7 1891 716.0 56.0
7 1892 725.0 55.0
7 1893 810.0 56.0
7 1894 694.0 65.0
7 1895 768.0 64.0
7 1896 774.0 64.0
7 1897 807.0 66.0
7 1898 1111.0 63.0
7 1899 695.0 74.0
7 1900 695.0 76.0
7 1901 707.0 75.0
7 1902 728.0 73.0
7 1903 731.0 74.0
7 1904 725.0 75.0
7 1905 730.0 76.0
7 1906 775.0 73.0
7 1907 763.0 75.0
7 1908 771.0 75.0
7 1909 765.0 76.0
7 1910 796.0 76.0
7 1911 804.0 74.0
7 1912 845.0 76.0
7 1913 868.0 73.0
7 1914 864.0 74.0
7 1915 252.0 86.0
7 1916 255.0 86.0
7 1917 728.0 84.0
7 1918 728.0 86.0
7 1919 733.0 86.0
7 1920 743.0 86.0
7 1921 795.0 86.0
7 1922 813.0 83.0
7 1923 804.0 84.0
7 1924 231.0 96.0
7 1925 254.0 93.0
7 1926 246.0 94.0
7 1927 691.0 96.0
7 1928 730.0 95.0
7 1929 869.0 95.0
7 1930 866.0 96.0
7 1931 695.0 104.0
7 1932 690.0 106.0
7 1933 709.0 103.0
7 1934 711.0 103.0
7 1935 723.0 103.0
7 1936 732.0 103.0
7 1937 725.0 104.0
7 1938 935.0 104.0
7 1939 714.0 113.0
7 1940 710.0 116.0
7 1941 726.0 116.0
7 1942 703.0 123.0
7 1943 706.0 123.0
7 1944 713.0 123.0
7 1945 726.0 123.0
7 1946 723.0 125.0
7 1947 705.0 134.0
7 1948 292.0 146.0
7 1949 296.0 146.0
7 1950 304.0 143.0
7 1951 316.0 143.0
7 1952 310.0 144.0
7 1953 305.0 145.0
7 1954 306.0 156.0
7 1955 324.0 155.0
7 1956 411.0 155.0
7 1957 408.0 156.0
7 1958 708.0 156.0
7 1959 903.0 155.0
7 1960 1113.0 155.0
7 1961 1130.0 153.0
7 1962 295.0 163.0
7 1963 296.0 166.0
7 1964 303.0 166.0
7 1965 313.0 166.0
7 1966 732.0 165.0
7 1967 889.0 163.0
7 1968 304.0 174.0
7 1969 314.0 175.0
7 1970 752.0 175.0
7 1971 226.0 195.0
7 1972 229.0 195.0
7 1973 243.0 194.0
7 1974 244.0 196.0
7 1975 173.0 205.0
7 1976 289.0 203.0
7 1977 295.0 205.0
7 1978 331.0 205.0
7 1979 347.0 205.0
7 1980 344.0 206.0
7 1981 668.0 205.0
7 1982 165.0 216.0
7 1983 310.0 213.0
7 1984 315.0 214.0
7 1985 308.0 215.0
7 1986 311.0 216.0
7 1987 327.0 213.0
7 1988 334.0 213.0
7 1989 384.0 213.0
7 1990 386.0 213.0
7 1991 394.0 213.0
7 1992 388.0 214.0
7 1993 295.0 223.0
7 1994 155.0 233.0
7 1995 287.0 234.0
7 1996 292.0 234.0
7 1997 344.0 236.0
7 1998 223.0 246.0
7 1999 269.0 244.0
7 2000 285.0 255.0
7 2001 307.0 253.0
7 2002 311.0 255.0
7 2003 515.0 253.0
7 2004 514.0 256.0
7 2005 245.0 266.0
7 2006 506.0 264.0
7 2007 474.0 283.0
7 2008 896.0 303.0
8 2009 696.0 15.0
8 2010 710.0 16.0
8 2011 724.0 13.0
8 2012 729.0 16.0
8 2013 744.0 16.0
8 2014 804.0 14.0
8 2015 856.0 16.0
8 2016 216.0 24.0
8 2017 215.0 26.0
8 2018 228.0 23.0
8 2019 231.0 24.0
8 2020 695.0 23.0
8 2021 695.0 26.0
8 2022 709.0 23.0
8 2023 714.0 23.0
8 2024 703.0 24.0
8 2025 714.0 26.0
8 2026 723.0 23.0
8 2027 732.0 23.0
8 2028 724.0 25.0
8 2029 730.0 25.0
8 2030 727.0 26.0
8 2031 743.0 23.0
8 2032 749.0 23.0
8 2033 745.0 25.0
8 2034 743.0 26.0
8 2035 765.0 23.0
8 2036 768.0 23.0
8 2037 776.0 23.0
8 2038 771.0 24.0
8 2039 763.0 26.0
8 2040 768.0 26.0
8 2041 776.0 26.0
8 2042 783.0 23.0
8 2043 789.0 23.0
8 2044 788.0 25.0
8 2045 795.0 25.0
8 2046 791.0 26.0
8 2047 805.0 23.0
8 2048 809.0 24.0
8 2049 813.0 24.0
8 2050 816.0 24.0
8 2051 803.0 25.0
8 2052 811.0 25.0
8 2053 823.0 24.0
8 2054 836.0 26.0
8 2055 843.0 25.0
8 2056 847.0 25.0
8 2057 856.0 25.0
8 2058 209.0 33.0
8 2059 212.0 33.0
8 2060 208.0 35.0
8 2061 231.0 33.0
8 2062 232.0 36.0
8 2063 690.0 36.0
8 2064 715.0 34.0
8 2065 714.0 36.0
8 2066 727.0 33.0
8 2067 736.0 34.0
8 2068 746.0 34.0
8 2069 749.0 34.0
8 2070 743.0 36.0
8 2071 749.0 36.0
8 2072 768.0 36.0
8 2073 776.0 36.0
8 2074 783.0 33.0
8 2075 790.0 33.0
8 2076 793.0 35.0
8 2077 783.0 36.0
8 2078 810.0 35.0
8 2079 836.0 36.0
8 2080 204.0 43.0
8 2081 209.0 43.0
8 2082 232.0 43.0
8 2083 235.0 43.0
8 2084 696.0 46.0
8 2085 730.0 43.0
8 2086 727.0 44.0
8 2087 733.0 44.0
8 2088 727.0 46.0
8 2089 768.0 43.0
8 2090 774.0 44.0
8 2091 765.0 46.0
8 2092 803.0 43.0
8 2093 808.0 43.0
8 2094 815.0 45.0
8 2095 805.0 46.0
8 2096 825.0 44.0
8 2097 230.0 53.0
8 2098 247.0 53.0
8 2099 252.0 55.0
8 2100 246.0 56.0
8 2101 695.0 55.0
8 2102 708.0 53.0
8 2103 706.0 54.0
8 2104 713.0 54.0
8 2105 706.0 56.0
8 2106 714.0 56.0
8 2107 725.0 53.0
8 2108 731.0 54.0
8 2109 734.0 55.0
8 2110 723.0 56.0
8 2111 743.0 56.0
8 2112 750.0 56.0
8 2113 763.0 53.0
8 2114 765.0 53.0
8 2115 772.0 54.0
8 2116 766.0 55.0
8 2117 768.0 55.0
8 2118 775.0 55.0
8 2119 770.0 56.0
8 2120 790.0 55.0
8 2121 796.0 55.0
8 2122 783.0 56.0
8 2123 807.0 53.0
8 2124 809.0 53.0
8 2125 815.0 53.0
8 2126 803.0 55.0
8 2127 907.0 56.0
8 2128 233.0 64.0
8 2129 244.0 63.0
8 2130 254.0 65.0
8 2131 691.0 63.0
8 2132 694.0 66.0
8 2133 706.0 63.0
8 2134 704.0 65.0
8 2135 728.0 65.0
8 2136 732.0 65.0
8 2137 734.0 65.0
8 2138 769.0 63.0
8 2139 776.0 65.0
8 2140 769.0 66.0
8 2141 787.0 65.0
8 2142 812.0 63.0
8 2143 235.0 75.0
8 2144 692.0 76.0
8 2145 708.0 74.0
8 2146 728.0 73.0
8 2147 725.0 75.0
8 2148 769.0 73.0
8 2149 766.0 74.0
8 2150 765.0 76.0
8 2151 216.0 83.0
8 2152 228.0 83.0
8 2153 235.0 84.0
8 2154 248.0 83.0
8 2155 254.0 84.0
8 2156 245.0 85.0
8 2157 250.0 86.0
8 2158 263.0 83.0
8 2159 267.0 84.0
8 2160 264.0 86.0
8 2161 267.0 86.0
8 2162 524.0 86.0
8 2163 549.0 86.0
8 2164 689.0 85.0
8 2165 703.0 85.0
8 2166 736.0 83.0
8 2167 727.0 84.0
8 2168 732.0 84.0
8 2169 723.0 85.0
8 2170 725.0 85.0
8 2171 728.0 86.0
8 2172 743.0 83.0
8 2173 746.0 83.0
8 2174 748.0 84.0
8 2175 803.0 84.0
8 2176 806.0 86.0
8 2177 866.0 86.0
8 2178 868.0 86.0
8 2179 943.0 83.0
8 2180 236.0 93.0
8 2181 266.0 93.0
8 2182 263.0 94.0
8 2183 268.0 94.0
8 2184 272.0 94.0
8 2185 267.0 96.0
8 2186 296.0 93.0
8 2187 349.0 96.0
8 2188 524.0 95.0
8 2189 544.0 93.0
8 2190 546.0 93.0
8 2191 693.0 93.0
8 2192 693.0 96.0
8 2193 806.0 93.0
8 2194 906.0 93.0
8 2195 231.0 103.0
8 2196 253.0 105.0
8 2197 269.0 104.0
8 2198 274.0 104.0
8 2199 274.0 106.0
8 2200 296.0 103.0
8 2201 332.0 103.0
8 2202 348.0 103.0
8 2203 348.0 106.0
8 2204 510.0 103.0
8 2205 512.0 104.0
8 2206 510.0 106.0
8 2207 692.0 104.0
8 2208 729.0 106.0
8 2209 891.0 105.0
8 2210 72.0 113.0
8 2211 695.0 115.0
8 2212 692.0 116.0
8 2213 715.0 114.0
8 2214 712.0 115.0
8 2215 723.0 114.0
8 2216 729.0 114.0
8 2217 724.0 116.0
8 2218 733.0 116.0
8 2219 1165.0 115.0
8 2220 573.0 126.0
8 2221 703.0 125.0
8 2222 706.0 126.0
8 2223 714.0 126.0
8 2224 726.0 124.0
8 2225 729.0 125.0
8 2226 732.0 126.0
8 2227 932.0 126.0
8 2228 1154.0 126.0
8 2229 288.0 134.0
8 2230 294.0 136.0
8 2231 304.0 135.0
8 2232 753.0 135.0
8 2233 89.0 146.0
8 2234 294.0 143.0
8 2235 289.0 144.0
8 2236 289.0 146.0
8 2237 313.0 143.0
8 2238 310.0 144.0
8 2239 869.0 144.0
8 2240 286.0 154.0
8 2241 294.0 155.0
8 2242 283.0 156.0
8 2243 287.0 156.0
8 2244 315.0 153.0
8 2245 391.0 153.0
8 2246 549.0 155.0
8 2247 546.0 156.0
8 2248 711.0 154.0
8 2249 711.0 156.0
8 2250 912.0 153.0
8 2251 915.0 155.0
8 2252 72.0 165.0
8 2253 132.0 166.0
8 2254 134.0 166.0
8 2255 292.0 164.0
8 2256 284.0 165.0
8 2257 295.0 165.0
8 2258 292.0 166.0
8 2259 324.0 164.0
8 2260 554.0 163.0
8 2261 567.0 164.0
8 2262 691.0 163.0
8 2263 876.0 166.0
8 2264 925.0 165.0
8 2265 953.0 166.0
8 2266 968.0 166.0
8 2267 128.0 173.0
8 2268 132.0 175.0
8 2269 293.0 173.0
8 2270 303.0 174.0
8 2271 756.0 174.0
8 2272 76.0 185.0
8 2273 309.0 183.0
8 2274 556.0 183.0
8 2275 124.0 194.0
8 2276 213.0 195.0
8 2277 324.0 196.0
8 2278 546.0 195.0
8 2279 568.0 193.0
8 2280 695.0 196.0
8 2281 103.0 204.0
8 2282 110.0 205.0
8 2283 225.0 204.0
8 2284 249.0 204.0
8 2285 286.0 205.0
8 2286 290.0 206.0
8 2287 326.0 203.0
8 2288 349.0 204.0
8 2289 493.0 205.0
8 2290 516.0 204.0
8 2291 505.0 206.0
8 2292 534.0 203.0
8 2293 536.0 203.0
8 2294 526.0 204.0
8 2295 544.0 203.0
8 2296 549.0 206.0
8 2297 584.0 206.0
8 2298 590.0 206.0
8 2299 593.0 206.0
8 2300 604.0 206.0
8 2301 630.0 206.0
8 2302 673.0 204.0
8 2303 671.0 205.0
8 2304 736.0 206.0
8 2305 111.0 213.0
8 2306 109.0 216.0
8 2307 156.0 215.0
8 2308 230.0 216.0
8 2309 244.0 214.0
8 2310 296.0 213.0
8 2311 296.0 215.0
8 2312 308.0 213.0
8 2313 310.0 213.0
8 2314 305.0 214.0
8 2315 314.0 214.0
8 2316 316.0 214.0
8 2317 312.0 216.0
8 2318 323.0 213.0
8 2319 328.0 216.0
8 2320 533.0 213.0
8 2321 670.0 215.0
8 2322 674.0 215.0
8 2323 695.0 213.0
8 2324 706.0 213.0
8 2325 736.0 216.0
8 2326 268.0 224.0
8 2327 285.0 225.0
8 2328 334.0 225.0
8 2329 356.0 226.0
8 2330 372.0 224.0
8 2331 366.0 225.0
8 2332 754.0 223.0
8 2333 87.0 233.0
8 2334 211.0 233.0
8 2335 224.0 234.0
8 2336 535.0 233.0
8 2337 531.0 236.0
8 2338 545.0 233.0
8 2339 156.0 246.0
8 2340 163.0 245.0
8 2341 192.0 243.0
8 2342 225.0 244.0
8 2343 231.0 245.0
8 2344 269.0 245.0
8 2345 523.0 245.0
8 2346 672.0 244.0
8 2347 209.0 254.0
8 2348 213.0 256.0
8 2349 385.0 255.0
8 2350 514.0 254.0
8 2351 585.0 255.0
8 2352 233.0 263.0
8 2353 310.0 264.0
8 2354 507.0 265.0
8 2355 130.0 276.0
8 2356 226.0 273.0
8 2357 475.0 294.0
9 2358 811.0 16.0
9 2359 869.0 14.0
9 2360 866.0 16.0
9 2361 924.0 13.0
9 2362 223.0 23.0
9 2363 224.0 25.0
9 2364 706.0 23.0
9 2365 703.0 25.0
9 2366 707.0 26.0
9 2367 744.0 25.0
9 2368 796.0 23.0
9 2369 784.0 24.0
9 2370 811.0 25.0
9 2371 805.0 26.0
9 2372 823.0 23.0
9 2373 847.0 24.0
9 2374 852.0 24.0
9 2375 843.0 26.0
9 2376 203.0 33.0
9 2377 224.0 34.0
9 2378 227.0 35.0
9 2379 706.0 34.0
9 2380 713.0 34.0
9 2381 726.0 33.0
9 2382 735.0 33.0
9 2383 731.0 34.0
9 2384 728.0 36.0
9 2385 734.0 36.0
9 2386 747.0 33.0
9 2387 753.0 33.0
9 2388 773.0 33.0
9 2389 770.0 34.0
9 2390 767.0 36.0
9 2391 769.0 36.0
9 2392 783.0 33.0
9 2393 787.0 35.0
9 2394 811.0 33.0
9 2395 811.0 36.0
9 2396 843.0 33.0
9 2397 194.0 43.0
9 2398 232.0 44.0
9 2399 695.0 46.0
9 2400 705.0 46.0
9 2401 730.0 43.0
9 2402 728.0 44.0
9 2403 770.0 43.0
9 2404 771.0 46.0
9 2405 811.0 43.0
9 2406 933.0 46.0
9 2407 991.0 43.0
9 2408 707.0 53.0
9 2409 710.0 54.0
9 2410 716.0 54.0
9 2411 704.0 55.0
9 2412 714.0 56.0
9 2413 726.0 53.0
9 2414 732.0 53.0
9 2415 728.0 56.0
9 2416 734.0 56.0
9 2417 746.0 53.0
9 2418 748.0 53.0
9 2419 773.0 53.0
9 2420 775.0 53.0
9 2421 787.0 53.0
9 2422 808.0 53.0
9 2423 806.0 55.0
9 2424 811.0 55.0
9 2425 196.0 63.0
9 2426 213.0 66.0
9 2427 248.0 63.0
9 2428 247.0 66.0
9 2429 706.0 63.0
9 2430 706.0 66.0
9 2431 732.0 63.0
9 2432 773.0 63.0
9 2433 770.0 65.0
9 2434 810.0 65.0
9 2435 815.0 65.0
9 2436 826.0 63.0
9 2437 824.0 65.0
9 2438 888.0 63.0
9 2439 193.0 73.0
9 2440 229.0 73.0
9 2441 248.0 76.0
9 2442 695.0 73.0
9 2443 693.0 76.0
9 2444 705.0 75.0
9 2445 731.0 74.0
9 2446 812.0 76.0
9 2447 823.0 76.0
9 2448 965.0 76.0
9 2449 248.0 83.0
9 2450 252.0 83.0
9 2451 244.0 85.0
9 2452 253.0 85.0
9 2453 249.0 86.0
9 2454 704.0 83.0
9 2455 732.0 84.0
9 2456 735.0 85.0
9 2457 749.0 83.0
9 2458 754.0 85.0
9 2459 812.0 83.0
9 2460 184.0 94.0
9 2461 254.0 96.0
9 2462 703.0 96.0
9 2463 706.0 96.0
9 2464 730.0 94.0
9 2465 725.0 95.0
9 2466 736.0 95.0
9 2467 732.0 96.0
9 2468 752.0 96.0
9 2469 246.0 104.0
9 2470 263.0 103.0
9 2471 706.0 103.0
9 2472 733.0 103.0
9 2473 729.0 104.0
9 2474 725.0 105.0
9 2475 805.0 103.0
9 2476 105.0 113.0
9 2477 254.0 113.0
9 2478 715.0 113.0
9 2479 706.0 115.0
9 2480 711.0 116.0
9 2481 728.0 114.0
9 2482 732.0 114.0
9 2483 736.0 115.0
9 2484 734.0 116.0
9 2485 803.0 113.0
9 2486 915.0 114.0
9 2487 1154.0 113.0
9 2488 285.0 125.0
9 2489 291.0 125.0
9 2490 703.0 123.0
9 2491 707.0 123.0
9 2492 710.0 125.0
9 2493 705.0 126.0
9 2494 708.0 126.0
9 2495 715.0 126.0
9 2496 730.0 123.0
9 2497 733.0 124.0
9 2498 736.0 124.0
9 2499 952.0 124.0
9 2500 975.0 126.0
9 2501 276.0 133.0
9 2502 276.0 135.0
9 2503 289.0 133.0
9 2504 295.0 136.0
9 2505 303.0 134.0
9 2506 146.0 146.0
9 2507 268.0 143.0
9 2508 271.0 143.0
9 2509 284.0 146.0
9 2510 545.0 146.0
9 2511 883.0 143.0
9 2512 909.0 144.0
9 2513 910.0 146.0
9 2514 928.0 145.0
9 2515 283.0 153.0
9 2516 286.0 154.0
9 2517 295.0 156.0
9 2518 306.0 154.0
9 2519 310.0 155.0
9 2520 545.0 154.0
9 2521 549.0 154.0
9 2522 553.0 154.0
9 2523 563.0 156.0
9 2524 714.0 154.0
9 2525 736.0 156.0
9 2526 932.0 153.0
9 2527 932.0 156.0
9 2528 1045.0 154.0
9 2529 116.0 166.0
9 2530 273.0 164.0
9 2531 324.0 163.0
9 2532 567.0 163.0
9 2533 943.0 164.0
9 2534 974.0 166.0
9 2535 991.0 166.0
9 2536 1035.0 165.0
9 2537 105.0 173.0
9 2538 113.0 173.0
9 2539 116.0 175.0
9 2540 123.0 176.0
9 2541 293.0 173.0
9 2542 126.0 183.0
9 2543 1024.0 186.0
9 2544 109.0 194.0
9 2545 196.0 196.0
9 2546 223.0 194.0
9 2547 484.0 196.0
9 2548 87.0 205.0
9 2549 94.0 206.0
9 2550 146.0 203.0
9 2551 146.0 206.0
9 2552 186.0 203.0
9 2553 213.0 204.0
9 2554 208.0 205.0
9 2555 273.0 203.0
9 2556 331.0 206.0
9 2557 347.0 203.0
9 2558 351.0 206.0
9 2559 355.0 206.0
9 2560 675.0 206.0
9 2561 716.0 203.0
9 2562 96.0 213.0
9 2563 143.0 216.0
9 2564 233.0 215.0
9 2565 291.0 213.0
9 2566 285.0 214.0
9 2567 289.0 215.0
9 2568 286.0 216.0
9 2569 291.0 216.0
9 2570 295.0 216.0
9 2571 303.0 213.0
9 2572 307.0 214.0
9 2573 313.0 214.0
9 2574 304.0 215.0
9 2575 94.0 223.0
9 2576 86.0 224.0
9 2577 124.0 223.0
9 2578 268.0 226.0
9 2579 314.0 236.0
9 2580 163.0 246.0
9 2581 523.0 244.0
10 2582 705.0 16.0
10 2583 710.0 16.0
10 2584 216.0 25.0
10 2585 712.0 23.0
10 2586 705.0 25.0
10 2587 711.0 25.0
10 2588 724.0 23.0
10 2589 724.0 26.0
10 2590 752.0 25.0
10 2591 790.0 26.0
10 2592 807.0 23.0
10 2593 803.0 25.0
10 2594 814.0 25.0
10 2595 805.0 26.0
10 2596 831.0 24.0
10 2597 829.0 26.0
10 2598 851.0 23.0
10 2599 853.0 24.0
10 2600 194.0 36.0
10 2601 727.0 33.0
10 2602 732.0 33.0
10 2603 728.0 35.0
10 2604 736.0 36.0
10 2605 773.0 34.0
10 2606 794.0 33.0
10 2607 785.0 35.0
10 2608 815.0 34.0
10 2609 190.0 43.0
10 2610 215.0 46.0
10 2611 709.0 43.0
10 2612 711.0 45.0
10 2613 714.0 45.0
10 2614 736.0 44.0
10 2615 729.0 45.0
10 2616 776.0 43.0
10 2617 774.0 46.0
10 2618 828.0 46.0
10 2619 830.0 46.0
10 2620 704.0 55.0
10 2621 730.0 53.0
10 2622 733.0 54.0
10 2623 773.0 55.0
10 2624 789.0 54.0
10 2625 783.0 55.0
10 2626 786.0 56.0
10 2627 793.0 56.0
10 2628 813.0 53.0
10 2629 912.0 55.0
10 2630 1008.0 56.0
10 2631 1010.0 56.0
10 2632 192.0 63.0
10 2633 195.0 65.0
10 2634 207.0 64.0
10 2635 234.0 66.0
10 2636 710.0 64.0
10 2637 704.0 65.0
10 2638 710.0 66.0
10 2639 734.0 63.0
10 2640 736.0 66.0
10 2641 743.0 65.0
10 2642 774.0 63.0
10 2643 783.0 63.0
10 2644 815.0 65.0
10 2645 813.0 66.0
10 2646 823.0 63.0
10 2647 823.0 65.0
10 2648 224.0 73.0
10 2649 243.0 75.0
10 2650 813.0 74.0
10 2651 812.0 76.0
10 2652 816.0 76.0
10 2653 823.0 75.0
10 2654 831.0 75.0
10 2655 834.0 76.0
10 2656 986.0 73.0
10 2657 232.0 83.0
10 2658 229.0 86.0
10 2659 236.0 86.0
10 2660 704.0 84.0
10 2661 764.0 84.0
10 2662 943.0 83.0
10 2663 1036.0 83.0
10 2664 204.0 95.0
10 2665 249.0 96.0
10 2666 710.0 94.0
10 2667 734.0 93.0
10 2668 729.0 95.0
10 2669 734.0 95.0
10 2670 745.0 94.0
10 2671 756.0 94.0
10 2672 745.0 96.0
10 2673 816.0 93.0
10 2674 814.0 95.0
10 2675 924.0 94.0
10 2676 147.0 103.0
10 2677 153.0 103.0
10 2678 253.0 104.0
10 2679 729.0 104.0
10 2680 726.0 106.0
10 2681 816.0 105.0
10 2682 249.0 113.0
10 2683 710.0 115.0
10 2684 714.0 116.0
10 2685 733.0 113.0
10 2686 745.0 113.0
10 2687 743.0 114.0
10 2688 287.0 123.0
10 2689 714.0 124.0
10 2690 735.0 126.0
10 2691 129.0 135.0
10 2692 265.0 134.0
10 2693 270.0 136.0
10 2694 272.0 136.0
10 2695 289.0 136.0
10 2696 925.0 136.0
10 2697 964.0 136.0
10 2698 1006.0 133.0
10 2699 134.0 145.0
10 2700 255.0 143.0
10 2701 267.0 143.0
10 2702 268.0 145.0
10 2703 272.0 145.0
10 2704 263.0 146.0
10 2705 288.0 143.0
10 2706 927.0 143.0
10 2707 948.0 143.0
10 2708 954.0 145.0
10 2709 1075.0 143.0
10 2710 263.0 153.0
10 2711 394.0 155.0
10 2712 391.0 156.0
10 2713 549.0 154.0
10 2714 564.0 156.0
10 2715 568.0 156.0
10 2716 951.0 155.0
10 2717 1096.0 153.0
10 2718 264.0 163.0
10 2719 274.0 163.0
10 2720 269.0 164.0
10 2721 274.0 165.0
10 2722 270.0 166.0
10 2723 312.0 163.0
10 2724 316.0 164.0
10 2725 568.0 163.0
10 2726 1003.0 166.0
10 2727 1069.0 164.0
10 2728 96.0 174.0
10 2729 84.0 176.0
10 2730 103.0 176.0
10 2731 270.0 174.0
10 2732 283.0 174.0
10 2733 771.0 176.0
10 2734 1055.0 176.0
10 2735 111.0 185.0
10 2736 288.0 183.0
10 2737 1012.0 186.0
10 2738 76.0 193.0
10 2739 109.0 193.0
10 2740 207.0 196.0
10 2741 70.0 204.0
10 2742 132.0 205.0
10 2743 144.0 203.0
10 2744 229.0 206.0
10 2745 266.0 205.0
10 2746 276.0 205.0
10 2747 724.0 204.0
10 2748 203.0 213.0
10 2749 285.0 213.0
10 2750 293.0 215.0
10 2751 283.0 216.0
10 2752 296.0 216.0
10 2753 303.0 216.0
10 2754 94.0 226.0
10 2755 106.0 223.0
10 2756 109.0 225.0
10 2757 174.0 285.0
11 2758 706.0 13.0
11 2759 710.0 13.0
11 2760 706.0 15.0
11 2761 710.0 16.0
11 2762 712.0 16.0
11 2763 714.0 16.0
11 2764 767.0 16.0
11 2765 769.0 16.0
11 2766 788.0 13.0
11 2767 793.0 15.0
11 2768 806.0 14.0
11 2769 813.0 14.0
11 2770 809.0 16.0
11 2771 828.0 13.0
11 2772 833.0 13.0
11 2773 835.0 15.0
11 2774 829.0 16.0
11 2775 833.0 16.0
11 2776 843.0 13.0
11 2777 868.0 16.0
11 2778 706.0 23.0
11 2779 710.0 23.0
11 2780 714.0 24.0
11 2781 764.0 24.0
11 2782 764.0 26.0
11 2783 791.0 25.0
11 2784 793.0 25.0
11 2785 785.0 26.0
11 2786 787.0 26.0
11 2787 795.0 26.0
11 2788 811.0 23.0
11 2789 830.0 24.0
11 2790 866.0 24.0
11 2791 869.0 25.0
11 2792 863.0 26.0
11 2793 187.0 34.0
11 2794 213.0 34.0
11 2795 216.0 34.0
11 2796 706.0 34.0
11 2797 711.0 35.0
11 2798 707.0 36.0
11 2799 747.0 34.0
11 2800 745.0 36.0
11 2801 763.0 36.0
11 2802 785.0 33.0
11 2803 791.0 34.0
11 2804 783.0 36.0
11 2805 827.0 33.0
11 2806 836.0 35.0
11 2807 825.0 36.0
11 2808 844.0 35.0
11 2809 209.0 44.0
11 2810 706.0 46.0
11 2811 733.0 43.0
11 2812 726.0 45.0
11 2813 735.0 46.0
11 2814 744.0 45.0
11 2815 748.0 46.0
11 2816 756.0 46.0
11 2817 783.0 45.0
11 2818 795.0 45.0
11 2819 785.0 46.0
11 2820 792.0 46.0
11 2821 809.0 46.0
11 2822 816.0 46.0
11 2823 825.0 43.0
11 2824 828.0 44.0
11 2825 835.0 44.0
11 2826 1050.0 46.0
11 2827 206.0 55.0
11 2828 226.0 56.0
11 2829 744.0 53.0
11 2830 766.0 56.0
11 2831 785.0 54.0
11 2832 793.0 54.0
11 2833 832.0 54.0
11 2834 844.0 53.0
11 2835 904.0 56.0
11 2836 170.0 66.0
11 2837 214.0 65.0
11 2838 208.0 66.0
11 2839 228.0 64.0
11 2840 708.0 63.0
11 2841 712.0 66.0
11 2842 745.0 63.0
11 2843 747.0 63.0
11 2844 786.0 64.0
11 2845 783.0 66.0
11 2846 829.0 63.0
11 2847 1014.0 66.0
11 2848 174.0 75.0
11 2849 191.0 75.0
11 2850 213.0 75.0
11 2851 708.0 73.0
11 2852 710.0 76.0
11 2853 746.0 76.0
11 2854 750.0 76.0
11 2855 836.0 73.0
11 2856 828.0 74.0
11 2857 843.0 75.0
11 2858 850.0 75.0
11 2859 215.0 83.0
11 2860 232.0 83.0
11 2861 223.0 85.0
11 2862 708.0 83.0
11 2863 747.0 86.0
11 2864 712.0 93.0
11 2865 714.0 93.0
11 2866 749.0 93.0
11 2867 749.0 95.0
11 2868 943.0 95.0
11 2869 712.0 104.0
11 2870 730.0 105.0
11 2871 955.0 106.0
11 2872 713.0 113.0
11 2873 715.0 114.0
11 2874 714.0 116.0
11 2875 714.0 124.0
11 2876 716.0 125.0
11 2877 743.0 123.0
11 2878 746.0 123.0
11 2879 252.0 133.0
11 2880 746.0 134.0
11 2881 743.0 135.0
11 2882 755.0 136.0
11 2883 987.0 134.0
11 2884 256.0 144.0
11 2885 246.0 145.0
11 2886 250.0 145.0
11 2887 975.0 144.0
11 2888 976.0 146.0
11 2889 251.0 153.0
11 2890 246.0 156.0
11 2891 248.0 156.0
11 2892 273.0 155.0
11 2893 387.0 156.0
11 2894 549.0 154.0
11 2895 554.0 154.0
11 2896 723.0 154.0
11 2897 751.0 154.0
11 2898 972.0 155.0
11 2899 268.0 165.0
11 2900 312.0 164.0
11 2901 316.0 164.0
11 2902 466.0 164.0
11 2903 468.0 164.0
11 2904 569.0 164.0
11 2905 563.0 165.0
11 2906 750.0 163.0
11 2907 756.0 165.0
11 2908 750.0 166.0
11 2909 831.0 165.0
11 2910 985.0 165.0
11 2911 1027.0 166.0
11 2912 1047.0 164.0
11 2913 1051.0 165.0
11 2914 1108.0 164.0
11 2915 85.0 173.0
11 2916 86.0 176.0
11 2917 256.0 174.0
11 2918 270.0 174.0
11 2919 832.0 174.0
11 2920 276.0 183.0
11 2921 463.0 186.0
11 2922 92.0 194.0
11 2923 196.0 196.0
11 2924 284.0 193.0
11 2925 695.0 194.0
11 2926 693.0 195.0
11 2927 705.0 193.0
11 2928 1135.0 195.0
11 2929 129.0 205.0
11 2930 196.0 204.0
11 2931 196.0 206.0
11 2932 213.0 203.0
11 2933 204.0 204.0
11 2934 374.0 206.0
11 2935 708.0 203.0
11 2936 712.0 203.0
11 2937 706.0 204.0
11 2938 63.0 216.0
11 2939 114.0 213.0
11 2940 108.0 214.0
11 2941 189.0 214.0
11 2942 283.0 214.0
11 2943 736.0 215.0
11 2944 90.0 225.0
12 2945 709.0 13.0
12 2946 711.0 13.0
12 2947 714.0 13.0
12 2948 714.0 15.0
12 2949 731.0 13.0
12 2950 736.0 13.0
12 2951 728.0 15.0
12 2952 733.0 15.0
12 2953 745.0 13.0
12 2954 755.0 15.0
12 2955 768.0 13.0
12 2956 768.0 15.0
12 2957 785.0 13.0
12 2958 783.0 14.0
12 2959 793.0 15.0
12 2960 787.0 16.0
12 2961 806.0 13.0
12 2962 828.0 13.0
12 2963 831.0 15.0
12 2964 876.0 13.0
12 2965 871.0 14.0
12 2966 866.0 15.0
12 2967 868.0 16.0
12 2968 874.0 16.0
12 2969 170.0 26.0
12 2970 725.0 24.0
12 2971 731.0 24.0
12 2972 733.0 24.0
12 2973 745.0 24.0
12 2974 748.0 26.0
12 2975 763.0 23.0
12 2976 769.0 23.0
12 2977 785.0 25.0
12 2978 787.0 25.0
12 2979 793.0 25.0
12 2980 826.0 24.0
12 2981 831.0 25.0
12 2982 871.0 23.0
12 2983 876.0 23.0
12 2984 866.0 24.0
12 2985 874.0 26.0
12 2986 1085.0 24.0
12 2987 172.0 34.0
12 2988 165.0 35.0
12 2989 708.0 33.0
12 2990 711.0 34.0
12 2991 743.0 35.0
12 2992 788.0 33.0
12 2993 791.0 33.0
12 2994 788.0 36.0
12 2995 826.0 33.0
12 2996 831.0 34.0
12 2997 846.0 33.0
12 2998 1003.0 33.0
12 2999 1084.0 36.0
12 3000 1086.0 36.0
12 3001 169.0 45.0
12 3002 710.0 43.0
12 3003 746.0 44.0
12 3004 754.0 44.0
12 3005 763.0 45.0
12 3006 788.0 43.0
12 3007 793.0 44.0
12 3008 815.0 43.0
12 3009 807.0 44.0
12 3010 823.0 43.0
12 3011 829.0 44.0
12 3012 832.0 45.0
12 3013 1003.0 46.0
12 3014 1068.0 43.0
12 3015 165.0 53.0
12 3016 175.0 56.0
12 3017 709.0 53.0
12 3018 708.0 56.0
12 3019 746.0 54.0
12 3020 751.0 54.0
12 3021 754.0 54.0
12 3022 743.0 56.0
12 3023 771.0 53.0
12 3024 774.0 56.0
12 3025 792.0 55.0
12 3026 849.0 55.0
12 3027 149.0 66.0
12 3028 163.0 65.0
12 3029 236.0 65.0
12 3030 712.0 63.0
12 3031 707.0 66.0
12 3032 747.0 63.0
12 3033 789.0 64.0
12 3034 848.0 63.0
12 3035 993.0 63.0
12 3036 176.0 76.0
12 3037 183.0 73.0
12 3038 183.0 76.0
12 3039 715.0 76.0
12 3040 755.0 74.0
12 3041 763.0 74.0
12 3042 766.0 74.0
12 3043 769.0 75.0
12 3044 786.0 75.0
12 3045 849.0 73.0
12 3046 856.0 73.0
12 3047 869.0 73.0
12 3048 985.0 74.0
12 3049 196.0 86.0
12 3050 708.0 85.0
12 3051 752.0 84.0
12 3052 810.0 86.0
12 3053 965.0 86.0
12 3054 125.0 93.0
12 3055 123.0 96.0
12 3056 713.0 93.0
12 3057 716.0 94.0
12 3058 723.0 93.0
12 3059 729.0 93.0
12 3060 744.0 93.0
12 3061 753.0 93.0
12 3062 755.0 93.0
12 3063 744.0 96.0
12 3064 735.0 104.0
12 3065 804.0 103.0
12 3066 810.0 103.0
12 3067 710.0 116.0
12 3068 556.0 126.0
12 3069 576.0 123.0
12 3070 568.0 124.0
12 3071 711.0 123.0
12 3072 714.0 124.0
12 3073 711.0 125.0
12 3074 747.0 123.0
12 3075 746.0 126.0
12 3076 845.0 123.0
12 3077 712.0 135.0
12 3078 727.0 133.0
12 3079 733.0 134.0
12 3080 736.0 135.0
12 3081 724.0 136.0
12 3082 729.0 136.0
12 3083 731.0 136.0
12 3084 751.0 133.0
12 3085 748.0 135.0
12 3086 750.0 135.0
12 3087 745.0 136.0
12 3088 783.0 133.0
12 3089 786.0 136.0
12 3090 1011.0 133.0
12 3091 543.0 143.0
12 3092 545.0 145.0
12 3093 733.0 144.0
12 3094 733.0 146.0
12 3095 963.0 146.0
12 3096 549.0 154.0
12 3097 554.0 154.0
12 3098 553.0 156.0
12 3099 563.0 154.0
12 3100 565.0 156.0
12 3101 727.0 154.0
12 3102 756.0 153.0
12 3103 752.0 156.0
12 3104 770.0 155.0
12 3105 772.0 155.0
12 3106 775.0 155.0
12 3107 67.0 166.0
12 3108 70.0 166.0
12 3109 247.0 165.0
12 3110 307.0 164.0
12 3111 308.0 166.0
12 3112 570.0 164.0
12 3113 755.0 163.0
12 3114 1009.0 164.0
12 3115 1056.0 163.0
12 3116 1087.0 165.0
12 3117 67.0 173.0
12 3118 67.0 176.0
12 3119 256.0 175.0
12 3120 710.0 174.0
12 3121 255.0 183.0
12 3122 264.0 184.0
12 3123 711.0 185.0
12 3124 705.0 186.0
12 3125 1054.0 186.0
12 3126 67.0 195.0
12 3127 271.0 194.0
12 3128 449.0 193.0
12 3129 453.0 196.0
12 3130 469.0 196.0
12 3131 483.0 196.0
12 3132 568.0 193.0
12 3133 712.0 195.0
12 3134 185.0 205.0
12 3135 190.0 205.0
12 3136 203.0 203.0
12 3137 368.0 203.0
12 3138 471.0 203.0
12 3139 483.0 206.0
12 3140 535.0 204.0
12 3141 550.0 205.0
12 3142 556.0 205.0
12 3143 704.0 203.0
12 3144 708.0 205.0
12 3145 715.0 205.0
12 3146 713.0 206.0
12 3147 166.0 215.0
12 3148 174.0 216.0
12 3149 205.0 213.0
12 3150 270.0 216.0
12 3151 325.0 215.0
12 3152 333.0 216.0
12 3153 476.0 213.0
12 3154 493.0 213.0
12 3155 545.0 214.0
12 3156 555.0 215.0
12 3157 585.0 213.0
12 3158 588.0 213.0
12 3159 651.0 213.0
12 3160 692.0 213.0
12 3161 772.0 214.0
12 3162 96.0 223.0
12 3163 91.0 225.0
12 3164 166.0 225.0
12 3165 465.0 225.0
12 3166 506.0 223.0
12 3167 523.0 223.0
12 3168 533.0 223.0
12 3169 528.0 226.0
12 3170 665.0 223.0
12 3171 723.0 223.0
12 3172 105.0 236.0
12 3173 127.0 233.0
12 3174 326.0 233.0
12 3175 485.0 235.0
12 3176 332.0 243.0
12 3177 527.0 245.0
12 3178 492.0 263.0
12 3179 92.0 274.0
12 3180 613.0 273.0
12 3181 449.0 324.0
13 3182 172.0 14.0
13 3183 170.0 16.0
13 3184 176.0 16.0
13 3185 711.0 14.0
13 3186 716.0 14.0
13 3187 714.0 16.0
13 3188 731.0 14.0
13 3189 850.0 16.0
13 3190 874.0 13.0
13 3191 876.0 13.0
13 3192 890.0 16.0
13 3193 170.0 23.0
13 3194 176.0 23.0
13 3195 163.0 24.0
13 3196 170.0 26.0
13 3197 713.0 24.0
13 3198 747.0 23.0
13 3199 843.0 24.0
13 3200 1127.0 23.0
13 3201 1127.0 26.0
13 3202 156.0 33.0
13 3203 164.0 33.0
13 3204 166.0 34.0
13 3205 708.0 33.0
13 3206 710.0 33.0
13 3207 723.0 33.0
13 3208 726.0 36.0
13 3209 746.0 33.0
13 3210 751.0 35.0
13 3211 794.0 34.0
13 3212 875.0 35.0
13 3213 1031.0 35.0
13 3214 1088.0 36.0
13 3215 1105.0 34.0
13 3216 148.0 46.0
13 3217 712.0 45.0
13 3218 716.0 45.0
13 3219 736.0 43.0
13 3220 731.0 46.0
13 3221 744.0 43.0
13 3222 748.0 45.0
13 3223 751.0 45.0
13 3224 754.0 45.0
13 3225 768.0 43.0
13 3226 833.0 43.0
13 3227 1031.0 45.0
13 3228 151.0 53.0
13 3229 167.0 54.0
13 3230 183.0 56.0
13 3231 712.0 53.0
13 3232 714.0 53.0
13 3233 709.0 55.0
13 3234 716.0 55.0
13 3235 751.0 53.0
13 3236 795.0 55.0
13 3237 856.0 53.0
13 3238 853.0 55.0
13 3239 876.0 54.0
13 3240 1030.0 55.0
13 3241 1076.0 53.0
13 3242 147.0 63.0
13 3243 154.0 63.0
13 3244 228.0 63.0
13 3245 230.0 65.0
13 3246 710.0 63.0
13 3247 703.0 66.0
13 3248 723.0 65.0
13 3249 749.0 63.0
13 3250 754.0 64.0
13 3251 792.0 63.0
13 3252 795.0 65.0
13 3253 168.0 73.0
13 3254 174.0 73.0
13 3255 707.0 74.0
13 3256 750.0 73.0
13 3257 751.0 76.0
13 3258 754.0 76.0
13 3259 767.0 73.0
13 3260 771.0 73.0
13 3261 774.0 73.0
13 3262 775.0 76.0
13 3263 785.0 76.0
13 3264 790.0 76.0
13 3265 807.0 76.0
13 3266 811.0 76.0
13 3267 535.0 83.0
13 3268 808.0 86.0
13 3269 988.0 83.0
13 3270 987.0 86.0
13 3271 711.0 95.0
13 3272 750.0 93.0
13 3273 752.0 96.0
13 3274 810.0 94.0
13 3275 807.0 96.0
13 3276 854.0 94.0
13 3277 484.0 104.0
13 3278 708.0 105.0
13 3279 734.0 106.0
13 3280 752.0 106.0
13 3281 810.0 106.0
13 3282 247.0 113.0
13 3283 245.0 116.0
13 3284 283.0 114.0
13 3285 283.0 116.0
13 3286 723.0 113.0
13 3287 724.0 115.0
13 3288 752.0 114.0
13 3289 751.0 116.0
13 3290 815.0 114.0
13 3291 1003.0 116.0
13 3292 1096.0 114.0
13 3293 230.0 126.0
13 3294 236.0 126.0
13 3295 251.0 126.0
13 3296 293.0 125.0
13 3297 283.0 126.0
13 3298 289.0 126.0
13 3299 575.0 123.0
13 3300 723.0 123.0
13 3301 728.0 123.0
13 3302 732.0 123.0
13 3303 727.0 126.0
13 3304 790.0 126.0
13 3305 236.0 135.0
13 3306 230.0 136.0
13 3307 244.0 135.0
13 3308 716.0 134.0
13 3309 723.0 133.0
13 3310 735.0 135.0
13 3311 724.0 136.0
13 3312 733.0 136.0
13 3313 756.0 133.0
13 3314 753.0 134.0
13 3315 750.0 135.0
13 3316 769.0 135.0
13 3317 963.0 136.0
13 3318 1043.0 135.0
13 3319 1052.0 136.0
13 3320 230.0 145.0
13 3321 251.0 143.0
13 3322 551.0 143.0
13 3323 552.0 146.0
13 3324 726.0 144.0
13 3325 744.0 143.0
13 3326 993.0 143.0
13 3327 1011.0 146.0
13 3328 247.0 156.0
13 3329 469.0 156.0
13 3330 548.0 153.0
13 3331 553.0 153.0
13 3332 553.0 156.0
13 3333 783.0 154.0
13 3334 991.0 155.0
13 3335 1023.0 153.0
13 3336 231.0 164.0
13 3337 456.0 165.0
13 3338 553.0 165.0
13 3339 570.0 164.0
13 3340 563.0 165.0
13 3341 766.0 165.0
13 3342 1035.0 165.0
13 3343 1095.0 166.0
13 3344 252.0 173.0
13 3345 630.0 175.0
13 3346 465.0 183.0
13 3347 467.0 185.0
13 3348 564.0 186.0
13 3349 708.0 186.0
13 3350 714.0 186.0
13 3351 54.0 194.0
13 3352 446.0 193.0
13 3353 444.0 196.0
13 3354 450.0 196.0
13 3355 456.0 196.0
13 3356 555.0 193.0
13 3357 572.0 195.0
13 3358 570.0 196.0
13 3359 169.0 206.0
13 3360 175.0 206.0
13 3361 186.0 204.0
13 3362 189.0 204.0
13 3363 436.0 205.0
13 3364 448.0 204.0
13 3365 443.0 205.0
13 3366 467.0 203.0
13 3367 508.0 203.0
13 3368 533.0 205.0
13 3369 553.0 204.0
13 3370 555.0 206.0
13 3371 566.0 205.0
13 3372 604.0 205.0
13 3373 647.0 204.0
13 3374 711.0 205.0
13 3375 714.0 206.0
13 3376 731.0 205.0
13 3377 723.0 206.0
13 3378 766.0 203.0
13 3379 194.0 213.0
13 3380 191.0 214.0
13 3381 296.0 214.0
13 3382 290.0 215.0
13 3383 293.0 215.0
13 3384 303.0 214.0
13 3385 311.0 215.0
13 3386 314.0 216.0
13 3387 316.0 216.0
13 3388 471.0 215.0
13 3389 545.0 214.0
13 3390 595.0 214.0
13 3391 585.0 215.0
13 3392 603.0 214.0
13 3393 635.0 213.0
13 3394 748.0 213.0
13 3395 783.0 216.0
13 3396 71.0 226.0
13 3397 143.0 225.0
13 3398 265.0 223.0
13 3399 334.0 223.0
13 3400 343.0 223.0
13 3401 473.0 225.0
13 3402 515.0 225.0
13 3403 530.0 226.0
13 3404 670.0 226.0
13 3405 696.0 224.0
13 3406 731.0 226.0
13 3407 754.0 223.0
13 3408 745.0 226.0
13 3409 266.0 234.0
13 3410 290.0 233.0
13 3411 310.0 236.0
13 3412 523.0 233.0
13 3413 730.0 235.0
13 3414 770.0 234.0
13 3415 273.0 243.0
13 3416 265.0 246.0
13 3417 309.0 243.0
13 3418 526.0 246.0
13 3419 690.0 243.0
13 3420 785.0 243.0
13 3421 271.0 254.0
13 3422 352.0 253.0
13 3423 350.0 256.0
13 3424 366.0 254.0
13 3425 646.0 256.0
13 3426 664.0 256.0
13 3427 248.0 263.0
13 3428 292.0 263.0
13 3429 644.0 266.0
13 3430 474.0 303.0
13 3431 476.0 303.0
13 3432 463.0 314.0
14 3433 166.0 13.0
14 3434 169.0 13.0
14 3435 164.0 14.0
14 3436 168.0 16.0
14 3437 190.0 15.0
14 3438 733.0 16.0
14 3439 750.0 16.0
14 3440 765.0 13.0
14 3441 805.0 14.0
14 3442 811.0 14.0
14 3443 803.0 15.0
14 3444 813.0 16.0
14 3445 830.0 16.0
14 3446 833.0 16.0
14 3447 856.0 13.0
14 3448 845.0 16.0
14 3449 890.0 13.0
14 3450 893.0 14.0
14 3451 887.0 15.0
14 3452 154.0 23.0
14 3453 192.0 23.0
14 3454 189.0 24.0
14 3455 192.0 25.0
14 3456 755.0 23.0
14 3457 751.0 25.0
14 3458 843.0 24.0
14 3459 856.0 25.0
14 3460 845.0 26.0
14 3461 863.0 25.0
14 3462 887.0 23.0
14 3463 883.0 24.0
14 3464 151.0 33.0
14 3465 184.0 35.0
14 3466 204.0 34.0
14 3467 207.0 36.0
14 3468 211.0 36.0
14 3469 704.0 33.0
14 3470 707.0 34.0
14 3471 710.0 34.0
14 3472 727.0 33.0
14 3473 730.0 36.0
14 3474 746.0 33.0
14 3475 770.0 36.0
14 3476 796.0 35.0
14 3477 816.0 35.0
14 3478 810.0 36.0
14 3479 813.0 36.0
14 3480 828.0 36.0
14 3481 843.0 35.0
14 3482 849.0 35.0
14 3483 853.0 35.0
14 3484 886.0 33.0
14 3485 890.0 35.0
14 3486 215.0 43.0
14 3487 210.0 45.0
14 3488 212.0 46.0
14 3489 215.0 46.0
14 3490 713.0 45.0
14 3491 807.0 43.0
14 3492 813.0 43.0
14 3493 816.0 44.0
14 3494 803.0 46.0
14 3495 883.0 45.0
14 3496 886.0 45.0
14 3497 1063.0 46.0
14 3498 132.0 55.0
14 3499 173.0 54.0
14 3500 189.0 56.0
14 3501 214.0 53.0
14 3502 204.0 55.0
14 3503 212.0 55.0
14 3504 216.0 55.0
14 3505 223.0 56.0
14 3506 306.0 56.0
14 3507 713.0 53.0
14 3508 725.0 54.0
14 3509 726.0 56.0
14 3510 753.0 53.0
14 3511 755.0 56.0
14 3512 808.0 53.0
14 3513 803.0 56.0
14 3514 888.0 53.0
14 3515 891.0 54.0
14 3516 883.0 56.0
14 3517 191.0 63.0
14 3518 193.0 63.0
14 3519 186.0 64.0
14 3520 223.0 63.0
14 3521 229.0 66.0
14 3522 504.0 64.0
14 3523 532.0 64.0
14 3524 708.0 66.0
14 3525 712.0 66.0
14 3526 891.0 64.0
14 3527 886.0 65.0
14 3528 883.0 66.0
14 3529 891.0 66.0
14 3530 1036.0 63.0
14 3531 188.0 74.0
14 3532 509.0 73.0
14 3533 507.0 74.0
14 3534 533.0 76.0
14 3535 549.0 74.0
14 3536 709.0 75.0
14 3537 756.0 73.0
14 3538 785.0 76.0
14 3539 1013.0 76.0
14 3540 174.0 86.0
14 3541 488.0 83.0
14 3542 494.0 85.0
14 3543 491.0 86.0
14 3544 715.0 83.0
14 3545 715.0 85.0
14 3546 825.0 86.0
14 3547 1012.0 83.0
14 3548 489.0 96.0
14 3549 523.0 95.0
14 3550 534.0 96.0
14 3551 713.0 93.0
14 3552 724.0 95.0
14 3553 752.0 93.0
14 3554 823.0 96.0
14 3555 232.0 105.0
14 3556 234.0 105.0
14 3557 725.0 103.0
14 3558 826.0 105.0
14 3559 1095.0 106.0
14 3560 228.0 113.0
14 3561 266.0 113.0
14 3562 276.0 113.0
14 3563 272.0 114.0
14 3564 276.0 115.0
14 3565 472.0 113.0
14 3566 470.0 116.0
14 3567 547.0 116.0
14 3568 566.0 116.0
14 3569 716.0 113.0
14 3570 733.0 113.0
14 3571 756.0 116.0
14 3572 212.0 124.0
14 3573 211.0 126.0
14 3574 233.0 123.0
14 3575 234.0 126.0
14 3576 556.0 124.0
14 3577 731.0 125.0
14 3578 734.0 126.0
14 3579 755.0 123.0
14 3580 835.0 126.0
14 3581 843.0 126.0
14 3582 1015.0 126.0
14 3583 209.0 133.0
14 3584 213.0 135.0
14 3585 227.0 133.0
14 3586 230.0 136.0
14 3587 255.0 133.0
14 3588 736.0 134.0
14 3589 733.0 135.0
14 3590 728.0 136.0
14 3591 776.0 133.0
14 3592 976.0 135.0
14 3593 1072.0 133.0
14 3594 1085.0 133.0
14 3595 225.0 145.0
14 3596 549.0 146.0
14 3597 727.0 143.0
14 3598 729.0 144.0
14 3599 732.0 145.0
14 3600 748.0 145.0
14 3601 1054.0 145.0
14 3602 1052.0 146.0
14 3603 194.0 154.0
14 3604 229.0 156.0
14 3605 423.0 153.0
14 3606 430.0 153.0
14 3607 427.0 154.0
14 3608 548.0 153.0
14 3609 551.0 153.0
14 3610 727.0 153.0
14 3611 735.0 154.0
14 3612 765.0 153.0
14 3613 786.0 153.0
14 3614 784.0 154.0
14 3615 789.0 154.0
14 3616 1023.0 156.0
14 3617 1046.0 153.0
14 3618 1050.0 154.0
14 3619 1073.0 155.0
14 3620 209.0 166.0
14 3621 566.0 163.0
14 3622 563.0 164.0
14 3623 569.0 164.0
14 3624 571.0 165.0
14 3625 776.0 164.0
14 3626 893.0 163.0
14 3627 1065.0 164.0
14 3628 1068.0 166.0
14 3629 1136.0 166.0
14 3630 209.0 174.0
14 3631 224.0 174.0
14 3632 872.0 175.0
14 3633 232.0 185.0
14 3634 463.0 183.0
14 3635 465.0 185.0
14 3636 625.0 185.0
14 3637 634.0 185.0
14 3638 731.0 186.0
14 3639 443.0 193.0
14 3640 516.0 194.0
14 3641 555.0 194.0
14 3642 567.0 194.0
14 3643 571.0 196.0
14 3644 728.0 196.0
14 3645 174.0 205.0
14 3646 171.0 206.0
14 3647 415.0 204.0
14 3648 432.0 206.0
14 3649 435.0 206.0
14 3650 445.0 205.0
14 3651 453.0 205.0
14 3652 464.0 204.0
14 3653 551.0 206.0
14 3654 554.0 206.0
14 3655 556.0 206.0
14 3656 594.0 206.0
14 3657 732.0 203.0
14 3658 176.0 216.0
14 3659 236.0 215.0
14 3660 286.0 216.0
14 3661 291.0 216.0
14 3662 307.0 214.0
14 3663 434.0 216.0
14 3664 493.0 213.0
14 3665 495.0 213.0
14 3666 483.0 215.0
14 3667 485.0 216.0
14 3668 524.0 213.0
14 3669 535.0 213.0
14 3670 524.0 215.0
14 3671 543.0 213.0
14 3672 556.0 215.0
14 3673 596.0 216.0
14 3674 604.0 216.0
14 3675 611.0 216.0
14 3676 649.0 214.0
14 3677 646.0 216.0
14 3678 228.0 223.0
14 3679 236.0 223.0
14 3680 228.0 226.0
14 3681 246.0 223.0
14 3682 248.0 224.0
14 3683 243.0 225.0
14 3684 263.0 223.0
14 3685 332.0 225.0
14 3686 330.0 226.0
14 3687 466.0 225.0
14 3688 506.0 224.0
14 3689 503.0 225.0
14 3690 535.0 223.0
14 3691 533.0 224.0
14 3692 536.0 225.0
14 3693 525.0 226.0
14 3694 533.0 226.0
14 3695 771.0 224.0
14 3696 775.0 224.0
14 3697 766.0 225.0
14 3698 769.0 226.0
14 3699 1003.0 226.0
14 3700 251.0 236.0
14 3701 312.0 233.0
14 3702 523.0 233.0
14 3703 705.0 233.0
14 3704 789.0 233.0
14 3705 432.0 244.0
14 3706 492.0 243.0
14 3707 485.0 244.0
14 3708 510.0 244.0
14 3709 543.0 246.0
14 3710 727.0 246.0
14 3711 743.0 246.0
14 3712 244.0 256.0
14 3713 264.0 254.0
14 3714 293.0 253.0
14 3715 503.0 253.0
14 3716 665.0 256.0
14 3717 174.0 264.0
14 3718 248.0 266.0
14 3719 651.0 264.0
14 3720 648.0 265.0
14 3721 654.0 266.0
14 3722 671.0 265.0
14 3723 965.0 264.0
14 3724 203.0 274.0
14 3725 236.0 276.0
14 3726 643.0 276.0
14 3727 709.0 276.0
14 3728 563.0 283.0
14 3729 846.0 286.0
14 3730 872.0 286.0
14 3731 450.0 325.0
15 3732 835.0 6.0
15 3733 150.0 13.0
15 3734 155.0 13.0
15 3735 149.0 15.0
15 3736 154.0 15.0
15 3737 147.0 16.0
15 3738 176.0 13.0
15 3739 176.0 16.0
15 3740 724.0 13.0
15 3741 730.0 13.0
15 3742 763.0 14.0
15 3743 806.0 13.0
15 3744 811.0 14.0
15 3745 806.0 15.0
15 3746 824.0 14.0
15 3747 834.0 14.0
15 3748 847.0 13.0
15 3749 852.0 13.0
15 3750 853.0 15.0
15 3751 856.0 15.0
15 3752 849.0 16.0
15 3753 888.0 13.0
15 3754 905.0 14.0
15 3755 135.0 25.0
15 3756 143.0 24.0
15 3757 184.0 23.0
15 3758 716.0 23.0
15 3759 715.0 25.0
15 3760 727.0 24.0
15 3761 730.0 25.0
15 3762 756.0 24.0
15 3763 812.0 23.0
15 3764 805.0 26.0
15 3765 894.0 23.0
15 3766 175.0 33.0
15 3767 196.0 33.0
15 3768 196.0 36.0
15 3769 203.0 36.0
15 3770 733.0 34.0
15 3771 734.0 36.0
15 3772 743.0 34.0
15 3773 752.0 34.0
15 3774 746.0 36.0
15 3775 767.0 33.0
15 3776 776.0 33.0
15 3777 768.0 35.0
15 3778 805.0 33.0
15 3779 816.0 33.0
15 3780 810.0 34.0
15 3781 834.0 33.0
15 3782 825.0 34.0
15 3783 896.0 33.0
15 3784 894.0 36.0
15 3785 133.0 43.0
15 3786 129.0 44.0
15 3787 171.0 43.0
15 3788 185.0 45.0
15 3789 183.0 46.0
15 3790 206.0 43.0
15 3791 204.0 44.0
15 3792 203.0 46.0
15 3793 729.0 46.0
15 3794 765.0 44.0
15 3795 786.0 43.0
15 3796 809.0 45.0
15 3797 816.0 45.0
15 3798 823.0 45.0
15 3799 891.0 43.0
15 3800 896.0 45.0
15 3801 945.0 45.0
15 3802 123.0 54.0
15 3803 126.0 54.0
15 3804 130.0 56.0
15 3805 174.0 53.0
15 3806 172.0 54.0
15 3807 174.0 55.0
15 3808 214.0 53.0
15 3809 208.0 56.0
15 3810 212.0 56.0
15 3811 504.0 55.0
15 3812 716.0 56.0
15 3813 723.0 53.0
15 3814 727.0 54.0
15 3815 723.0 55.0
15 3816 809.0 53.0
15 3817 807.0 54.0
15 3818 812.0 55.0
15 3819 1070.0 53.0
15 3820 135.0 65.0
15 3821 156.0 66.0
15 3822 212.0 63.0
15 3823 206.0 64.0
15 3824 210.0 66.0
15 3825 216.0 66.0
15 3826 495.0 63.0
15 3827 495.0 66.0
15 3828 503.0 64.0
15 3829 543.0 63.0
15 3830 545.0 64.0
15 3831 550.0 66.0
15 3832 715.0 63.0
15 3833 729.0 65.0
15 3834 725.0 66.0
15 3835 764.0 64.0
15 3836 776.0 65.0
15 3837 769.0 66.0
15 3838 804.0 66.0
15 3839 850.0 64.0
15 3840 850.0 66.0
15 3841 894.0 64.0
15 3842 76.0 74.0
15 3843 73.0 76.0
15 3844 149.0 76.0
15 3845 476.0 76.0
15 3846 766.0 76.0
15 3847 785.0 73.0
15 3848 791.0 73.0
15 3849 805.0 73.0
15 3850 74.0 83.0
15 3851 67.0 85.0
15 3852 71.0 86.0
15 3853 726.0 84.0
15 3854 729.0 84.0
15 3855 723.0 86.0
15 3856 756.0 85.0
15 3857 743.0 86.0
15 3858 765.0 84.0
15 3859 769.0 84.0
15 3860 768.0 86.0
15 3861 728.0 93.0
15 3862 754.0 93.0
15 3863 832.0 93.0
15 3864 892.0 96.0
15 3865 189.0 105.0
15 3866 206.0 103.0
15 3867 476.0 103.0
15 3868 725.0 103.0
15 3869 729.0 106.0
15 3870 746.0 103.0
15 3871 765.0 106.0
15 3872 769.0 106.0
15 3873 196.0 113.0
15 3874 186.0 114.0
15 3875 194.0 114.0
15 3876 228.0 115.0
15 3877 463.0 113.0
15 3878 546.0 114.0
15 3879 727.0 116.0
15 3880 770.0 116.0
15 3881 83.0 123.0
15 3882 183.0 124.0
15 3883 211.0 126.0
15 3884 248.0 124.0
15 3885 434.0 123.0
15 3886 435.0 125.0
15 3887 734.0 124.0
15 3888 167.0 135.0
15 3889 175.0 135.0
15 3890 193.0 133.0
15 3891 186.0 135.0
15 3892 211.0 134.0
15 3893 205.0 136.0
15 3894 235.0 133.0
15 3895 724.0 133.0
15 3896 729.0 133.0
15 3897 743.0 133.0
15 3898 752.0 135.0
15 3899 747.0 136.0
15 3900 1007.0 136.0
15 3901 1045.0 136.0
15 3902 1051.0 136.0
15 3903 1074.0 134.0
15 3904 1090.0 133.0
15 3905 1096.0 133.0
15 3906 1090.0 135.0
15 3907 1084.0 136.0
15 3908 192.0 143.0
15 3909 206.0 144.0
15 3910 215.0 146.0
15 3911 733.0 143.0
15 3912 736.0 144.0
15 3913 753.0 144.0
15 3914 1067.0 143.0
15 3915 1084.0 144.0
15 3916 173.0 153.0
15 3917 216.0 153.0
15 3918 208.0 156.0
15 3919 426.0 153.0
15 3920 424.0 154.0
15 3921 423.0 156.0
15 3922 556.0 153.0
15 3923 1108.0 154.0
15 3924 190.0 164.0
15 3925 569.0 163.0
15 3926 783.0 163.0
15 3927 923.0 164.0
15 3928 1096.0 164.0
15 3929 1103.0 166.0
15 3930 205.0 174.0
15 3931 633.0 173.0
15 3932 1096.0 173.0
15 3933 213.0 185.0
15 3934 456.0 186.0
15 3935 463.0 185.0
15 3936 635.0 185.0
15 3937 554.0 194.0
15 3938 154.0 206.0
15 3939 395.0 206.0
15 3940 407.0 205.0
15 3941 409.0 205.0
15 3942 414.0 205.0
15 3943 429.0 205.0
15 3944 456.0 205.0
15 3945 470.0 205.0
15 3946 474.0 205.0
15 3947 543.0 205.0
15 3948 556.0 206.0
15 3949 587.0 203.0
15 3950 649.0 203.0
15 3951 87.0 213.0
15 3952 116.0 214.0
15 3953 112.0 215.0
15 3954 108.0 216.0
15 3955 123.0 213.0
15 3956 163.0 215.0
15 3957 223.0 214.0
15 3958 249.0 213.0
15 3959 431.0 216.0
15 3960 489.0 215.0
15 3961 527.0 213.0
15 3962 532.0 215.0
15 3963 523.0 216.0
15 3964 546.0 214.0
15 3965 651.0 216.0
15 3966 731.0 213.0
15 3967 770.0 215.0
15 3968 772.0 215.0
15 3969 129.0 226.0
15 3970 195.0 226.0
15 3971 210.0 225.0
15 3972 229.0 224.0
15 3973 225.0 226.0
15 3974 231.0 226.0
15 3975 250.0 224.0
15 3976 248.0 225.0
15 3977 433.0 224.0
15 3978 476.0 225.0
15 3979 488.0 224.0
15 3980 511.0 224.0
15 3981 515.0 224.0
15 3982 531.0 226.0
15 3983 110.0 233.0
15 3984 192.0 235.0
15 3985 216.0 234.0
15 3986 225.0 234.0
15 3987 296.0 236.0
15 3988 516.0 235.0
15 3989 715.0 234.0
15 3990 710.0 235.0
15 3991 729.0 234.0
15 3992 736.0 234.0
15 3993 756.0 233.0
15 3994 750.0 234.0
15 3995 255.0 246.0
15 3996 410.0 245.0
15 3997 430.0 244.0
15 3998 514.0 243.0
15 3999 505.0 246.0
15 4000 693.0 243.0
15 4001 754.0 246.0
15 4002 116.0 254.0
15 4003 203.0 255.0
15 4004 233.0 254.0
15 4005 266.0 254.0
15 4006 895.0 253.0
15 4007 535.0 266.0
15 4008 1034.0 263.0
15 4009 216.0 274.0
15 4010 229.0 273.0
15 4011 644.0 273.0
15 4012 653.0 274.0
15 4013 683.0 275.0
15 4014 686.0 275.0
15 4015 691.0 275.0
15 4016 151.0 284.0
15 4017 711.0 285.0
15 4018 908.0 314.0
15 4019 924.0 323.0
15 4020 928.0 323.0
15 4021 968.0 326.0
16 4022 131.0 13.0
16 4023 136.0 13.0
16 4024 132.0 15.0
16 4025 724.0 15.0
16 4026 730.0 15.0
16 4027 765.0 14.0
16 4028 768.0 14.0
16 4029 770.0 14.0
16 4030 815.0 13.0
16 4031 812.0 16.0
16 4032 855.0 15.0
16 4033 124.0 23.0
16 4034 133.0 23.0
16 4035 136.0 25.0
16 4036 126.0 26.0
16 4037 129.0 26.0
16 4038 716.0 26.0
16 4039 723.0 23.0
16 4040 734.0 24.0
16 4041 756.0 23.0
16 4042 767.0 26.0
16 4043 811.0 23.0
16 4044 809.0 26.0
16 4045 814.0 26.0
16 4046 829.0 26.0
16 4047 855.0 24.0
16 4048 914.0 25.0
16 4049 129.0 33.0
16 4050 716.0 33.0
16 4051 715.0 36.0
16 4052 723.0 33.0
16 4053 732.0 33.0
16 4054 727.0 34.0
16 4055 756.0 33.0
16 4056 768.0 33.0
16 4057 765.0 34.0
16 4058 813.0 33.0
16 4059 811.0 36.0
16 4060 826.0 35.0
16 4061 829.0 36.0
16 4062 914.0 35.0
16 4063 136.0 45.0
16 4064 723.0 43.0
16 4065 727.0 44.0
16 4066 729.0 46.0
16 4067 733.0 46.0
16 4068 768.0 43.0
16 4069 763.0 46.0
16 4070 796.0 43.0
16 4071 810.0 46.0
16 4072 1107.0 44.0
16 4073 107.0 53.0
16 4074 110.0 56.0
16 4075 489.0 56.0
16 4076 733.0 55.0
16 4077 764.0 54.0
16 4078 789.0 53.0
16 4079 812.0 55.0
16 4080 856.0 56.0
16 4081 63.0 65.0
16 4082 83.0 65.0
16 4083 86.0 66.0
16 4084 127.0 65.0
16 4085 136.0 65.0
16 4086 143.0 63.0
16 4087 536.0 65.0
16 4088 549.0 63.0
16 4089 714.0 64.0
16 4090 726.0 64.0
16 4091 731.0 65.0
16 4092 733.0 65.0
16 4093 764.0 63.0
16 4094 774.0 63.0
16 4095 767.0 65.0
16 4096 783.0 63.0
16 4097 786.0 63.0
16 4098 790.0 64.0
16 4099 810.0 63.0
16 4100 814.0 63.0
16 4101 831.0 63.0
16 4102 56.0 76.0
16 4103 83.0 73.0
16 4104 85.0 74.0
16 4105 470.0 73.0
16 4106 723.0 76.0
16 4107 729.0 76.0
16 4108 771.0 74.0
16 4109 1072.0 73.0
16 4110 55.0 83.0
16 4111 71.0 83.0
16 4112 728.0 84.0
16 4113 724.0 85.0
16 4114 732.0 85.0
16 4115 774.0 83.0
16 4116 764.0 86.0
16 4117 176.0 106.0
16 4118 187.0 106.0
16 4119 733.0 104.0
16 4120 723.0 106.0
16 4121 744.0 103.0
16 4122 765.0 103.0
16 4123 770.0 104.0
16 4124 765.0 105.0
16 4125 774.0 105.0
16 4126 785.0 104.0
16 4127 790.0 105.0
16 4128 1103.0 104.0
16 4129 155.0 113.0
16 4130 728.0 114.0
16 4131 734.0 114.0
16 4132 723.0 115.0
16 4133 747.0 115.0
16 4134 763.0 113.0
16 4135 765.0 113.0
16 4136 767.0 115.0
16 4137 773.0 115.0
16 4138 775.0 115.0
16 4139 771.0 116.0
16 4140 1076.0 116.0
16 4141 1086.0 116.0
16 4142 1088.0 116.0
16 4143 168.0 125.0
16 4144 190.0 124.0
16 4145 735.0 125.0
16 4146 743.0 125.0
16 4147 823.0 126.0
16 4148 143.0 133.0
16 4149 164.0 133.0
16 4150 164.0 135.0
16 4151 751.0 134.0
16 4152 756.0 134.0
16 4153 774.0 136.0
16 4154 156.0 146.0
16 4155 184.0 143.0
16 4156 208.0 145.0
16 4157 1105.0 143.0
16 4158 1107.0 143.0
16 4159 150.0 153.0
16 4160 176.0 156.0
16 4161 187.0 155.0
16 4162 413.0 154.0
16 4163 416.0 156.0
16 4164 556.0 153.0
16 4165 553.0 156.0
16 4166 155.0 163.0
16 4167 169.0 163.0
16 4168 783.0 163.0
16 4169 788.0 163.0
16 4170 183.0 175.0
16 4171 635.0 173.0
16 4172 193.0 186.0
16 4173 456.0 186.0
16 4174 636.0 185.0
16 4175 749.0 183.0
16 4176 376.0 194.0
16 4177 364.0 196.0
16 4178 451.0 193.0
16 4179 96.0 203.0
16 4180 87.0 204.0
16 4181 83.0 205.0
16 4182 110.0 203.0
16 4183 404.0 206.0
16 4184 408.0 206.0
16 4185 452.0 206.0
16 4186 470.0 206.0
16 4187 536.0 205.0
16 4188 730.0 204.0
16 4189 752.0 206.0
16 4190 68.0 213.0
16 4191 71.0 214.0
16 4192 65.0 215.0
16 4193 110.0 213.0
16 4194 103.0 215.0
16 4195 145.0 216.0
16 4196 485.0 213.0
16 4197 485.0 216.0
16 4198 524.0 215.0
16 4199 527.0 216.0
16 4200 529.0 216.0
16 4201 756.0 215.0
16 4202 407.0 225.0
16 4203 445.0 224.0
16 4204 548.0 224.0
16 4205 724.0 226.0
16 4206 89.0 235.0
16 4207 95.0 235.0
16 4208 173.0 234.0
16 4209 225.0 234.0
16 4210 409.0 233.0
16 4211 476.0 234.0
16 4212 495.0 233.0
16 4213 489.0 236.0
16 4214 525.0 233.0
16 4215 528.0 233.0
16 4216 710.0 236.0
16 4217 724.0 236.0
16 4218 164.0 244.0
16 4219 189.0 244.0
16 4220 410.0 243.0
16 4221 663.0 244.0
16 4222 1094.0 246.0
16 4223 434.0 255.0
16 4224 547.0 254.0
16 4225 186.0 263.0
16 4226 508.0 265.0
16 4227 624.0 266.0
16 4228 163.0 274.0
16 4229 208.0 274.0
16 4230 515.0 276.0
16 4231 632.0 276.0
16 4232 487.0 286.0
16 4233 715.0 285.0
16 4234 928.0 323.0
16 4235 949.0 325.0
16 4236 951.0 326.0
16 4237 951.0 334.0
16 4238 969.0 334.0
17 4239 730.0 14.0
17 4240 724.0 15.0
17 4241 770.0 15.0
17 4242 825.0 15.0
17 4243 752.0 24.0
17 4244 753.0 26.0
17 4245 773.0 24.0
17 4246 770.0 26.0
17 4247 815.0 23.0
17 4248 830.0 24.0
17 4249 833.0 24.0
17 4250 836.0 24.0
17 4251 823.0 26.0
17 4252 849.0 25.0
17 4253 866.0 23.0
17 4254 866.0 25.0
17 4255 724.0 35.0
17 4256 746.0 33.0
17 4257 743.0 35.0
17 4258 773.0 34.0
17 4259 836.0 33.0
17 4260 824.0 36.0
17 4261 487.0 43.0
17 4262 494.0 43.0
17 4263 489.0 46.0
17 4264 736.0 44.0
17 4265 747.0 45.0
17 4266 765.0 43.0
17 4267 769.0 43.0
17 4268 774.0 45.0
17 4269 770.0 46.0
17 4270 828.0 43.0
17 4271 835.0 43.0
17 4272 823.0 46.0
17 4273 873.0 44.0
17 4274 864.0 46.0
17 4275 67.0 56.0
17 4276 70.0 56.0
17 4277 492.0 53.0
17 4278 484.0 55.0
17 4279 495.0 56.0
17 4280 528.0 56.0
17 4281 723.0 56.0
17 4282 885.0 56.0
17 4283 71.0 64.0
17 4284 463.0 66.0
17 4285 526.0 63.0
17 4286 531.0 63.0
17 4287 526.0 66.0
17 4288 734.0 63.0
17 4289 773.0 63.0
17 4290 768.0 64.0
17 4291 771.0 64.0
17 4292 774.0 66.0
17 4293 796.0 66.0
17 4294 816.0 64.0
17 4295 809.0 66.0
17 4296 813.0 66.0
17 4297 1110.0 66.0
17 4298 512.0 76.0
17 4299 803.0 74.0
17 4300 512.0 83.0
17 4301 515.0 83.0
17 4302 728.0 83.0
17 4303 732.0 83.0
17 4304 735.0 83.0
17 4305 724.0 86.0
17 4306 726.0 86.0
17 4307 769.0 84.0
17 4308 885.0 85.0
17 4309 735.0 93.0
17 4310 795.0 95.0
17 4311 726.0 103.0
17 4312 736.0 103.0
17 4313 726.0 105.0
17 4314 791.0 103.0
17 4315 795.0 104.0
17 4316 793.0 106.0
17 4317 752.0 114.0
17 4318 744.0 115.0
17 4319 751.0 116.0
17 4320 770.0 113.0
17 4321 776.0 115.0
17 4322 771.0 116.0
17 4323 1116.0 114.0
17 4324 1132.0 113.0
17 4325 146.0 123.0
17 4326 143.0 126.0
17 4327 335.0 126.0
17 4328 748.0 124.0
17 4329 776.0 126.0
17 4330 887.0 125.0
17 4331 1072.0 123.0
17 4332 1073.0 126.0
17 4333 143.0 134.0
17 4334 156.0 135.0
17 4335 149.0 136.0
17 4336 747.0 134.0
17 4337 749.0 134.0
17 4338 133.0 143.0
17 4339 130.0 146.0
17 4340 148.0 143.0
17 4341 415.0 146.0
17 4342 425.0 146.0
17 4343 745.0 143.0
17 4344 146.0 153.0
17 4345 403.0 154.0
17 4346 409.0 154.0
17 4347 416.0 156.0
17 4348 554.0 153.0
17 4349 556.0 153.0
17 4350 749.0 153.0
17 4351 767.0 153.0
17 4352 825.0 153.0
17 4353 130.0 163.0
17 4354 456.0 163.0
17 4355 794.0 163.0
17 4356 983.0 163.0
17 4357 143.0 175.0
17 4358 447.0 175.0
17 4359 636.0 173.0
17 4360 568.0 184.0
17 4361 631.0 183.0
17 4362 636.0 185.0
17 4363 894.0 185.0
17 4364 352.0 193.0
17 4365 356.0 195.0
17 4366 374.0 193.0
17 4367 373.0 195.0
17 4368 370.0 196.0
17 4369 983.0 194.0
17 4370 96.0 203.0
17 4371 332.0 206.0
17 4372 355.0 203.0
17 4373 347.0 206.0
17 4374 363.0 203.0
17 4375 370.0 203.0
17 4376 372.0 205.0
17 4377 374.0 205.0
17 4378 376.0 205.0
17 4379 512.0 204.0
17 4380 525.0 205.0
17 4381 587.0 206.0
17 4382 627.0 206.0
17 4383 713.0 206.0
17 4384 744.0 206.0
17 4385 91.0 213.0
17 4386 88.0 215.0
17 4387 331.0 214.0
17 4388 335.0 214.0
17 4389 352.0 213.0
17 4390 463.0 213.0
17 4391 715.0 214.0
17 4392 75.0 226.0
17 4393 396.0 225.0
17 4394 408.0 226.0
17 4395 434.0 226.0
17 4396 468.0 224.0
17 4397 550.0 223.0
17 4398 571.0 225.0
17 4399 584.0 225.0
17 4400 587.0 225.0
17 4401 589.0 225.0
17 4402 606.0 223.0
17 4403 796.0 225.0
17 4404 151.0 235.0
17 4405 354.0 235.0
17 4406 356.0 235.0
17 4407 369.0 233.0
17 4408 371.0 233.0
17 4409 376.0 233.0
17 4410 367.0 235.0
17 4411 369.0 235.0
17 4412 386.0 233.0
17 4413 806.0 236.0
17 4414 811.0 236.0
17 4415 146.0 243.0
17 4416 152.0 243.0
17 4417 250.0 245.0
17 4418 366.0 243.0
17 4419 363.0 244.0
17 4420 488.0 244.0
17 4421 766.0 244.0
17 4422 103.0 254.0
17 4423 555.0 264.0
17 4424 613.0 276.0
17 4425 665.0 274.0
17 4426 1096.0 283.0
17 4427 1172.0 293.0
17 4428 113.0 304.0
17 4429 473.0 305.0
17 4430 729.0 304.0
17 4431 772.0 314.0
18 4432 836.0 6.0
18 4433 729.0 13.0
18 4434 723.0 14.0
18 4435 743.0 13.0
18 4436 747.0 15.0
18 4437 743.0 16.0
18 4438 770.0 13.0
18 4439 776.0 15.0
18 4440 825.0 14.0
18 4441 872.0 16.0
18 4442 728.0 24.0
18 4443 725.0 26.0
18 4444 731.0 26.0
18 4445 736.0 26.0
18 4446 744.0 24.0
18 4447 756.0 24.0
18 4448 748.0 26.0
18 4449 767.0 23.0
18 4450 769.0 25.0
18 4451 785.0 24.0
18 4452 793.0 24.0
18 4453 795.0 24.0
18 4454 829.0 23.0
18 4455 831.0 23.0
18 4456 836.0 23.0
18 4457 827.0 25.0
18 4458 832.0 25.0
18 4459 871.0 24.0
18 4460 1012.0 23.0
18 4461 488.0 35.0
18 4462 728.0 33.0
18 4463 729.0 35.0
18 4464 731.0 36.0
18 4465 743.0 35.0
18 4466 776.0 34.0
18 4467 786.0 34.0
18 4468 804.0 33.0
18 4469 829.0 35.0
18 4470 854.0 34.0
18 4471 872.0 36.0
18 4472 896.0 35.0
18 4473 476.0 43.0
18 4474 487.0 43.0
18 4475 484.0 45.0
18 4476 486.0 46.0
18 4477 733.0 44.0
18 4478 736.0 44.0
18 4479 729.0 46.0
18 4480 735.0 46.0
18 4481 776.0 43.0
18 4482 774.0 45.0
18 4483 776.0 45.0
18 4484 830.0 43.0
18 4485 827.0 44.0
18 4486 833.0 46.0
18 4487 872.0 43.0
18 4488 475.0 53.0
18 4489 476.0 56.0
18 4490 487.0 53.0
18 4491 525.0 55.0
18 4492 529.0 56.0
18 4493 546.0 55.0
18 4494 727.0 54.0
18 4495 735.0 54.0
18 4496 793.0 56.0
18 4497 826.0 54.0
18 4498 826.0 56.0
18 4499 828.0 56.0
18 4500 894.0 53.0
18 4501 893.0 55.0
18 4502 463.0 66.0
18 4503 525.0 65.0
18 4504 732.0 63.0
18 4505 735.0 64.0
18 4506 815.0 63.0
18 4507 803.0 64.0
18 4508 809.0 66.0
18 4509 825.0 63.0
18 4510 734.0 73.0
18 4511 730.0 74.0
18 4512 730.0 76.0
18 4513 769.0 76.0
18 4514 771.0 76.0
18 4515 451.0 84.0
18 4516 450.0 86.0
18 4517 726.0 84.0
18 4518 730.0 84.0
18 4519 728.0 85.0
18 4520 774.0 83.0
18 4521 776.0 86.0
18 4522 776.0 94.0
18 4523 796.0 103.0
18 4524 792.0 105.0
18 4525 749.0 114.0
18 4526 744.0 116.0
18 4527 755.0 116.0
18 4528 776.0 115.0
18 4529 783.0 113.0
18 4530 806.0 115.0
18 4531 746.0 123.0
18 4532 753.0 123.0
18 4533 785.0 126.0
18 4534 810.0 126.0
18 4535 753.0 134.0
18 4536 767.0 133.0
18 4537 1154.0 135.0
18 4538 749.0 143.0
18 4539 773.0 143.0
18 4540 395.0 153.0
18 4541 412.0 153.0
18 4542 415.0 153.0
18 4543 405.0 155.0
18 4544 411.0 156.0
18 4545 555.0 153.0
18 4546 753.0 153.0
18 4547 912.0 154.0
18 4548 1096.0 154.0
18 4549 264.0 165.0
18 4550 912.0 173.0
18 4551 910.0 174.0
18 4552 974.0 173.0
18 4553 454.0 185.0
18 4554 568.0 185.0
18 4555 632.0 184.0
18 4556 644.0 184.0
18 4557 912.0 183.0
18 4558 314.0 196.0
18 4559 351.0 193.0
18 4560 346.0 194.0
18 4561 346.0 196.0
18 4562 351.0 196.0
18 4563 369.0 196.0
18 4564 445.0 193.0
18 4565 454.0 193.0
18 4566 567.0 193.0
18 4567 774.0 193.0
18 4568 292.0 204.0
18 4569 295.0 204.0
18 4570 350.0 204.0
18 4571 356.0 204.0
18 4572 363.0 203.0
18 4573 369.0 203.0
18 4574 407.0 206.0
18 4575 433.0 204.0
18 4576 450.0 203.0
18 4577 516.0 206.0
18 4578 524.0 206.0
18 4579 726.0 205.0
18 4580 774.0 206.0
18 4581 310.0 213.0
18 4582 326.0 216.0
18 4583 335.0 216.0
18 4584 347.0 213.0
18 4585 355.0 214.0
18 4586 344.0 216.0
18 4587 425.0 214.0
18 4588 456.0 215.0
18 4589 547.0 214.0
18 4590 551.0 215.0
18 4591 546.0 216.0
18 4592 725.0 216.0
18 4593 776.0 214.0
18 4594 364.0 226.0
18 4595 403.0 225.0
18 4596 433.0 223.0
18 4597 453.0 224.0
18 4598 472.0 224.0
18 4599 470.0 225.0
18 4600 549.0 226.0
18 4601 656.0 224.0
18 4602 650.0 225.0
18 4603 654.0 226.0
18 4604 786.0 223.0
18 4605 814.0 226.0
18 4606 314.0 234.0
18 4607 307.0 236.0
18 4608 371.0 236.0
18 4609 591.0 233.0
18 4610 367.0 244.0
18 4611 470.0 245.0
18 4612 516.0 244.0
18 4613 503.0 253.0
18 4614 510.0 266.0
18 4615 510.0 274.0
18 4616 547.0 274.0
18 4617 611.0 276.0
18 4618 507.0 283.0
18 4619 535.0 283.0
18 4620 474.0 303.0
19 4621 730.0 14.0
19 4622 752.0 14.0
19 4623 752.0 16.0
19 4624 769.0 14.0
19 4625 764.0 15.0
19 4626 785.0 15.0
19 4627 790.0 16.0
19 4628 830.0 14.0
19 4629 833.0 14.0
19 4630 835.0 14.0
19 4631 833.0 16.0
19 4632 851.0 15.0
19 4633 849.0 16.0
19 4634 875.0 15.0
19 4635 866.0 16.0
19 4636 883.0 14.0
19 4637 890.0 14.0
19 4638 932.0 13.0
19 4639 474.0 26.0
19 4640 736.0 23.0
19 4641 754.0 23.0
19 4642 756.0 25.0
19 4643 754.0 26.0
19 4644 785.0 23.0
19 4645 833.0 25.0
19 4646 848.0 23.0
19 4647 846.0 26.0
19 4648 856.0 26.0
19 4649 896.0 26.0
19 4650 930.0 26.0
19 4651 933.0 26.0
19 4652 470.0 36.0
19 4653 733.0 36.0
19 4654 743.0 35.0
19 4655 746.0 36.0
19 4656 783.0 36.0
19 4657 835.0 34.0
19 4658 832.0 36.0
19 4659 886.0 34.0
19 4660 891.0 36.0
19 4661 926.0 33.0
19 4662 936.0 35.0
19 4663 468.0 45.0
19 4664 533.0 44.0
19 4665 536.0 44.0
19 4666 530.0 46.0
19 4667 734.0 43.0
19 4668 731.0 46.0
19 4669 744.0 45.0
19 4670 747.0 45.0
19 4671 808.0 44.0
19 4672 831.0 43.0
19 4673 836.0 43.0
19 4674 834.0 46.0
19 4675 936.0 45.0
19 4676 447.0 53.0
19 4677 454.0 55.0
19 4678 451.0 56.0
19 4679 526.0 53.0
19 4680 734.0 56.0
19 4681 743.0 56.0
19 4682 747.0 56.0
19 4683 792.0 54.0
19 4684 785.0 56.0
19 4685 806.0 53.0
19 4686 836.0 53.0
19 4687 831.0 54.0
19 4688 935.0 53.0
19 4689 931.0 54.0
19 4690 503.0 63.0
19 4691 735.0 66.0
19 4692 788.0 66.0
19 4693 832.0 63.0
19 4694 834.0 66.0
19 4695 455.0 73.0
19 4696 505.0 73.0
19 4697 746.0 74.0
19 4698 744.0 75.0
19 4699 775.0 73.0
19 4700 772.0 75.0
19 4701 776.0 75.0
19 4702 763.0 76.0
19 4703 783.0 74.0
19 4704 788.0 74.0
19 4705 792.0 74.0
19 4706 791.0 76.0
19 4707 809.0 74.0
19 4708 936.0 73.0
19 4709 446.0 83.0
19 4710 731.0 86.0
19 4711 773.0 83.0
19 4712 772.0 86.0
19 4713 784.0 83.0
19 4714 930.0 86.0
19 4715 731.0 93.0
19 4716 735.0 96.0
19 4717 745.0 93.0
19 4718 743.0 96.0
19 4719 764.0 93.0
19 4720 766.0 95.0
19 4721 775.0 95.0
19 4722 808.0 94.0
19 4723 816.0 94.0
19 4724 946.0 93.0
19 4725 114.0 106.0
19 4726 211.0 103.0
19 4727 314.0 104.0
19 4728 316.0 104.0
19 4729 315.0 106.0
19 4730 323.0 106.0
19 4731 736.0 104.0
19 4732 743.0 105.0
19 4733 750.0 105.0
19 4734 766.0 104.0
19 4735 944.0 106.0
19 4736 565.0 113.0
19 4737 573.0 114.0
19 4738 576.0 116.0
19 4739 754.0 115.0
19 4740 784.0 113.0
19 4741 783.0 115.0
19 4742 814.0 113.0
19 4743 150.0 126.0
19 4744 412.0 144.0
19 4745 413.0 146.0
19 4746 394.0 153.0
19 4747 408.0 153.0
19 4748 411.0 154.0
19 4749 407.0 156.0
19 4750 554.0 153.0
19 4751 556.0 155.0
19 4752 256.0 164.0
19 4753 265.0 164.0
19 4754 563.0 165.0
19 4755 807.0 163.0
19 4756 928.0 165.0
19 4757 254.0 174.0
19 4758 275.0 175.0
19 4759 124.0 184.0
19 4760 924.0 183.0
19 4761 928.0 183.0
19 4762 924.0 186.0
19 4763 943.0 186.0
19 4764 1048.0 186.0
19 4765 346.0 193.0
19 4766 343.0 194.0
19 4767 346.0 196.0
19 4768 365.0 196.0
19 4769 551.0 195.0
19 4770 553.0 196.0
19 4771 567.0 193.0
19 4772 568.0 196.0
19 4773 573.0 196.0
19 4774 273.0 203.0
19 4775 287.0 204.0
19 4776 356.0 203.0
19 4777 353.0 204.0
19 4778 345.0 205.0
19 4779 350.0 206.0
19 4780 355.0 206.0
19 4781 364.0 203.0
19 4782 376.0 204.0
19 4783 365.0 205.0
19 4784 385.0 203.0
19 4785 383.0 205.0
19 4786 416.0 203.0
19 4787 425.0 205.0
19 4788 428.0 205.0
19 4789 513.0 206.0
19 4790 547.0 204.0
19 4791 325.0 214.0
19 4792 332.0 214.0
19 4793 336.0 216.0
19 4794 363.0 213.0
19 4795 370.0 213.0
19 4796 406.0 213.0
19 4797 404.0 215.0
19 4798 515.0 216.0
19 4799 551.0 213.0
19 4800 548.0 214.0
19 4801 551.0 215.0
19 4802 648.0 215.0
19 4803 773.0 213.0
19 4804 212.0 224.0
19 4805 234.0 223.0
19 4806 249.0 225.0
19 4807 244.0 226.0
19 4808 345.0 226.0
19 4809 389.0 224.0
19 4810 429.0 223.0
19 4811 426.0 225.0
19 4812 511.0 225.0
19 4813 508.0 226.0
19 4814 550.0 223.0
19 4815 846.0 226.0
19 4816 368.0 233.0
19 4817 371.0 235.0
19 4818 569.0 234.0
19 4819 615.0 233.0
19 4820 832.0 233.0
19 4821 216.0 245.0
19 4822 235.0 243.0
19 4823 243.0 246.0
19 4824 388.0 243.0
19 4825 386.0 244.0
19 4826 748.0 243.0
19 4827 224.0 253.0
19 4828 250.0 254.0
19 4829 274.0 253.0
19 4830 284.0 255.0
19 4831 306.0 253.0
19 4832 309.0 255.0
19 4833 325.0 255.0
19 4834 367.0 253.0
19 4835 554.0 256.0
19 4836 756.0 255.0
19 4837 211.0 264.0
19 4838 528.0 264.0
19 4839 533.0 273.0
19 4840 635.0 275.0
19 4841 544.0 284.0
19 4842 611.0 283.0
20 4843 133.0 13.0
20 4844 136.0 13.0
20 4845 143.0 13.0
20 4846 149.0 13.0
20 4847 147.0 16.0
20 4848 151.0 16.0
20 4849 474.0 15.0
20 4850 463.0 16.0
20 4851 465.0 16.0
20 4852 735.0 16.0
20 4853 755.0 14.0
20 4854 751.0 16.0
20 4855 772.0 15.0
20 4856 791.0 16.0
20 4857 806.0 13.0
20 4858 807.0 15.0
20 4859 827.0 13.0
20 4860 847.0 13.0
20 4861 854.0 13.0
20 4862 843.0 16.0
20 4863 863.0 13.0
20 4864 865.0 13.0
20 4865 875.0 13.0
20 4866 893.0 13.0
20 4867 890.0 14.0
20 4868 896.0 14.0
20 4869 944.0 15.0
20 4870 948.0 16.0
20 4871 149.0 23.0
20 4872 151.0 23.0
20 4873 155.0 23.0
20 4874 154.0 26.0
20 4875 473.0 24.0
20 4876 756.0 24.0
20 4877 794.0 25.0
20 4878 852.0 23.0
20 4879 847.0 26.0
20 4880 854.0 26.0
20 4881 896.0 26.0
20 4882 956.0 23.0
20 4883 132.0 34.0
20 4884 125.0 36.0
20 4885 151.0 33.0
20 4886 156.0 34.0
20 4887 152.0 36.0
20 4888 475.0 33.0
20 4889 515.0 33.0
20 4890 746.0 33.0
20 4891 744.0 35.0
20 4892 747.0 35.0
20 4893 754.0 36.0
20 4894 793.0 33.0
20 4895 796.0 33.0
20 4896 789.0 34.0
20 4897 787.0 36.0
20 4898 846.0 35.0
20 4899 843.0 36.0
20 4900 951.0 33.0
20 4901 130.0 43.0
20 4902 128.0 45.0
20 4903 156.0 43.0
20 4904 152.0 45.0
20 4905 163.0 43.0
20 4906 165.0 46.0
20 4907 434.0 44.0
20 4908 436.0 45.0
20 4909 524.0 44.0
20 4910 526.0 45.0
20 4911 523.0 46.0
20 4912 536.0 46.0
20 4913 543.0 43.0
20 4914 730.0 46.0
20 4915 736.0 46.0
20 4916 744.0 46.0
20 4917 945.0 43.0
20 4918 954.0 43.0
20 4919 945.0 45.0
20 4920 943.0 46.0
20 4921 951.0 46.0
20 4922 973.0 44.0
20 4923 964.0 45.0
20 4924 973.0 46.0
20 4925 131.0 56.0
20 4926 153.0 56.0
20 4927 155.0 56.0
20 4928 167.0 53.0
20 4929 171.0 53.0
20 4930 164.0 54.0
20 4931 165.0 56.0
20 4932 215.0 53.0
20 4933 496.0 56.0
20 4934 731.0 54.0
20 4935 734.0 54.0
20 4936 730.0 56.0
20 4937 748.0 53.0
20 4938 752.0 53.0
20 4939 750.0 54.0
20 4940 786.0 55.0
20 4941 789.0 55.0
20 4942 792.0 56.0
20 4943 808.0 53.0
20 4944 812.0 53.0
20 4945 830.0 56.0
20 4946 847.0 53.0
20 4947 945.0 54.0
20 4948 948.0 55.0
20 4949 86.0 64.0
20 4950 85.0 66.0
20 4951 148.0 63.0
20 4952 211.0 63.0
20 4953 214.0 64.0
20 4954 206.0 65.0
20 4955 209.0 66.0
20 4956 445.0 65.0
20 4957 669.0 64.0
20 4958 747.0 65.0
20 4959 744.0 66.0
20 4960 954.0 66.0
20 4961 172.0 74.0
20 4962 183.0 74.0
20 4963 214.0 74.0
20 4964 436.0 74.0
20 4965 433.0 75.0
20 4966 747.0 74.0
20 4967 750.0 75.0
20 4968 768.0 73.0
20 4969 785.0 73.0
20 4970 787.0 73.0
20 4971 785.0 75.0
20 4972 788.0 75.0
20 4973 945.0 74.0
20 4974 955.0 75.0
20 4975 945.0 76.0
20 4976 973.0 73.0
20 4977 973.0 75.0
20 4978 154.0 84.0
20 4979 668.0 86.0
20 4980 736.0 84.0
20 4981 749.0 86.0
20 4982 790.0 86.0
20 4983 955.0 86.0
20 4984 973.0 83.0
20 4985 91.0 95.0
20 4986 176.0 93.0
20 4987 185.0 96.0
20 4988 416.0 94.0
20 4989 743.0 94.0
20 4990 749.0 94.0
20 4991 767.0 93.0
20 4992 772.0 93.0
20 4993 794.0 94.0
20 4994 789.0 96.0
20 4995 794.0 96.0
20 4996 815.0 95.0
20 4997 811.0 96.0
20 4998 969.0 93.0
20 4999 305.0 103.0
20 5000 310.0 104.0
20 5001 316.0 105.0
20 5002 308.0 106.0
20 5003 534.0 105.0
20 5004 785.0 106.0
20 5005 789.0 106.0
20 5006 816.0 104.0
20 5007 816.0 106.0
20 5008 233.0 113.0
20 5009 228.0 115.0
20 5010 231.0 116.0
20 5011 245.0 116.0
20 5012 568.0 113.0
20 5013 573.0 113.0
20 5014 576.0 115.0
20 5015 765.0 113.0
20 5016 789.0 114.0
20 5017 969.0 116.0
20 5018 86.0 123.0
20 5019 236.0 125.0
20 5020 310.0 126.0
20 5021 765.0 123.0
20 5022 771.0 125.0
20 5023 232.0 134.0
20 5024 309.0 133.0
20 5025 310.0 135.0
20 5026 532.0 136.0
20 5027 783.0 133.0
20 5028 110.0 143.0
20 5029 385.0 145.0
20 5030 391.0 146.0
20 5031 410.0 146.0
20 5032 1043.0 146.0
20 5033 309.0 153.0
20 5034 389.0 154.0
20 5035 403.0 153.0
20 5036 403.0 156.0
20 5037 555.0 154.0
20 5038 550.0 156.0
20 5039 555.0 156.0
20 5040 563.0 153.0
20 5041 568.0 153.0
20 5042 249.0 165.0
20 5043 252.0 166.0
20 5044 951.0 163.0
20 5045 246.0 175.0
20 5046 873.0 175.0
20 5047 975.0 175.0
20 5048 91.0 186.0
20 5049 567.0 185.0
20 5050 632.0 184.0
20 5051 634.0 184.0
20 5052 636.0 184.0
20 5053 647.0 186.0
20 5054 774.0 186.0
20 5055 872.0 184.0
20 5056 876.0 186.0
20 5057 946.0 184.0
20 5058 946.0 186.0
20 5059 952.0 186.0
20 5060 335.0 194.0
20 5061 347.0 193.0
20 5062 492.0 195.0
20 5063 506.0 195.0
20 5064 503.0 196.0
20 5065 545.0 196.0
20 5066 567.0 193.0
20 5067 568.0 196.0
20 5068 574.0 196.0
20 5069 623.0 193.0
20 5070 264.0 205.0
20 5071 303.0 205.0
20 5072 308.0 205.0
20 5073 348.0 204.0
20 5074 352.0 204.0
20 5075 356.0 205.0
20 5076 383.0 204.0
20 5077 388.0 204.0
20 5078 393.0 204.0
20 5079 428.0 204.0
20 5080 424.0 206.0
20 5081 509.0 206.0
20 5082 289.0 214.0
20 5083 288.0 216.0
20 5084 308.0 213.0
20 5085 313.0 213.0
20 5086 315.0 216.0
20 5087 323.0 216.0
20 5088 363.0 214.0
20 5089 393.0 213.0
20 5090 391.0 215.0
20 5091 395.0 215.0
20 5092 413.0 214.0
20 5093 424.0 213.0
20 5094 432.0 213.0
20 5095 428.0 216.0
20 5096 525.0 213.0
20 5097 555.0 213.0
20 5098 564.0 213.0
20 5099 626.0 213.0
20 5100 812.0 213.0
20 5101 815.0 214.0
20 5102 148.0 223.0
20 5103 155.0 223.0
20 5104 216.0 225.0
20 5105 234.0 226.0
20 5106 296.0 224.0
20 5107 347.0 223.0
20 5108 356.0 224.0
20 5109 366.0 225.0
20 5110 551.0 223.0
20 5111 548.0 226.0
20 5112 843.0 223.0
20 5113 191.0 235.0
20 5114 195.0 235.0
20 5115 187.0 236.0
20 5116 289.0 233.0
20 5117 283.0 235.0
20 5118 375.0 236.0
20 5119 391.0 235.0
20 5120 413.0 234.0
20 5121 454.0 233.0
20 5122 449.0 234.0
20 5123 572.0 234.0
20 5124 568.0 236.0
20 5125 594.0 234.0
20 5126 596.0 234.0
20 5127 583.0 236.0
20 5128 588.0 236.0
20 5129 609.0 234.0
20 5130 603.0 235.0
20 5131 147.0 243.0
20 5132 152.0 243.0
20 5133 256.0 243.0
20 5134 270.0 244.0
20 5135 534.0 243.0
20 5136 655.0 246.0
20 5137 846.0 243.0
20 5138 103.0 256.0
20 5139 214.0 253.0
20 5140 263.0 254.0
20 5141 315.0 255.0
20 5142 876.0 256.0
20 5143 895.0 255.0
20 5144 255.0 263.0
20 5145 249.0 266.0
20 5146 271.0 266.0
20 5147 608.0 266.0
20 5148 772.0 263.0
20 5149 775.0 263.0
20 5150 129.0 285.0
20 5151 156.0 285.0
20 5152 573.0 283.0
21 5153 884.0 6.0
21 5154 904.0 5.0
21 5155 65.0 14.0
21 5156 128.0 13.0
21 5157 136.0 13.0
21 5158 131.0 14.0
21 5159 135.0 16.0
21 5160 143.0 15.0
21 5161 750.0 14.0
21 5162 767.0 13.0
21 5163 773.0 13.0
21 5164 770.0 14.0
21 5165 793.0 13.0
21 5166 796.0 13.0
21 5167 852.0 15.0
21 5168 850.0 16.0
21 5169 855.0 16.0
21 5170 863.0 13.0
21 5171 866.0 15.0
21 5172 870.0 16.0
21 5173 956.0 13.0
21 5174 964.0 13.0
21 5175 969.0 14.0
21 5176 1012.0 13.0
21 5177 73.0 24.0
21 5178 74.0 26.0
21 5179 104.0 23.0
21 5180 112.0 26.0
21 5181 116.0 26.0
21 5182 143.0 23.0
21 5183 743.0 26.0
21 5184 751.0 26.0
21 5185 755.0 26.0
21 5186 792.0 23.0
21 5187 794.0 24.0
21 5188 794.0 26.0
21 5189 852.0 25.0
21 5190 950.0 24.0
21 5191 964.0 23.0
21 5192 969.0 24.0
21 5193 972.0 25.0
21 5194 1011.0 23.0
21 5195 1009.0 24.0
21 5196 1013.0 25.0
21 5197 1010.0 26.0
21 5198 91.0 33.0
21 5199 105.0 36.0
21 5200 131.0 34.0
21 5201 134.0 34.0
21 5202 144.0 34.0
21 5203 154.0 35.0
21 5204 755.0 33.0
21 5205 750.0 34.0
21 5206 745.0 36.0
21 5207 796.0 33.0
21 5208 794.0 34.0
21 5209 794.0 36.0
21 5210 853.0 33.0
21 5211 848.0 35.0
21 5212 116.0 43.0
21 5213 111.0 45.0
21 5214 154.0 43.0
21 5215 196.0 45.0
21 5216 750.0 43.0
21 5217 793.0 46.0
21 5218 805.0 46.0
21 5219 814.0 46.0
21 5220 853.0 46.0
21 5221 964.0 43.0
21 5222 970.0 44.0
21 5223 967.0 46.0
21 5224 986.0 43.0
21 5225 1005.0 43.0
21 5226 1013.0 43.0
21 5227 83.0 53.0
21 5228 96.0 55.0
21 5229 112.0 56.0
21 5230 123.0 56.0
21 5231 143.0 54.0
21 5232 144.0 56.0
21 5233 750.0 54.0
21 5234 794.0 54.0
21 5235 825.0 53.0
21 5236 832.0 55.0
21 5237 849.0 53.0
21 5238 844.0 54.0
21 5239 851.0 55.0
21 5240 849.0 56.0
21 5241 865.0 53.0
21 5242 964.0 54.0
21 5243 974.0 56.0
21 5244 110.0 65.0
21 5245 105.0 66.0
21 5246 128.0 63.0
21 5247 147.0 63.0
21 5248 196.0 66.0
21 5249 795.0 66.0
21 5250 973.0 63.0
21 5251 966.0 64.0
21 5252 964.0 66.0
21 5253 1004.0 63.0
21 5254 145.0 75.0
21 5255 169.0 76.0
21 5256 756.0 73.0
21 5257 748.0 74.0
21 5258 746.0 75.0
21 5259 795.0 73.0
21 5260 968.0 73.0
21 5261 973.0 75.0
21 5262 964.0 76.0
21 5263 116.0 83.0
21 5264 123.0 83.0
21 5265 143.0 83.0
21 5266 154.0 84.0
21 5267 167.0 83.0
21 5268 167.0 85.0
21 5269 755.0 84.0
21 5270 743.0 85.0
21 5271 783.0 83.0
21 5272 292.0 96.0
21 5273 771.0 94.0
21 5274 769.0 95.0
21 5275 796.0 93.0
21 5276 816.0 95.0
21 5277 805.0 96.0
21 5278 823.0 93.0
21 5279 823.0 96.0
21 5280 986.0 96.0
21 5281 107.0 106.0
21 5282 208.0 105.0
21 5283 823.0 104.0
21 5284 1015.0 104.0
21 5285 76.0 113.0
21 5286 236.0 115.0
21 5287 223.0 116.0
21 5288 285.0 113.0
21 5289 288.0 114.0
21 5290 576.0 114.0
21 5291 796.0 113.0
21 5292 988.0 114.0
21 5293 983.0 115.0
21 5294 1010.0 113.0
21 5295 228.0 123.0
21 5296 226.0 124.0
21 5297 245.0 124.0
21 5298 223.0 133.0
21 5299 531.0 136.0
21 5300 386.0 146.0
21 5301 389.0 146.0
21 5302 391.0 146.0
21 5303 395.0 146.0
21 5304 405.0 146.0
21 5305 845.0 146.0
21 5306 343.0 155.0
21 5307 376.0 156.0
21 5308 394.0 156.0
21 5309 396.0 156.0
21 5310 553.0 153.0
21 5311 552.0 155.0
21 5312 556.0 155.0
21 5313 549.0 156.0
21 5314 554.0 156.0
21 5315 948.0 156.0
21 5316 564.0 163.0
21 5317 569.0 164.0
21 5318 563.0 165.0
21 5319 815.0 164.0
21 5320 823.0 163.0
21 5321 644.0 174.0
21 5322 885.0 173.0
21 5323 967.0 174.0
21 5324 250.0 183.0
21 5325 567.0 186.0
21 5326 633.0 184.0
21 5327 643.0 186.0
21 5328 649.0 186.0
21 5329 887.0 183.0
21 5330 896.0 184.0
21 5331 966.0 185.0
21 5332 329.0 195.0
21 5333 335.0 195.0
21 5334 572.0 193.0
21 5335 563.0 194.0
21 5336 567.0 194.0
21 5337 564.0 196.0
21 5338 583.0 194.0
21 5339 590.0 195.0
21 5340 624.0 193.0
21 5341 633.0 193.0
21 5342 255.0 203.0
21 5343 254.0 206.0
21 5344 354.0 204.0
21 5345 343.0 205.0
21 5346 347.0 205.0
21 5347 351.0 206.0
21 5348 376.0 205.0
21 5349 368.0 206.0
21 5350 407.0 203.0
21 5351 425.0 203.0
21 5352 424.0 205.0
21 5353 534.0 203.0
21 5354 603.0 204.0
21 5355 213.0 213.0
21 5356 296.0 215.0
21 5357 307.0 215.0
21 5358 323.0 214.0
21 5359 331.0 214.0
21 5360 348.0 216.0
21 5361 355.0 216.0
21 5362 369.0 214.0
21 5363 372.0 214.0
21 5364 407.0 216.0
21 5365 426.0 215.0
21 5366 572.0 213.0
21 5367 563.0 215.0
21 5368 635.0 213.0
21 5369 766.0 216.0
21 5370 131.0 225.0
21 5371 136.0 226.0
21 5372 310.0 225.0
21 5373 336.0 226.0
21 5374 412.0 225.0
21 5375 506.0 223.0
21 5376 564.0 224.0
21 5377 667.0 224.0
21 5378 769.0 223.0
21 5379 767.0 226.0
21 5380 810.0 226.0
21 5381 834.0 223.0
21 5382 171.0 234.0
21 5383 173.0 235.0
21 5384 164.0 236.0
21 5385 169.0 236.0
21 5386 196.0 234.0
21 5387 210.0 235.0
21 5388 212.0 235.0
21 5389 254.0 235.0
21 5390 310.0 233.0
21 5391 334.0 233.0
21 5392 327.0 234.0
21 5393 372.0 235.0
21 5394 387.0 235.0
21 5395 543.0 233.0
21 5396 131.0 243.0
21 5397 311.0 243.0
21 5398 412.0 243.0
21 5399 531.0 245.0
21 5400 875.0 244.0
21 5401 886.0 243.0
21 5402 111.0 254.0
21 5403 185.0 256.0
21 5404 351.0 254.0
21 5405 354.0 256.0
21 5406 650.0 253.0
21 5407 514.0 264.0
21 5408 624.0 266.0
21 5409 692.0 265.0
21 5410 909.0 266.0
21 5411 189.0 273.0
21 5412 216.0 275.0
22 5413 128.0 13.0
22 5414 508.0 16.0
22 5415 747.0 14.0
22 5416 753.0 16.0
22 5417 766.0 16.0
22 5418 803.0 15.0
22 5419 809.0 15.0
22 5420 814.0 15.0
22 5421 834.0 14.0
22 5422 871.0 13.0
22 5423 864.0 16.0
22 5424 975.0 15.0
22 5425 1026.0 13.0
22 5426 1029.0 15.0
22 5427 1036.0 15.0
22 5428 1096.0 13.0
22 5429 56.0 23.0
22 5430 74.0 26.0
22 5431 104.0 23.0
22 5432 128.0 23.0
22 5433 127.0 25.0
22 5434 130.0 26.0
22 5435 133.0 26.0
22 5436 409.0 24.0
22 5437 412.0 25.0
22 5438 524.0 23.0
22 5439 748.0 23.0
22 5440 750.0 24.0
22 5441 767.0 24.0
22 5442 811.0 23.0
22 5443 807.0 24.0
22 5444 803.0 25.0
22 5445 865.0 25.0
22 5446 863.0 26.0
22 5447 987.0 23.0
22 5448 1003.0 23.0
22 5449 1032.0 23.0
22 5450 1027.0 24.0
22 5451 49.0 36.0
22 5452 93.0 33.0
22 5453 103.0 34.0
22 5454 129.0 33.0
22 5455 132.0 35.0
22 5456 174.0 36.0
22 5457 532.0 33.0
22 5458 752.0 33.0
22 5459 748.0 34.0
22 5460 763.0 33.0
22 5461 765.0 33.0
22 5462 984.0 36.0
22 5463 990.0 36.0
22 5464 1027.0 35.0
22 5465 1066.0 33.0
22 5466 1067.0 35.0
22 5467 107.0 44.0
22 5468 511.0 43.0
22 5469 756.0 44.0
22 5470 749.0 45.0
22 5471 747.0 46.0
22 5472 753.0 46.0
22 5473 764.0 45.0
22 5474 814.0 43.0
22 5475 803.0 44.0
22 5476 805.0 44.0
22 5477 804.0 46.0
22 5478 807.0 46.0
22 5479 829.0 43.0
22 5480 823.0 44.0
22 5481 829.0 45.0
22 5482 865.0 44.0
22 5483 872.0 44.0
22 5484 863.0 46.0
22 5485 84.0 54.0
22 5486 109.0 53.0
22 5487 116.0 56.0
22 5488 124.0 55.0
22 5489 406.0 55.0
22 5490 748.0 55.0
22 5491 787.0 56.0
22 5492 810.0 55.0
22 5493 1027.0 54.0
22 5494 1029.0 56.0
22 5495 92.0 63.0
22 5496 148.0 64.0
22 5497 151.0 66.0
22 5498 749.0 63.0
22 5499 750.0 65.0
22 5500 796.0 63.0
22 5501 790.0 65.0
22 5502 792.0 65.0
22 5503 803.0 63.0
22 5504 813.0 64.0
22 5505 805.0 65.0
22 5506 813.0 66.0
22 5507 833.0 64.0
22 5508 848.0 64.0
22 5509 1028.0 66.0
22 5510 1063.0 65.0
22 5511 126.0 73.0
22 5512 153.0 76.0
22 5513 746.0 73.0
22 5514 796.0 75.0
22 5515 803.0 74.0
22 5516 805.0 74.0
22 5517 943.0 73.0
22 5518 946.0 74.0
22 5519 993.0 73.0
22 5520 1028.0 76.0
22 5521 388.0 83.0
22 5522 746.0 86.0
22 5523 763.0 86.0
22 5524 786.0 83.0
22 5525 784.0 85.0
22 5526 803.0 84.0
22 5527 805.0 86.0
22 5528 831.0 83.0
22 5529 844.0 86.0
22 5530 851.0 86.0
22 5531 863.0 85.0
22 5532 1028.0 83.0
22 5533 1032.0 84.0
22 5534 1028.0 86.0
22 5535 1033.0 86.0
22 5536 1044.0 85.0
22 5537 1050.0 86.0
22 5538 1072.0 83.0
22 5539 1071.0 85.0
22 5540 187.0 96.0
22 5541 285.0 96.0
22 5542 291.0 96.0
22 5543 704.0 94.0
22 5544 751.0 96.0
22 5545 804.0 94.0
22 5546 808.0 94.0
22 5547 805.0 96.0
22 5548 808.0 96.0
22 5549 826.0 93.0
22 5550 831.0 93.0
22 5551 1073.0 94.0
22 5552 206.0 103.0
22 5553 210.0 103.0
22 5554 208.0 105.0
22 5555 296.0 103.0
22 5556 306.0 106.0
22 5557 564.0 106.0
22 5558 750.0 104.0
22 5559 803.0 103.0
22 5560 806.0 104.0
22 5561 808.0 105.0
22 5562 813.0 105.0
22 5563 810.0 106.0
22 5564 1033.0 103.0
22 5565 1070.0 104.0
22 5566 209.0 113.0
22 5567 212.0 114.0
22 5568 211.0 116.0
22 5569 228.0 113.0
22 5570 228.0 115.0
22 5571 265.0 116.0
22 5572 268.0 116.0
22 5573 310.0 113.0
22 5574 307.0 115.0
22 5575 574.0 113.0
22 5576 576.0 113.0
22 5577 216.0 123.0
22 5578 263.0 123.0
22 5579 287.0 123.0
22 5580 804.0 125.0
22 5581 529.0 134.0
22 5582 526.0 136.0
22 5583 987.0 146.0
22 5584 1031.0 144.0
22 5585 374.0 155.0
22 5586 393.0 154.0
22 5587 387.0 155.0
22 5588 554.0 153.0
22 5589 553.0 155.0
22 5590 831.0 163.0
22 5591 823.0 164.0
22 5592 829.0 166.0
22 5593 908.0 163.0
22 5594 234.0 175.0
22 5595 250.0 174.0
22 5596 755.0 173.0
22 5597 989.0 174.0
22 5598 1012.0 173.0
22 5599 564.0 184.0
22 5600 568.0 184.0
22 5601 652.0 183.0
22 5602 643.0 186.0
22 5603 651.0 186.0
22 5604 983.0 184.0
22 5605 989.0 186.0
22 5606 1006.0 186.0
22 5607 336.0 194.0
22 5608 323.0 195.0
22 5609 329.0 195.0
22 5610 351.0 195.0
22 5611 489.0 194.0
22 5612 488.0 196.0
22 5613 494.0 196.0
22 5614 496.0 196.0
22 5615 572.0 193.0
22 5616 567.0 194.0
22 5617 584.0 193.0
22 5618 590.0 195.0
22 5619 287.0 206.0
22 5620 329.0 203.0
22 5621 336.0 206.0
22 5622 349.0 204.0
22 5623 343.0 205.0
22 5624 346.0 206.0
22 5625 374.0 205.0
22 5626 388.0 203.0
22 5627 392.0 204.0
22 5628 396.0 204.0
22 5629 403.0 203.0
22 5630 403.0 206.0
22 5631 483.0 203.0
22 5632 568.0 203.0
22 5633 572.0 206.0
22 5634 296.0 213.0
22 5635 285.0 215.0
22 5636 287.0 215.0
22 5637 295.0 216.0
22 5638 315.0 215.0
22 5639 312.0 216.0
22 5640 365.0 215.0
22 5641 370.0 215.0
22 5642 493.0 214.0
22 5643 508.0 213.0
22 5644 564.0 214.0
22 5645 586.0 214.0
22 5646 588.0 214.0
22 5647 636.0 215.0
22 5648 711.0 213.0
22 5649 1076.0 214.0
22 5650 105.0 223.0
22 5651 283.0 223.0
22 5652 293.0 224.0
22 5653 373.0 224.0
22 5654 405.0 223.0
22 5655 494.0 225.0
22 5656 507.0 226.0
22 5657 552.0 225.0
22 5658 609.0 224.0
22 5659 684.0 223.0
22 5660 191.0 235.0
22 5661 276.0 233.0
22 5662 326.0 235.0
22 5663 396.0 236.0
22 5664 543.0 235.0
22 5665 788.0 233.0
22 5666 866.0 236.0
22 5667 128.0 244.0
22 5668 169.0 243.0
22 5669 192.0 246.0
22 5670 287.0 246.0
22 5671 350.0 246.0
22 5672 589.0 243.0
22 5673 594.0 243.0
22 5674 596.0 243.0
22 5675 594.0 245.0
22 5676 583.0 246.0
22 5677 588.0 246.0
22 5678 86.0 253.0
22 5679 524.0 253.0
22 5680 524.0 256.0
22 5681 711.0 256.0
22 5682 912.0 254.0
22 5683 87.0 264.0
22 5684 149.0 266.0
22 5685 224.0 264.0
22 5686 515.0 263.0
22 5687 589.0 263.0
22 5688 636.0 264.0
22 5689 185.0 274.0
22 5690 656.0 276.0
22 5691 1055.0 276.0
22 5692 995.0 284.0
23 5693 843.0 6.0
23 5694 73.0 13.0
23 5695 94.0 16.0
23 5696 115.0 15.0
23 5697 112.0 16.0
23 5698 503.0 13.0
23 5699 769.0 13.0
23 5700 770.0 15.0
23 5701 809.0 14.0
23 5702 804.0 15.0
23 5703 807.0 16.0
23 5704 867.0 15.0
23 5705 890.0 14.0
23 5706 1035.0 15.0
23 5707 1045.0 13.0
23 5708 1043.0 16.0
23 5709 1048.0 16.0
23 5710 76.0 26.0
23 5711 86.0 25.0
23 5712 114.0 23.0
23 5713 471.0 24.0
23 5714 470.0 26.0
23 5715 511.0 25.0
23 5716 528.0 24.0
23 5717 770.0 26.0
23 5718 815.0 24.0
23 5719 873.0 23.0
23 5720 869.0 25.0
23 5721 1095.0 23.0
23 5722 1083.0 25.0
23 5723 1111.0 26.0
23 5724 405.0 35.0
23 5725 476.0 36.0
23 5726 506.0 33.0
23 5727 506.0 36.0
23 5728 752.0 33.0
23 5729 767.0 33.0
23 5730 815.0 34.0
23 5731 831.0 35.0
23 5732 836.0 35.0
23 5733 823.0 36.0
23 5734 867.0 36.0
23 5735 1034.0 33.0
23 5736 1043.0 34.0
23 5737 1046.0 36.0
23 5738 1106.0 36.0
23 5739 53.0 44.0
23 5740 67.0 46.0
23 5741 390.0 44.0
23 5742 748.0 44.0
23 5743 810.0 46.0
23 5744 843.0 43.0
23 5745 1044.0 44.0
23 5746 1107.0 44.0
23 5747 66.0 55.0
23 5748 488.0 53.0
23 5749 810.0 56.0
23 5750 867.0 54.0
23 5751 1043.0 54.0
23 5752 1107.0 54.0
23 5753 1113.0 55.0
23 5754 69.0 65.0
23 5755 768.0 63.0
23 5756 868.0 66.0
23 5757 1092.0 66.0
23 5758 1110.0 66.0
23 5759 104.0 76.0
23 5760 130.0 74.0
23 5761 753.0 74.0
23 5762 767.0 76.0
23 5763 813.0 74.0
23 5764 1045.0 74.0
23 5765 1063.0 73.0
23 5766 1108.0 74.0
23 5767 749.0 84.0
23 5768 766.0 84.0
23 5769 803.0 83.0
23 5770 1067.0 86.0
23 5771 1069.0 86.0
23 5772 1091.0 86.0
23 5773 1108.0 84.0
23 5774 1063.0 95.0
23 5775 1074.0 95.0
23 5776 811.0 106.0
23 5777 848.0 103.0
23 5778 844.0 126.0
23 5779 208.0 136.0
23 5780 216.0 145.0
23 5781 907.0 145.0
23 5782 911.0 145.0
23 5783 1011.0 143.0
23 5784 750.0 153.0
23 5785 856.0 155.0
23 5786 1023.0 156.0
23 5787 1051.0 154.0
23 5788 1054.0 154.0
23 5789 1055.0 175.0
23 5790 1044.0 176.0
23 5791 646.0 186.0
23 5792 1005.0 183.0
23 5793 1014.0 185.0
23 5794 1034.0 185.0
23 5795 1053.0 186.0
23 5796 1063.0 184.0
23 5797 316.0 195.0
23 5798 332.0 193.0
23 5799 330.0 194.0
23 5800 323.0 195.0
23 5801 344.0 194.0
23 5802 344.0 196.0
23 5803 347.0 196.0
23 5804 1015.0 195.0
23 5805 233.0 204.0
23 5806 323.0 203.0
23 5807 336.0 205.0
23 5808 330.0 206.0
23 5809 92.0 224.0
23 5810 107.0 224.0
23 5811 172.0 225.0
23 5812 272.0 223.0
23 5813 372.0 223.0
23 5814 388.0 223.0
23 5815 805.0 226.0
23 5816 123.0 236.0
23 5817 368.0 235.0
23 5818 907.0 236.0
23 5819 907.0 244.0
23 5820 254.0 255.0
23 5821 305.0 255.0
23 5822 649.0 254.0
23 5823 972.0 256.0
23 5824 183.0 266.0
23 5825 205.0 266.0
23 5826 232.0 265.0
23 5827 971.0 263.0
23 5828 134.0 273.0
23 5829 856.0 294.0
23 5830 996.0 293.0
24 5831 774.0 15.0
24 5832 886.0 13.0
24 5833 889.0 16.0
24 5834 464.0 24.0
24 5835 1136.0 23.0
24 5836 1127.0 26.0
24 5837 772.0 33.0
24 5838 776.0 34.0
24 5839 765.0 35.0
24 5840 795.0 35.0
24 5841 813.0 34.0
24 5842 823.0 36.0
24 5843 847.0 34.0
24 5844 850.0 36.0
24 5845 1063.0 36.0
24 5846 1147.0 34.0
24 5847 1144.0 36.0
24 5848 816.0 45.0
24 5849 834.0 44.0
24 5850 827.0 45.0
24 5851 1063.0 46.0
24 5852 1134.0 43.0
24 5853 1130.0 46.0
24 5854 772.0 55.0
24 5855 812.0 53.0
24 5856 815.0 55.0
24 5857 808.0 56.0
24 5858 823.0 53.0
24 5859 824.0 55.0
24 5860 827.0 56.0
24 5861 852.0 54.0
24 5862 867.0 54.0
24 5863 869.0 54.0
24 5864 1064.0 53.0
24 5865 775.0 66.0
24 5866 849.0 63.0
24 5867 1111.0 63.0
24 5868 1116.0 65.0
24 5869 1132.0 63.0
24 5870 1123.0 65.0
24 5871 773.0 73.0
24 5872 803.0 73.0
24 5873 848.0 75.0
24 5874 1103.0 73.0
24 5875 1110.0 76.0
24 5876 1127.0 74.0
24 5877 844.0 85.0
24 5878 849.0 86.0
24 5879 895.0 83.0
24 5880 1085.0 83.0
24 5881 1088.0 83.0
24 5882 1109.0 85.0
24 5883 1128.0 85.0
24 5884 1130.0 86.0
24 5885 614.0 96.0
24 5886 849.0 95.0
24 5887 1128.0 93.0
24 5888 1133.0 93.0
24 5889 765.0 105.0
24 5890 1074.0 124.0
24 5891 814.0 136.0
24 5892 207.0 145.0
24 5893 846.0 145.0
24 5894 851.0 145.0
24 5895 1116.0 146.0
24 5896 1123.0 146.0
24 5897 552.0 153.0
24 5898 864.0 155.0
24 5899 1051.0 155.0
24 5900 1053.0 155.0
24 5901 1086.0 153.0
24 5902 445.0 163.0
24 5903 1047.0 165.0
24 5904 851.0 173.0
24 5905 1076.0 176.0
24 5906 647.0 186.0
24 5907 316.0 195.0
24 5908 310.0 196.0
24 5909 324.0 194.0
24 5910 223.0 205.0
24 5911 316.0 204.0
24 5912 325.0 206.0
24 5913 330.0 206.0
24 5914 274.0 216.0
24 5915 296.0 216.0
24 5916 95.0 223.0
24 5917 88.0 225.0
24 5918 255.0 226.0
24 5919 267.0 224.0
24 5920 272.0 224.0
24 5921 268.0 226.0
24 5922 283.0 224.0
24 5923 373.0 224.0
24 5924 544.0 235.0
24 5925 812.0 234.0
24 5926 843.0 234.0
24 5927 91.0 245.0
24 5928 127.0 244.0
24 5929 136.0 246.0
24 5930 143.0 245.0
24 5931 175.0 245.0
24 5932 268.0 244.0
24 5933 536.0 243.0
24 5934 532.0 246.0
24 5935 847.0 244.0
24 5936 849.0 246.0
24 5937 75.0 253.0
24 5938 112.0 254.0
24 5939 234.0 263.0
24 5940 513.0 264.0
24 5941 169.0 275.0
24 5942 167.0 276.0
24 5943 1035.0 284.0
25 5944 1149.0 5.0
25 5945 824.0 13.0
25 5946 832.0 14.0
25 5947 891.0 14.0
25 5948 1151.0 14.0
25 5949 1151.0 16.0
25 5950 1194.0 15.0
25 5951 1188.0 16.0
25 5952 766.0 23.0
25 5953 832.0 24.0
25 5954 849.0 25.0
25 5955 856.0 26.0
25 5956 889.0 26.0
25 5957 1136.0 26.0
25 5958 1175.0 25.0
25 5959 1170.0 26.0
25 5960 1173.0 26.0
25 5961 863.0 33.0
25 5962 869.0 36.0
25 5963 890.0 33.0
25 5964 883.0 34.0
25 5965 889.0 36.0
25 5966 1116.0 34.0
25 5967 1154.0 36.0
25 5968 1164.0 33.0
25 5969 830.0 44.0
25 5970 870.0 44.0
25 5971 1131.0 46.0
25 5972 1151.0 43.0
25 5973 1148.0 44.0
25 5974 1154.0 46.0
25 5975 1163.0 46.0
25 5976 783.0 56.0
25 5977 1131.0 56.0
25 5978 783.0 63.0
25 5979 906.0 63.0
25 5980 1129.0 64.0
25 5981 1129.0 66.0
25 5982 1151.0 64.0
25 5983 1149.0 66.0
25 5984 1191.0 65.0
25 5985 1187.0 66.0
25 5986 766.0 73.0
25 5987 783.0 75.0
25 5988 856.0 75.0
25 5989 872.0 75.0
25 5990 883.0 74.0
25 5991 906.0 73.0
25 5992 1189.0 73.0
25 5993 1187.0 76.0
25 5994 866.0 86.0
25 5995 1129.0 83.0
25 5996 1132.0 83.0
25 5997 1149.0 83.0
25 5998 1151.0 84.0
25 5999 1154.0 85.0
25 6000 1151.0 86.0
25 6001 876.0 155.0
25 6002 1085.0 154.0
25 6003 1149.0 154.0
25 6004 874.0 176.0
25 6005 310.0 196.0
25 6006 264.0 203.0
25 6007 270.0 206.0
25 6008 313.0 203.0
25 6009 309.0 205.0
25 6010 208.0 213.0
25 6011 254.0 223.0
25 6012 252.0 226.0
25 6013 70.0 254.0
25 6014 884.0 253.0
25 6015 893.0 256.0
25 6016 896.0 265.0
25 6017 146.0 273.0
25 6018 150.0 273.0
26 6019 792.0 13.0
26 6020 69.0 23.0
26 6021 775.0 25.0
26 6022 771.0 26.0
26 6023 786.0 23.0
26 6024 783.0 24.0
26 6025 792.0 25.0
26 6026 789.0 26.0
26 6027 804.0 25.0
26 6028 836.0 24.0
26 6029 834.0 26.0
26 6030 847.0 25.0
26 6031 849.0 25.0
26 6032 843.0 26.0
26 6033 868.0 24.0
26 6034 871.0 26.0
26 6035 910.0 23.0
26 6036 1174.0 26.0
26 6037 1190.0 26.0
26 6038 834.0 36.0
26 6039 845.0 36.0
26 6040 887.0 34.0
26 6041 911.0 34.0
26 6042 926.0 33.0
26 6043 831.0 45.0
26 6044 834.0 46.0
26 6045 843.0 46.0
26 6046 846.0 46.0
26 6047 849.0 46.0
26 6048 851.0 46.0
26 6049 865.0 46.0
26 6050 873.0 46.0
26 6051 890.0 45.0
26 6052 892.0 45.0
26 6053 913.0 46.0
26 6054 1174.0 44.0
26 6055 1186.0 46.0
26 6056 833.0 56.0
26 6057 903.0 56.0
26 6058 914.0 56.0
26 6059 1174.0 55.0
26 6060 1183.0 55.0
26 6061 89.0 66.0
26 6062 93.0 66.0
26 6063 772.0 64.0
26 6064 788.0 66.0
26 6065 825.0 63.0
26 6066 904.0 63.0
26 6067 904.0 65.0
26 6068 784.0 75.0
26 6069 788.0 75.0
26 6070 816.0 74.0
26 6071 903.0 74.0
26 6072 790.0 83.0
26 6073 806.0 86.0
26 6074 785.0 113.0
26 6075 925.0 123.0
26 6076 174.0 135.0
26 6077 803.0 133.0
26 6078 805.0 133.0
26 6079 1103.0 134.0
26 6080 807.0 143.0
26 6081 808.0 146.0
26 6082 872.0 144.0
26 6083 896.0 143.0
26 6084 1116.0 146.0
26 6085 893.0 154.0
26 6086 1127.0 153.0
26 6087 286.0 166.0
26 6088 266.0 173.0
26 6089 274.0 173.0
26 6090 311.0 195.0
26 6091 314.0 196.0
26 6092 253.0 205.0
26 6093 193.0 214.0
26 6094 248.0 213.0
26 6095 269.0 214.0
26 6096 296.0 213.0
26 6097 223.0 224.0
26 6098 269.0 223.0
26 6099 266.0 225.0
26 6100 115.0 235.0
26 6101 190.0 235.0
27 6102 53.0 16.0
27 6103 70.0 13.0
27 6104 72.0 13.0
27 6105 70.0 15.0
27 6106 787.0 15.0
27 6107 794.0 16.0
27 6108 853.0 13.0
27 6109 870.0 14.0
27 6110 868.0 16.0
27 6111 883.0 16.0
27 6112 915.0 14.0
27 6113 924.0 16.0
27 6114 932.0 16.0
27 6115 67.0 25.0
27 6116 72.0 26.0
27 6117 76.0 26.0
27 6118 774.0 25.0
27 6119 792.0 23.0
27 6120 885.0 23.0
27 6121 892.0 26.0
27 6122 914.0 26.0
27 6123 929.0 23.0
27 6124 935.0 23.0
27 6125 925.0 25.0
27 6126 936.0 25.0
27 6127 76.0 33.0
27 6128 74.0 35.0
27 6129 67.0 36.0
27 6130 795.0 33.0
27 6131 848.0 33.0
27 6132 851.0 34.0
27 6133 914.0 36.0
27 6134 934.0 33.0
27 6135 55.0 45.0
27 6136 63.0 44.0
27 6137 93.0 46.0
27 6138 770.0 43.0
27 6139 793.0 44.0
27 6140 813.0 43.0
27 6141 811.0 45.0
27 6142 823.0 44.0
27 6143 831.0 46.0
27 6144 843.0 43.0
27 6145 846.0 44.0
27 6146 849.0 46.0
27 6147 925.0 43.0
27 6148 928.0 44.0
27 6149 76.0 53.0
27 6150 83.0 53.0
27 6151 93.0 53.0
27 6152 851.0 53.0
27 6153 932.0 54.0
27 6154 925.0 55.0
27 6155 86.0 63.0
27 6156 775.0 66.0
27 6157 829.0 63.0
27 6158 916.0 64.0
27 6159 924.0 63.0
27 6160 932.0 63.0
27 6161 935.0 63.0
27 6162 929.0 65.0
27 6163 925.0 66.0
27 6164 947.0 65.0
27 6165 203.0 74.0
27 6166 788.0 74.0
27 6167 793.0 74.0
27 6168 816.0 75.0
27 6169 814.0 76.0
27 6170 933.0 73.0
27 6171 936.0 75.0
27 6172 945.0 75.0
27 6173 723.0 84.0
27 6174 796.0 86.0
27 6175 806.0 83.0
27 6176 803.0 86.0
27 6177 794.0 93.0
27 6178 803.0 96.0
27 6179 576.0 104.0
27 6180 574.0 106.0
27 6181 786.0 103.0
27 6182 803.0 103.0
27 6183 806.0 103.0
27 6184 815.0 105.0
27 6185 803.0 106.0
27 6186 151.0 116.0
27 6187 209.0 113.0
27 6188 212.0 115.0
27 6189 295.0 113.0
27 6190 816.0 113.0
27 6191 907.0 113.0
27 6192 916.0 116.0
27 6193 956.0 114.0
27 6194 955.0 116.0
27 6195 295.0 125.0
27 6196 916.0 125.0
27 6197 952.0 123.0
27 6198 952.0 125.0
27 6199 583.0 133.0
27 6200 1014.0 133.0
27 6201 1025.0 133.0
27 6202 1025.0 136.0
27 6203 1155.0 134.0
27 6204 816.0 143.0
27 6205 816.0 145.0
27 6206 830.0 144.0
27 6207 215.0 153.0
27 6208 215.0 156.0
27 6209 224.0 153.0
27 6210 549.0 153.0
27 6211 545.0 154.0
27 6212 904.0 154.0
27 6213 908.0 154.0
27 6214 1053.0 153.0
27 6215 263.0 163.0
27 6216 435.0 164.0
27 6217 433.0 166.0
27 6218 1030.0 165.0
27 6219 250.0 176.0
27 6220 269.0 173.0
27 6221 470.0 185.0
27 6222 576.0 183.0
27 6223 574.0 186.0
27 6224 463.0 193.0
27 6225 468.0 193.0
27 6226 471.0 193.0
27 6227 585.0 193.0
27 6228 587.0 193.0
27 6229 590.0 193.0
27 6230 588.0 195.0
27 6231 593.0 196.0
27 6232 653.0 193.0
27 6233 243.0 206.0
27 6234 390.0 206.0
27 6235 456.0 204.0
27 6236 454.0 206.0
27 6237 291.0 214.0
27 6238 407.0 214.0
27 6239 443.0 213.0
27 6240 444.0 215.0
27 6241 603.0 213.0
27 6242 605.0 213.0
27 6243 607.0 213.0
27 6244 114.0 224.0
27 6245 108.0 225.0
27 6246 210.0 226.0
27 6247 229.0 226.0
27 6248 255.0 224.0
27 6249 290.0 226.0
27 6250 428.0 223.0
27 6251 452.0 223.0
27 6252 454.0 225.0
27 6253 564.0 225.0
27 6254 584.0 225.0
27 6255 632.0 226.0
27 6256 209.0 233.0
27 6257 203.0 234.0
27 6258 234.0 233.0
27 6259 228.0 234.0
27 6260 223.0 235.0
27 6261 235.0 235.0
27 6262 233.0 236.0
27 6263 255.0 233.0
27 6264 266.0 234.0
27 6265 288.0 234.0
27 6266 451.0 233.0
27 6267 551.0 233.0
27 6268 596.0 235.0
27 6269 144.0 246.0
27 6270 256.0 244.0
27 6271 248.0 246.0
27 6272 427.0 244.0
27 6273 423.0 245.0
27 6274 543.0 246.0
27 6275 574.0 246.0
27 6276 635.0 243.0
27 6277 114.0 255.0
27 6278 264.0 256.0
27 6279 530.0 253.0
27 6280 568.0 255.0
27 6281 665.0 256.0
27 6282 256.0 264.0
27 6283 506.0 263.0
27 6284 194.0 283.0
28 6285 56.0 14.0
28 6286 53.0 16.0
28 6287 788.0 13.0
28 6288 795.0 14.0
28 6289 783.0 16.0
28 6290 795.0 16.0
28 6291 806.0 14.0
28 6292 855.0 14.0
28 6293 889.0 16.0
28 6294 896.0 16.0
28 6295 913.0 15.0
28 6296 916.0 15.0
28 6297 925.0 15.0
28 6298 930.0 15.0
28 6299 949.0 14.0
28 6300 790.0 24.0
28 6301 804.0 26.0
28 6302 856.0 24.0
28 6303 846.0 25.0
28 6304 869.0 23.0
28 6305 948.0 24.0
28 6306 949.0 26.0
28 6307 956.0 26.0
28 6308 970.0 26.0
28 6309 791.0 35.0
28 6310 788.0 36.0
28 6311 803.0 36.0
28 6312 853.0 34.0
28 6313 845.0 36.0
28 6314 856.0 36.0
28 6315 863.0 35.0
28 6316 866.0 35.0
28 6317 872.0 35.0
28 6318 869.0 36.0
28 6319 949.0 33.0
28 6320 64.0 43.0
28 6321 66.0 43.0
28 6322 63.0 46.0
28 6323 787.0 46.0
28 6324 854.0 46.0
28 6325 863.0 46.0
28 6326 1069.0 44.0
28 6327 1071.0 44.0
28 6328 55.0 53.0
28 6329 74.0 55.0
28 6330 788.0 54.0
28 6331 805.0 56.0
28 6332 845.0 53.0
28 6333 843.0 56.0
28 6334 55.0 65.0
28 6335 84.0 66.0
28 6336 783.0 63.0
28 6337 789.0 63.0
28 6338 783.0 66.0
28 6339 794.0 66.0
28 6340 805.0 66.0
28 6341 831.0 66.0
28 6342 856.0 64.0
28 6343 849.0 65.0
28 6344 728.0 75.0
28 6345 790.0 76.0
28 6346 807.0 75.0
28 6347 823.0 73.0
28 6348 854.0 74.0
28 6349 807.0 83.0
28 6350 810.0 83.0
28 6351 810.0 86.0
28 6352 855.0 83.0
28 6353 854.0 85.0
28 6354 705.0 93.0
28 6355 705.0 95.0
28 6356 804.0 93.0
28 6357 805.0 96.0
28 6358 183.0 105.0
28 6359 824.0 104.0
28 6360 974.0 105.0
28 6361 976.0 106.0
28 6362 985.0 106.0
28 6363 856.0 116.0
28 6364 883.0 113.0
28 6365 888.0 116.0
28 6366 890.0 116.0
28 6367 956.0 114.0
28 6368 953.0 116.0
28 6369 956.0 116.0
28 6370 975.0 113.0
28 6371 995.0 116.0
28 6372 183.0 135.0
28 6373 863.0 136.0
28 6374 1087.0 136.0
28 6375 373.0 146.0
28 6376 1072.0 144.0
28 6377 204.0 153.0
28 6378 212.0 153.0
28 6379 355.0 153.0
28 6380 363.0 153.0
28 6381 543.0 153.0
28 6382 794.0 156.0
28 6383 1072.0 153.0
28 6384 432.0 166.0
28 6385 574.0 186.0
28 6386 213.0 195.0
28 6387 375.0 194.0
28 6388 447.0 195.0
28 6389 590.0 193.0
28 6390 588.0 195.0
28 6391 449.0 205.0
28 6392 452.0 205.0
28 6393 588.0 206.0
28 6394 371.0 216.0
28 6395 389.0 213.0
28 6396 410.0 214.0
28 6397 530.0 214.0
28 6398 604.0 215.0
28 6399 434.0 224.0
28 6400 570.0 226.0
28 6401 586.0 223.0
28 6402 69.0 234.0
28 6403 75.0 234.0
28 6404 211.0 233.0
28 6405 214.0 234.0
28 6406 205.0 235.0
28 6407 363.0 233.0
28 6408 552.0 235.0
28 6409 690.0 234.0
28 6410 207.0 253.0
28 6411 211.0 254.0
29 6412 872.0 14.0
29 6413 874.0 16.0
29 6414 883.0 16.0
29 6415 867.0 25.0
29 6416 864.0 26.0
29 6417 872.0 26.0
29 6418 816.0 34.0
29 6419 807.0 36.0
29 6420 853.0 34.0
29 6421 1109.0 34.0
29 6422 1106.0 36.0
29 6423 816.0 44.0
29 6424 863.0 43.0
29 6425 790.0 55.0
29 6426 1096.0 56.0
29 6427 812.0 65.0
29 6428 836.0 73.0
29 6429 848.0 73.0
29 6430 832.0 84.0
29 6431 844.0 83.0
29 6432 883.0 83.0
29 6433 830.0 94.0
29 6434 844.0 105.0
29 6435 906.0 113.0
29 6436 1105.0 114.0
29 6437 1107.0 116.0
29 6438 1125.0 113.0
29 6439 1135.0 113.0
29 6440 865.0 123.0
29 6441 867.0 123.0
29 6442 884.0 125.0
29 6443 1110.0 123.0
29 6444 1108.0 126.0
29 6445 1123.0 123.0
29 6446 1129.0 123.0
29 6447 1135.0 124.0
29 6448 156.0 134.0
29 6449 163.0 135.0
29 6450 324.0 145.0
29 6451 352.0 144.0
29 6452 344.0 146.0
29 6453 351.0 146.0
29 6454 364.0 146.0
29 6455 132.0 153.0
29 6456 353.0 154.0
29 6457 547.0 156.0
29 6458 803.0 156.0
29 6459 143.0 163.0
29 6460 313.0 196.0
29 6461 653.0 195.0
29 6462 345.0 223.0
29 6463 152.0 245.0
29 6464 156.0 246.0
29 6465 85.0 256.0
30 6466 824.0 13.0
30 6467 936.0 14.0
30 6468 943.0 14.0
30 6469 807.0 23.0
30 6470 823.0 23.0
30 6471 828.0 25.0
30 6472 845.0 24.0
30 6473 854.0 25.0
30 6474 843.0 26.0
30 6475 871.0 23.0
30 6476 865.0 24.0
30 6477 895.0 24.0
30 6478 883.0 25.0
30 6479 805.0 34.0
30 6480 876.0 36.0
30 6481 889.0 35.0
30 6482 1146.0 33.0
30 6483 806.0 44.0
30 6484 825.0 45.0
30 6485 889.0 44.0
30 6486 1153.0 45.0
30 6487 807.0 53.0
30 6488 811.0 56.0
30 6489 813.0 56.0
30 6490 827.0 53.0
30 6491 825.0 56.0
30 6492 863.0 54.0
30 6493 896.0 53.0
30 6494 809.0 65.0
30 6495 843.0 65.0
30 6496 915.0 63.0
30 6497 912.0 66.0
30 6498 923.0 63.0
30 6499 950.0 64.0
30 6500 923.0 75.0
30 6501 851.0 84.0
30 6502 887.0 84.0
30 6503 890.0 84.0
30 6504 892.0 85.0
30 6505 811.0 93.0
30 6506 835.0 93.0
30 6507 847.0 95.0
30 6508 890.0 93.0
30 6509 911.0 96.0
30 6510 924.0 94.0
30 6511 856.0 103.0
30 6512 863.0 106.0
30 6513 890.0 104.0
30 6514 924.0 106.0
30 6515 973.0 104.0
30 6516 803.0 115.0
30 6517 894.0 115.0
30 6518 963.0 113.0
30 6519 965.0 115.0
30 6520 843.0 125.0
30 6521 847.0 125.0
30 6522 872.0 123.0
30 6523 866.0 124.0
30 6524 895.0 136.0
30 6525 904.0 133.0
30 6526 987.0 133.0
30 6527 1090.0 134.0
30 6528 314.0 144.0
30 6529 324.0 143.0
30 6530 334.0 143.0
30 6531 331.0 144.0
30 6532 334.0 146.0
30 6533 343.0 143.0
30 6534 346.0 144.0
30 6535 343.0 145.0
30 6536 356.0 145.0
30 6537 353.0 146.0
30 6538 344.0 154.0
30 6539 346.0 154.0
30 6540 549.0 155.0
30 6541 1173.0 153.0
30 6542 1175.0 155.0
30 6543 245.0 163.0
30 6544 247.0 166.0
30 6545 1164.0 165.0
30 6546 243.0 173.0
30 6547 251.0 173.0
30 6548 815.0 173.0
30 6549 592.0 193.0
30 6550 656.0 193.0
30 6551 814.0 194.0
30 6552 267.0 206.0
30 6553 294.0 206.0
30 6554 306.0 203.0
30 6555 214.0 214.0
30 6556 267.0 213.0
30 6557 276.0 215.0
30 6558 409.0 214.0
30 6559 333.0 224.0
30 6560 335.0 225.0
30 6561 386.0 226.0
30 6562 416.0 225.0
30 6563 332.0 236.0
30 6564 335.0 236.0
30 6565 310.0 245.0
30 6566 543.0 245.0
30 6567 532.0 256.0
30 6568 515.0 273.0
30 6569 513.0 275.0
30 6570 1110.0 286.0
31 6571 832.0 16.0
31 6572 834.0 16.0
31 6573 875.0 16.0
31 6574 892.0 13.0
31 6575 896.0 15.0
31 6576 903.0 14.0
31 6577 907.0 14.0
31 6578 915.0 14.0
31 6579 909.0 16.0
31 6580 912.0 16.0
31 6581 829.0 23.0
31 6582 827.0 24.0
31 6583 904.0 26.0
31 6584 816.0 36.0
31 6585 886.0 34.0
31 6586 904.0 35.0
31 6587 991.0 36.0
31 6588 873.0 44.0
31 6589 893.0 45.0
31 6590 936.0 43.0
31 6591 935.0 46.0
31 6592 956.0 45.0
31 6593 943.0 46.0
31 6594 972.0 45.0
31 6595 833.0 54.0
31 6596 929.0 54.0
31 6597 931.0 56.0
31 6598 833.0 65.0
31 6599 850.0 64.0
31 6600 845.0 66.0
31 6601 874.0 63.0
31 6602 856.0 75.0
31 6603 869.0 74.0
31 6604 910.0 73.0
31 6605 913.0 73.0
31 6606 916.0 73.0
31 6607 912.0 75.0
31 6608 992.0 76.0
31 6609 848.0 86.0
31 6610 896.0 84.0
31 6611 905.0 84.0
31 6612 983.0 86.0
31 6613 905.0 95.0
31 6614 992.0 93.0
31 6615 994.0 93.0
31 6616 107.0 104.0
31 6617 903.0 104.0
31 6618 913.0 106.0
31 6619 1023.0 105.0
31 6620 1033.0 105.0
31 6621 854.0 123.0
31 6622 870.0 125.0
31 6623 871.0 133.0
31 6624 911.0 134.0
31 6625 916.0 136.0
31 6626 311.0 144.0
31 6627 314.0 146.0
31 6628 333.0 144.0
31 6629 325.0 145.0
31 6630 329.0 145.0
31 6631 348.0 144.0
31 6632 344.0 145.0
31 6633 1083.0 146.0
31 6634 328.0 153.0
31 6635 236.0 163.0
31 6636 176.0 176.0
31 6637 236.0 173.0
31 6638 244.0 173.0
31 6639 826.0 173.0
31 6640 1027.0 175.0
31 6641 1033.0 175.0
31 6642 174.0 183.0
31 6643 176.0 183.0
31 6644 168.0 185.0
31 6645 173.0 185.0
31 6646 176.0 185.0
31 6647 647.0 184.0
31 6648 650.0 185.0
31 6649 296.0 193.0
31 6650 291.0 195.0
31 6651 306.0 193.0
31 6652 347.0 195.0
31 6653 589.0 193.0
31 6654 585.0 194.0
31 6655 591.0 194.0
31 6656 589.0 196.0
31 6657 669.0 193.0
31 6658 256.0 203.0
31 6659 511.0 203.0
31 6660 508.0 204.0
31 6661 276.0 215.0
31 6662 184.0 224.0
31 6663 230.0 223.0
31 6664 330.0 226.0
31 6665 184.0 236.0
31 6666 232.0 233.0
31 6667 304.0 233.0
31 6668 390.0 233.0
31 6669 393.0 233.0
31 6670 389.0 235.0
31 6671 208.0 243.0
32 6672 828.0 23.0
32 6673 908.0 23.0
32 6674 903.0 24.0
32 6675 1076.0 25.0
32 6676 829.0 34.0
32 6677 848.0 33.0
32 6678 892.0 34.0
32 6679 953.0 36.0
32 6680 955.0 36.0
32 6681 1024.0 33.0
32 6682 1114.0 35.0
32 6683 1125.0 35.0
32 6684 845.0 43.0
32 6685 849.0 43.0
32 6686 884.0 43.0
32 6687 908.0 43.0
32 6688 946.0 46.0
32 6689 952.0 46.0
32 6690 1005.0 45.0
32 6691 831.0 54.0
32 6692 851.0 55.0
32 6693 870.0 53.0
32 6694 865.0 56.0
32 6695 889.0 56.0
32 6696 909.0 53.0
32 6697 911.0 55.0
32 6698 946.0 54.0
32 6699 955.0 56.0
32 6700 970.0 53.0
32 6701 976.0 53.0
32 6702 909.0 66.0
32 6703 925.0 66.0
32 6704 954.0 64.0
32 6705 947.0 66.0
32 6706 828.0 74.0
32 6707 854.0 73.0
32 6708 851.0 75.0
32 6709 1052.0 74.0
32 6710 1049.0 75.0
32 6711 1112.0 76.0
32 6712 833.0 85.0
32 6713 852.0 84.0
32 6714 854.0 84.0
32 6715 872.0 86.0
32 6716 955.0 84.0
32 6717 951.0 86.0
32 6718 956.0 86.0
32 6719 967.0 83.0
32 6720 1014.0 86.0
32 6721 1107.0 85.0
32 6722 1136.0 83.0
32 6723 883.0 94.0
32 6724 883.0 96.0
32 6725 1003.0 93.0
32 6726 1075.0 96.0
32 6727 1094.0 93.0
32 6728 834.0 106.0
32 6729 925.0 103.0
32 6730 1030.0 104.0
32 6731 1169.0 105.0
32 6732 908.0 113.0
32 6733 913.0 115.0
32 6734 125.0 125.0
32 6735 876.0 123.0
32 6736 1115.0 125.0
32 6737 923.0 135.0
32 6738 934.0 135.0
32 6739 944.0 134.0
32 6740 968.0 135.0
32 6741 95.0 145.0
32 6742 156.0 144.0
32 6743 306.0 144.0
32 6744 314.0 144.0
32 6745 303.0 145.0
32 6746 323.0 143.0
32 6747 326.0 143.0
32 6748 330.0 144.0
32 6749 334.0 144.0
32 6750 323.0 146.0
32 6751 325.0 146.0
32 6752 836.0 146.0
32 6753 909.0 144.0
32 6754 923.0 143.0
32 6755 88.0 155.0
32 6756 147.0 155.0
32 6757 315.0 153.0
32 6758 532.0 153.0
32 6759 834.0 154.0
32 6760 836.0 156.0
32 6761 1110.0 156.0
32 6762 110.0 165.0
32 6763 149.0 164.0
32 6764 143.0 166.0
32 6765 232.0 163.0
32 6766 233.0 166.0
32 6767 251.0 165.0
32 6768 1151.0 164.0
32 6769 123.0 174.0
32 6770 128.0 174.0
32 6771 136.0 175.0
32 6772 196.0 176.0
32 6773 216.0 176.0
32 6774 230.0 173.0
32 6775 248.0 174.0
32 6776 1056.0 174.0
32 6777 1049.0 175.0
32 6778 1153.0 175.0
32 6779 74.0 184.0
32 6780 136.0 183.0
32 6781 129.0 184.0
32 6782 167.0 183.0
32 6783 249.0 196.0
32 6784 287.0 194.0
32 6785 284.0 195.0
32 6786 343.0 195.0
32 6787 663.0 193.0
32 6788 671.0 193.0
32 6789 894.0 193.0
32 6790 248.0 203.0
32 6791 505.0 205.0
32 6792 523.0 204.0
32 6793 525.0 205.0
32 6794 634.0 203.0
32 6795 174.0 213.0
32 6796 269.0 216.0
32 6797 323.0 213.0
32 6798 515.0 213.0
32 6799 114.0 224.0
32 6800 167.0 226.0
32 6801 216.0 224.0
32 6802 333.0 226.0
32 6803 336.0 226.0
32 6804 343.0 226.0
32 6805 356.0 226.0
32 6806 372.0 223.0
32 6807 566.0 223.0
32 6808 607.0 223.0
32 6809 605.0 224.0
32 6810 211.0 236.0
32 6811 204.0 244.0
32 6812 224.0 244.0
32 6813 270.0 243.0
32 6814 106.0 254.0
32 6815 144.0 253.0
32 6816 536.0 255.0
32 6817 89.0 266.0
32 6818 231.0 264.0
32 6819 236.0 265.0
32 6820 136.0 273.0
32 6821 503.0 275.0
33 6822 427.0 3.0
33 6823 428.0 5.0
33 6824 1027.0 13.0
33 6825 1032.0 14.0
33 6826 1024.0 16.0
33 6827 1107.0 16.0
33 6828 1024.0 23.0
33 6829 1091.0 23.0
33 6830 1094.0 24.0
33 6831 831.0 33.0
33 6832 833.0 33.0
33 6833 856.0 35.0
33 6834 865.0 33.0
33 6835 885.0 34.0
33 6836 908.0 33.0
33 6837 925.0 35.0
33 6838 943.0 36.0
33 6839 856.0 43.0
33 6840 844.0 46.0
33 6841 888.0 43.0
33 6842 926.0 46.0
33 6843 943.0 45.0
33 6844 966.0 46.0
33 6845 1010.0 45.0
33 6846 755.0 56.0
33 6847 943.0 53.0
33 6848 971.0 54.0
33 6849 973.0 56.0
33 6850 750.0 64.0
33 6851 872.0 64.0
33 6852 886.0 63.0
33 6853 928.0 66.0
33 6854 944.0 63.0
33 6855 947.0 63.0
33 6856 994.0 64.0
33 6857 1036.0 64.0
33 6858 845.0 73.0
33 6859 848.0 74.0
33 6860 863.0 73.0
33 6861 874.0 73.0
33 6862 874.0 76.0
33 6863 929.0 73.0
33 6864 993.0 76.0
33 6865 1111.0 76.0
33 6866 1131.0 74.0
33 6867 1128.0 75.0
33 6868 1173.0 73.0
33 6869 1172.0 76.0
33 6870 868.0 86.0
33 6871 887.0 83.0
33 6872 1025.0 84.0
33 6873 1034.0 84.0
33 6874 991.0 93.0
33 6875 254.0 103.0
33 6876 250.0 104.0
33 6877 943.0 104.0
33 6878 945.0 104.0
33 6879 107.0 114.0
33 6880 251.0 113.0
33 6881 289.0 115.0
33 6882 476.0 116.0
33 6883 894.0 113.0
33 6884 889.0 115.0
33 6885 883.0 116.0
33 6886 907.0 115.0
33 6887 911.0 115.0
33 6888 924.0 114.0
33 6889 949.0 113.0
33 6890 945.0 116.0
33 6891 90.0 126.0
33 6892 106.0 123.0
33 6893 529.0 125.0
33 6894 771.0 126.0
33 6895 847.0 126.0
33 6896 931.0 123.0
33 6897 936.0 125.0
33 6898 943.0 124.0
33 6899 955.0 125.0
33 6900 946.0 126.0
33 6901 1171.0 123.0
33 6902 1174.0 125.0
33 6903 1172.0 126.0
33 6904 910.0 133.0
33 6905 912.0 133.0
33 6906 952.0 133.0
33 6907 312.0 144.0
33 6908 305.0 146.0
33 6909 532.0 143.0
33 6910 531.0 146.0
33 6911 533.0 146.0
33 6912 849.0 144.0
33 6913 90.0 154.0
33 6914 150.0 155.0
33 6915 143.0 156.0
33 6916 91.0 164.0
33 6917 136.0 163.0
33 6918 133.0 165.0
33 6919 125.0 166.0
33 6920 190.0 166.0
33 6921 254.0 164.0
33 6922 254.0 166.0
33 6923 107.0 173.0
33 6924 111.0 173.0
33 6925 116.0 173.0
33 6926 186.0 175.0
33 6927 205.0 173.0
33 6928 253.0 173.0
33 6929 1074.0 174.0
33 6930 1083.0 174.0
33 6931 104.0 183.0
33 6932 125.0 183.0
33 6933 153.0 185.0
33 6934 168.0 186.0
33 6935 650.0 183.0
33 6936 651.0 186.0
33 6937 672.0 183.0
33 6938 234.0 196.0
33 6939 325.0 193.0
33 6940 327.0 193.0
33 6941 329.0 195.0
33 6942 507.0 193.0
33 6943 510.0 193.0
33 6944 571.0 195.0
33 6945 589.0 193.0
33 6946 585.0 194.0
33 6947 588.0 196.0
33 6948 614.0 193.0
33 6949 624.0 193.0
33 6950 631.0 193.0
33 6951 636.0 193.0
33 6952 650.0 194.0
33 6953 664.0 193.0
33 6954 673.0 193.0
33 6955 945.0 193.0
33 6956 956.0 196.0
33 6957 236.0 203.0
33 6958 234.0 204.0
33 6959 283.0 203.0
33 6960 283.0 205.0
33 6961 507.0 203.0
33 6962 103.0 215.0
33 6963 155.0 213.0
33 6964 307.0 213.0
33 6965 312.0 213.0
33 6966 436.0 216.0
33 6967 512.0 214.0
33 6968 507.0 215.0
33 6969 509.0 215.0
33 6970 607.0 214.0
33 6971 91.0 226.0
33 6972 204.0 225.0
33 6973 287.0 223.0
33 6974 296.0 223.0
33 6975 347.0 226.0
33 6976 565.0 223.0
33 6977 604.0 223.0
33 6978 607.0 224.0
33 6979 611.0 224.0
33 6980 605.0 226.0
33 6981 216.0 234.0
33 6982 253.0 233.0
33 6983 248.0 235.0
33 6984 293.0 233.0
33 6985 603.0 233.0
33 6986 348.0 244.0
33 6987 775.0 246.0
33 6988 149.0 254.0
33 6989 536.0 256.0
33 6990 91.0 263.0
33 6991 254.0 264.0
33 6992 527.0 265.0
33 6993 173.0 274.0
33 6994 203.0 273.0
34 6995 876.0 16.0
34 6996 927.0 16.0
34 6997 1049.0 14.0
34 6998 845.0 24.0
34 6999 855.0 24.0
34 7000 944.0 26.0
34 7001 966.0 23.0
34 7002 995.0 24.0
34 7003 1033.0 26.0
34 7004 1043.0 23.0
34 7005 1086.0 23.0
34 7006 849.0 33.0
34 7007 856.0 36.0
34 7008 906.0 34.0
34 7009 903.0 36.0
34 7010 963.0 36.0
34 7011 988.0 34.0
34 7012 987.0 36.0
34 7013 995.0 36.0
34 7014 875.0 44.0
34 7015 945.0 43.0
34 7016 964.0 45.0
34 7017 1045.0 45.0
34 7018 863.0 53.0
34 7019 863.0 56.0
34 7020 916.0 55.0
34 7021 903.0 56.0
34 7022 963.0 53.0
34 7023 974.0 53.0
34 7024 969.0 54.0
34 7025 972.0 54.0
34 7026 965.0 56.0
34 7027 968.0 56.0
34 7028 988.0 53.0
34 7029 1065.0 56.0
34 7030 751.0 63.0
34 7031 746.0 65.0
34 7032 870.0 65.0
34 7033 872.0 66.0
34 7034 956.0 63.0
34 7035 946.0 65.0
34 7036 964.0 63.0
34 7037 1046.0 64.0
34 7038 754.0 74.0
34 7039 863.0 73.0
34 7040 883.0 73.0
34 7041 903.0 76.0
34 7042 1003.0 73.0
34 7043 1011.0 73.0
34 7044 1014.0 73.0
34 7045 1011.0 76.0
34 7046 1064.0 75.0
34 7047 863.0 86.0
34 7048 884.0 83.0
34 7049 914.0 84.0
34 7050 1011.0 83.0
34 7051 1050.0 83.0
34 7052 1063.0 83.0
34 7053 1064.0 85.0
34 7054 1109.0 84.0
34 7055 243.0 96.0
34 7056 969.0 93.0
34 7057 963.0 94.0
34 7058 468.0 106.0
34 7059 95.0 113.0
34 7060 528.0 116.0
34 7061 850.0 116.0
34 7062 756.0 124.0
34 7063 944.0 123.0
34 7064 952.0 123.0
34 7065 953.0 126.0
34 7066 975.0 123.0
34 7067 966.0 126.0
34 7068 974.0 126.0
34 7069 72.0 136.0
34 7070 63.0 143.0
34 7071 291.0 145.0
34 7072 528.0 144.0
34 7073 536.0 145.0
34 7074 864.0 143.0
34 7075 1123.0 143.0
34 7076 133.0 155.0
34 7077 289.0 153.0
34 7078 864.0 155.0
34 7079 116.0 166.0
34 7080 131.0 163.0
34 7081 123.0 164.0
34 7082 130.0 166.0
34 7083 245.0 166.0
34 7084 63.0 176.0
34 7085 95.0 173.0
34 7086 87.0 175.0
34 7087 105.0 173.0
34 7088 107.0 173.0
34 7089 248.0 173.0
34 7090 863.0 173.0
34 7091 1092.0 174.0
34 7092 1103.0 174.0
34 7093 105.0 183.0
34 7094 145.0 186.0
34 7095 168.0 186.0
34 7096 249.0 183.0
34 7097 933.0 183.0
34 7098 156.0 196.0
34 7099 223.0 196.0
34 7100 227.0 196.0
34 7101 270.0 195.0
34 7102 313.0 195.0
34 7103 332.0 194.0
34 7104 505.0 193.0
34 7105 588.0 193.0
34 7106 584.0 194.0
34 7107 591.0 194.0
34 7108 588.0 196.0
34 7109 614.0 193.0
34 7110 623.0 193.0
34 7111 632.0 193.0
34 7112 665.0 193.0
34 7113 675.0 193.0
34 7114 666.0 195.0
34 7115 965.0 193.0
34 7116 143.0 203.0
34 7117 223.0 204.0
34 7118 270.0 204.0
34 7119 495.0 205.0
34 7120 504.0 203.0
34 7121 1027.0 205.0
34 7122 136.0 214.0
34 7123 247.0 216.0
34 7124 412.0 216.0
34 7125 508.0 215.0
34 7126 571.0 216.0
34 7127 632.0 216.0
34 7128 188.0 226.0
34 7129 190.0 226.0
34 7130 208.0 224.0
34 7131 516.0 226.0
34 7132 605.0 225.0
34 7133 610.0 225.0
34 7134 612.0 226.0
34 7135 671.0 224.0
34 7136 268.0 233.0
34 7137 276.0 236.0
34 7138 284.0 233.0
34 7139 556.0 236.0
34 7140 145.0 244.0
34 7141 145.0 246.0
34 7142 310.0 243.0
34 7143 156.0 253.0
34 7144 530.0 264.0
34 7145 943.0 263.0
35 7146 785.0 14.0
35 7147 784.0 16.0
35 7148 871.0 13.0
35 7149 871.0 16.0
35 7150 896.0 16.0
35 7151 936.0 16.0
35 7152 947.0 16.0
35 7153 966.0 13.0
35 7154 971.0 13.0
35 7155 968.0 15.0
35 7156 990.0 14.0
35 7157 992.0 14.0
35 7158 984.0 15.0
35 7159 865.0 25.0
35 7160 893.0 24.0
35 7161 886.0 25.0
35 7162 929.0 23.0
35 7163 925.0 26.0
35 7164 985.0 23.0
35 7165 986.0 26.0
35 7166 1009.0 25.0
35 7167 1011.0 25.0
35 7168 1069.0 26.0
35 7169 1103.0 25.0
35 7170 896.0 36.0
35 7171 926.0 35.0
35 7172 943.0 34.0
35 7173 985.0 33.0
35 7174 771.0 45.0
35 7175 903.0 45.0
35 7176 983.0 46.0
35 7177 985.0 46.0
35 7178 993.0 46.0
35 7179 996.0 46.0
35 7180 1013.0 46.0
35 7181 1106.0 46.0
35 7182 915.0 56.0
35 7183 930.0 55.0
35 7184 968.0 53.0
35 7185 983.0 56.0
35 7186 986.0 56.0
35 7187 1130.0 55.0
35 7188 751.0 63.0
35 7189 872.0 63.0
35 7190 872.0 65.0
35 7191 1033.0 66.0
35 7192 554.0 76.0
35 7193 983.0 74.0
35 7194 1086.0 74.0
35 7195 1113.0 73.0
35 7196 573.0 83.0
35 7197 563.0 85.0
35 7198 569.0 85.0
35 7199 923.0 83.0
35 7200 923.0 86.0
35 7201 983.0 83.0
35 7202 1056.0 83.0
35 7203 1116.0 86.0
35 7204 83.0 96.0
35 7205 92.0 96.0
35 7206 143.0 96.0
35 7207 712.0 93.0
35 7208 871.0 93.0
35 7209 987.0 96.0
35 7210 1007.0 93.0
35 7211 1024.0 93.0
35 7212 1087.0 93.0
35 7213 233.0 104.0
35 7214 455.0 104.0
35 7215 451.0 106.0
35 7216 974.0 105.0
35 7217 993.0 106.0
35 7218 90.0 125.0
35 7219 570.0 124.0
35 7220 587.0 123.0
35 7221 749.0 125.0
35 7222 763.0 123.0
35 7223 784.0 123.0
35 7224 989.0 124.0
35 7225 1151.0 123.0
35 7226 1151.0 125.0
35 7227 1156.0 125.0
35 7228 1153.0 126.0
35 7229 1167.0 123.0
35 7230 985.0 136.0
35 7231 1150.0 136.0
35 7232 533.0 144.0
35 7233 527.0 146.0
35 7234 874.0 153.0
35 7235 113.0 164.0
35 7236 111.0 166.0
35 7237 172.0 165.0
35 7238 210.0 164.0
35 7239 207.0 166.0
35 7240 243.0 163.0
35 7241 73.0 175.0
35 7242 83.0 173.0
35 7243 87.0 173.0
35 7244 94.0 173.0
35 7245 167.0 175.0
35 7246 653.0 173.0
35 7247 673.0 173.0
35 7248 1143.0 175.0
35 7249 84.0 183.0
35 7250 132.0 185.0
35 7251 156.0 186.0
35 7252 246.0 184.0
35 7253 645.0 183.0
35 7254 653.0 184.0
35 7255 263.0 195.0
35 7256 314.0 193.0
35 7257 316.0 193.0
35 7258 476.0 193.0
35 7259 588.0 193.0
35 7260 623.0 194.0
35 7261 633.0 194.0
35 7262 653.0 195.0
35 7263 656.0 196.0
35 7264 666.0 193.0
35 7265 676.0 193.0
35 7266 668.0 196.0
35 7267 388.0 206.0
35 7268 471.0 203.0
35 7269 487.0 203.0
35 7270 485.0 204.0
35 7271 503.0 203.0
35 7272 550.0 204.0
35 7273 604.0 203.0
35 7274 606.0 203.0
35 7275 608.0 203.0
35 7276 633.0 203.0
35 7277 247.0 215.0
35 7278 471.0 213.0
35 7279 485.0 216.0
35 7280 507.0 215.0
35 7281 516.0 215.0
35 7282 536.0 215.0
35 7283 549.0 213.0
35 7284 553.0 215.0
35 7285 547.0 216.0
35 7286 575.0 213.0
35 7287 563.0 216.0
35 7288 573.0 216.0
35 7289 612.0 214.0
35 7290 655.0 214.0
35 7291 1068.0 216.0
35 7292 187.0 223.0
35 7293 193.0 224.0
35 7294 205.0 223.0
35 7295 216.0 223.0
35 7296 268.0 223.0
35 7297 483.0 224.0
35 7298 514.0 224.0
35 7299 511.0 226.0
35 7300 563.0 226.0
35 7301 643.0 223.0
35 7302 529.0 233.0
35 7303 670.0 233.0
35 7304 196.0 246.0
35 7305 396.0 245.0
35 7306 1163.0 243.0
35 7307 194.0 253.0
35 7308 215.0 254.0
35 7309 206.0 256.0
35 7310 244.0 254.0
35 7311 625.0 253.0
35 7312 631.0 253.0
35 7313 90.0 263.0
35 7314 168.0 264.0
35 7315 529.0 266.0
35 7316 115.0 275.0
35 7317 216.0 274.0
35 7318 231.0 274.0
35 7319 243.0 275.0
35 7320 545.0 276.0
35 7321 563.0 274.0
35 7322 108.0 286.0
35 7323 173.0 284.0
35 7324 191.0 285.0
35 7325 216.0 283.0
35 7326 576.0 294.0
36 7327 789.0 26.0
36 7328 906.0 25.0
36 7329 943.0 24.0
36 7330 949.0 26.0
36 7331 968.0 25.0
36 7332 992.0 24.0
36 7333 1045.0 26.0
36 7334 770.0 36.0
36 7335 1008.0 33.0
36 7336 1008.0 36.0
36 7337 1045.0 36.0
36 7338 769.0 43.0
36 7339 776.0 43.0
36 7340 893.0 43.0
36 7341 896.0 43.0
36 7342 886.0 46.0
36 7343 927.0 46.0
36 7344 992.0 45.0
36 7345 1014.0 43.0
36 7346 1004.0 45.0
36 7347 1006.0 45.0
36 7348 1075.0 43.0
36 7349 1135.0 46.0
36 7350 896.0 56.0
36 7351 909.0 53.0
36 7352 992.0 53.0
36 7353 1008.0 53.0
36 7354 1070.0 56.0
36 7355 893.0 63.0
36 7356 1126.0 65.0
36 7357 1152.0 66.0
36 7358 564.0 76.0
36 7359 731.0 74.0
36 7360 896.0 76.0
36 7361 953.0 73.0
36 7362 1008.0 76.0
36 7363 312.0 85.0
36 7364 316.0 86.0
36 7365 450.0 86.0
36 7366 568.0 83.0
36 7367 72.0 93.0
36 7368 83.0 94.0
36 7369 695.0 93.0
36 7370 711.0 93.0
36 7371 713.0 93.0
36 7372 987.0 93.0
36 7373 984.0 94.0
36 7374 1007.0 93.0
36 7375 249.0 103.0
36 7376 947.0 105.0
36 7377 974.0 104.0
36 7378 1003.0 103.0
36 7379 1009.0 103.0
36 7380 1007.0 106.0
36 7381 783.0 115.0
36 7382 983.0 116.0
36 7383 1006.0 116.0
36 7384 1012.0 116.0
36 7385 1073.0 114.0
36 7386 68.0 123.0
36 7387 569.0 123.0
36 7388 586.0 123.0
36 7389 791.0 123.0
36 7390 794.0 123.0
36 7391 795.0 125.0
36 7392 972.0 126.0
36 7393 983.0 125.0
36 7394 1014.0 123.0
36 7395 1024.0 125.0
36 7396 525.0 134.0
36 7397 525.0 136.0
36 7398 708.0 133.0
36 7399 715.0 133.0
36 7400 996.0 134.0
36 7401 530.0 143.0
36 7402 524.0 144.0
36 7403 96.0 163.0
36 7404 95.0 165.0
36 7405 335.0 163.0
36 7406 50.0 176.0
36 7407 72.0 173.0
36 7408 83.0 173.0
36 7409 150.0 174.0
36 7410 674.0 173.0
36 7411 674.0 175.0
36 7412 664.0 176.0
36 7413 1170.0 176.0
36 7414 69.0 183.0
36 7415 91.0 183.0
36 7416 144.0 186.0
36 7417 236.0 183.0
36 7418 452.0 183.0
36 7419 455.0 183.0
36 7420 576.0 183.0
36 7421 667.0 183.0
36 7422 1163.0 184.0
36 7423 310.0 193.0
36 7424 456.0 193.0
36 7425 474.0 194.0
36 7426 491.0 195.0
36 7427 493.0 195.0
36 7428 574.0 193.0
36 7429 588.0 193.0
36 7430 584.0 195.0
36 7431 591.0 195.0
36 7432 623.0 195.0
36 7433 633.0 195.0
36 7434 643.0 193.0
36 7435 643.0 196.0
36 7436 645.0 196.0
36 7437 668.0 193.0
36 7438 675.0 193.0
36 7439 70.0 203.0
36 7440 376.0 206.0
36 7441 455.0 205.0
36 7442 463.0 204.0
36 7443 467.0 204.0
36 7444 469.0 204.0
36 7445 489.0 206.0
36 7446 548.0 206.0
36 7447 572.0 203.0
36 7448 575.0 203.0
36 7449 608.0 204.0
36 7450 630.0 204.0
36 7451 632.0 204.0
36 7452 634.0 204.0
36 7453 643.0 203.0
36 7454 646.0 203.0
36 7455 647.0 205.0
36 7456 183.0 213.0
36 7457 234.0 216.0
36 7458 328.0 213.0
36 7459 467.0 214.0
36 7460 490.0 215.0
36 7461 549.0 215.0
36 7462 612.0 216.0
36 7463 169.0 224.0
36 7464 347.0 223.0
36 7465 355.0 223.0
36 7466 353.0 224.0
36 7467 345.0 226.0
36 7468 367.0 223.0
36 7469 371.0 226.0
36 7470 475.0 225.0
36 7471 566.0 223.0
36 7472 643.0 226.0
36 7473 645.0 226.0
36 7474 364.0 235.0
36 7475 611.0 233.0
36 7476 614.0 235.0
36 7477 603.0 236.0
36 7478 606.0 236.0
36 7479 376.0 245.0
36 7480 464.0 243.0
36 7481 493.0 244.0
36 7482 548.0 246.0
36 7483 605.0 246.0
36 7484 191.0 255.0
36 7485 330.0 255.0
36 7486 326.0 256.0
36 7487 370.0 254.0
36 7488 103.0 263.0
36 7489 211.0 265.0
36 7490 529.0 266.0
36 7491 711.0 283.0
36 7492 494.0 293.0
36 7493 496.0 294.0
36 7494 493.0 296.0
37 7495 787.0 25.0
37 7496 795.0 25.0
37 7497 789.0 26.0
37 7498 1076.0 26.0
37 7499 1132.0 24.0
37 7500 771.0 36.0
37 7501 776.0 36.0
37 7502 784.0 34.0
37 7503 786.0 35.0
37 7504 912.0 33.0
37 7505 949.0 33.0
37 7506 952.0 33.0
37 7507 950.0 36.0
37 7508 968.0 33.0
37 7509 964.0 36.0
37 7510 1048.0 33.0
37 7511 1109.0 34.0
37 7512 776.0 44.0
37 7513 776.0 46.0
37 7514 927.0 43.0
37 7515 929.0 43.0
37 7516 931.0 43.0
37 7517 1027.0 44.0
37 7518 1114.0 46.0
37 7519 914.0 54.0
37 7520 551.0 66.0
37 7521 947.0 63.0
37 7522 943.0 66.0
37 7523 253.0 75.0
37 7524 554.0 74.0
37 7525 556.0 76.0
37 7526 568.0 74.0
37 7527 572.0 75.0
37 7528 916.0 73.0
37 7529 923.0 73.0
37 7530 965.0 73.0
37 7531 967.0 75.0
37 7532 1036.0 75.0
37 7533 423.0 86.0
37 7534 553.0 84.0
37 7535 714.0 85.0
37 7536 1043.0 86.0
37 7537 914.0 93.0
37 7538 1036.0 96.0
37 7539 576.0 115.0
37 7540 1009.0 113.0
37 7541 1012.0 114.0
37 7542 1006.0 115.0
37 7543 1035.0 113.0
37 7544 790.0 126.0
37 7545 803.0 123.0
37 7546 975.0 123.0
37 7547 985.0 123.0
37 7548 706.0 133.0
37 7549 516.0 145.0
37 7550 72.0 154.0
37 7551 149.0 164.0
37 7552 156.0 165.0
37 7553 150.0 166.0
37 7554 334.0 164.0
37 7555 146.0 173.0
37 7556 666.0 175.0
37 7557 932.0 174.0
37 7558 66.0 186.0
37 7559 68.0 186.0
37 7560 115.0 184.0
37 7561 130.0 184.0
37 7562 656.0 184.0
37 7563 276.0 195.0
37 7564 296.0 194.0
37 7565 443.0 193.0
37 7566 471.0 193.0
37 7567 476.0 194.0
37 7568 567.0 196.0
37 7569 587.0 193.0
37 7570 614.0 194.0
37 7571 623.0 194.0
37 7572 634.0 194.0
37 7573 656.0 195.0
37 7574 671.0 194.0
37 7575 672.0 196.0
37 7576 168.0 206.0
37 7577 313.0 206.0
37 7578 450.0 204.0
37 7579 476.0 203.0
37 7580 495.0 203.0
37 7581 485.0 205.0
37 7582 545.0 203.0
37 7583 554.0 205.0
37 7584 556.0 205.0
37 7585 546.0 206.0
37 7586 551.0 206.0
37 7587 575.0 204.0
37 7588 608.0 204.0
37 7589 628.0 203.0
37 7590 636.0 203.0
37 7591 633.0 204.0
37 7592 656.0 203.0
37 7593 331.0 215.0
37 7594 447.0 214.0
37 7595 491.0 213.0
37 7596 509.0 216.0
37 7597 544.0 215.0
37 7598 574.0 213.0
37 7599 563.0 215.0
37 7600 573.0 215.0
37 7601 575.0 216.0
37 7602 326.0 223.0
37 7603 334.0 224.0
37 7604 351.0 224.0
37 7605 454.0 225.0
37 7606 490.0 225.0
37 7607 487.0 226.0
37 7608 613.0 226.0
37 7609 634.0 223.0
37 7610 632.0 225.0
37 7611 254.0 236.0
37 7612 276.0 235.0
37 7613 323.0 233.0
37 7614 545.0 235.0
37 7615 555.0 236.0
37 7616 605.0 234.0
37 7617 612.0 234.0
37 7618 604.0 236.0
37 7619 614.0 236.0
37 7620 269.0 245.0
37 7621 289.0 243.0
37 7622 292.0 243.0
37 7623 294.0 245.0
37 7624 289.0 246.0
37 7625 450.0 243.0
37 7626 449.0 245.0
37 7627 603.0 246.0
37 7628 244.0 256.0
37 7629 268.0 254.0
37 7630 703.0 256.0
37 7631 111.0 263.0
37 7632 516.0 264.0
38 7633 793.0 26.0
38 7634 954.0 23.0
38 7635 976.0 24.0
38 7636 992.0 23.0
38 7637 1008.0 23.0
38 7638 1006.0 26.0
38 7639 1049.0 24.0
38 7640 1065.0 23.0
38 7641 1067.0 26.0
38 7642 1070.0 26.0
38 7643 786.0 34.0
38 7644 944.0 35.0
38 7645 1049.0 33.0
38 7646 1071.0 33.0
38 7647 774.0 44.0
38 7648 936.0 43.0
38 7649 971.0 53.0
38 7650 971.0 56.0
38 7651 944.0 63.0
38 7652 990.0 64.0
38 7653 993.0 66.0
38 7654 1069.0 65.0
38 7655 933.0 73.0
38 7656 943.0 73.0
38 7657 1075.0 76.0
38 7658 945.0 85.0
38 7659 1069.0 86.0
38 7660 991.0 93.0
38 7661 1051.0 93.0
38 7662 1053.0 94.0
38 7663 1070.0 94.0
38 7664 185.0 106.0
38 7665 1036.0 106.0
38 7666 1068.0 106.0
38 7667 585.0 115.0
38 7668 808.0 114.0
38 7669 1048.0 116.0
38 7670 516.0 124.0
38 7671 516.0 126.0
38 7672 772.0 125.0
38 7673 343.0 136.0
38 7674 512.0 135.0
38 7675 511.0 143.0
38 7676 514.0 146.0
38 7677 949.0 144.0
38 7678 435.0 153.0
38 7679 951.0 155.0
38 7680 52.0 166.0
38 7681 124.0 165.0
38 7682 127.0 165.0
38 7683 176.0 166.0
38 7684 312.0 163.0
38 7685 314.0 164.0
38 7686 63.0 176.0
38 7687 574.0 173.0
38 7688 667.0 173.0
38 7689 670.0 176.0
38 7690 955.0 173.0
38 7691 51.0 185.0
38 7692 116.0 183.0
38 7693 174.0 185.0
38 7694 428.0 186.0
38 7695 433.0 186.0
38 7696 453.0 185.0
38 7697 167.0 193.0
38 7698 165.0 195.0
38 7699 163.0 196.0
38 7700 247.0 195.0
38 7701 253.0 196.0
38 7702 444.0 196.0
38 7703 565.0 195.0
38 7704 588.0 193.0
38 7705 672.0 193.0
38 7706 669.0 194.0
38 7707 673.0 195.0
38 7708 683.0 193.0
38 7709 155.0 205.0
38 7710 423.0 204.0
38 7711 429.0 204.0
38 7712 444.0 203.0
38 7713 446.0 203.0
38 7714 472.0 203.0
38 7715 469.0 204.0
38 7716 543.0 204.0
38 7717 543.0 206.0
38 7718 573.0 203.0
38 7719 570.0 206.0
38 7720 587.0 203.0
38 7721 589.0 203.0
38 7722 606.0 203.0
38 7723 608.0 203.0
38 7724 432.0 215.0
38 7725 452.0 215.0
38 7726 463.0 213.0
38 7727 470.0 214.0
38 7728 644.0 216.0
38 7729 129.0 224.0
38 7730 154.0 226.0
38 7731 171.0 223.0
38 7732 264.0 223.0
38 7733 432.0 225.0
38 7734 475.0 223.0
38 7735 463.0 224.0
38 7736 564.0 223.0
38 7737 288.0 233.0
38 7738 293.0 233.0
38 7739 306.0 234.0
38 7740 304.0 235.0
38 7741 434.0 236.0
38 7742 611.0 236.0
38 7743 189.0 245.0
38 7744 203.0 245.0
38 7745 224.0 246.0
38 7746 295.0 245.0
38 7747 449.0 243.0
38 7748 211.0 254.0
38 7749 250.0 254.0
38 7750 247.0 256.0
38 7751 263.0 255.0
38 7752 292.0 255.0
38 7753 535.0 256.0
38 7754 635.0 253.0
38 7755 648.0 255.0
38 7756 646.0 256.0
38 7757 656.0 256.0
38 7758 686.0 254.0
38 7759 207.0 264.0
38 7760 263.0 266.0
38 7761 505.0 273.0
38 7762 507.0 273.0
38 7763 546.0 276.0
38 7764 174.0 294.0
38 7765 487.0 294.0
39 7766 754.0 24.0
39 7767 793.0 26.0
39 7768 955.0 24.0
39 7769 956.0 26.0
39 7770 787.0 33.0
39 7771 784.0 34.0
39 7772 1016.0 45.0
39 7773 383.0 53.0
39 7774 790.0 56.0
39 7775 1023.0 56.0
39 7776 372.0 63.0
39 7777 954.0 63.0
39 7778 724.0 76.0
39 7779 1023.0 84.0
39 7780 1031.0 84.0
39 7781 507.0 94.0
39 7782 1088.0 94.0
39 7783 1032.0 105.0
39 7784 511.0 114.0
39 7785 769.0 113.0
39 7786 764.0 115.0
39 7787 164.0 134.0
39 7788 167.0 135.0
39 7789 515.0 133.0
39 7790 509.0 134.0
39 7791 524.0 135.0
39 7792 536.0 135.0
39 7793 207.0 146.0
39 7794 212.0 146.0
39 7795 429.0 146.0
39 7796 515.0 143.0
39 7797 212.0 153.0
39 7798 416.0 156.0
39 7799 424.0 156.0
39 7800 105.0 163.0
39 7801 113.0 163.0
39 7802 672.0 165.0
39 7803 669.0 166.0
39 7804 230.0 174.0
39 7805 670.0 175.0
39 7806 96.0 183.0
39 7807 156.0 183.0
39 7808 274.0 185.0
39 7809 427.0 185.0
39 7810 424.0 186.0
39 7811 450.0 184.0
39 7812 444.0 186.0
39 7813 446.0 186.0
39 7814 451.0 186.0
39 7815 527.0 183.0
39 7816 536.0 183.0
39 7817 534.0 186.0
39 7818 572.0 183.0
39 7819 575.0 183.0
39 7820 236.0 196.0
39 7821 243.0 194.0
39 7822 246.0 196.0
39 7823 394.0 193.0
39 7824 563.0 193.0
39 7825 583.0 195.0
39 7826 674.0 194.0
39 7827 673.0 196.0
39 7828 133.0 204.0
39 7829 416.0 203.0
39 7830 435.0 204.0
39 7831 452.0 204.0
39 7832 476.0 206.0
39 7833 532.0 205.0
39 7834 567.0 206.0
39 7835 574.0 206.0
39 7836 991.0 203.0
39 7837 404.0 215.0
39 7838 414.0 216.0
39 7839 443.0 216.0
39 7840 568.0 214.0
39 7841 613.0 216.0
39 7842 105.0 225.0
39 7843 132.0 226.0
39 7844 152.0 223.0
39 7845 245.0 224.0
39 7846 366.0 225.0
39 7847 411.0 223.0
39 7848 408.0 224.0
39 7849 403.0 226.0
39 7850 443.0 225.0
39 7851 273.0 234.0
39 7852 285.0 236.0
39 7853 434.0 233.0
39 7854 427.0 236.0
39 7855 211.0 243.0
39 7856 615.0 243.0
39 7857 229.0 255.0
39 7858 253.0 253.0
39 7859 591.0 253.0
39 7860 170.0 266.0
39 7861 553.0 265.0
39 7862 113.0 273.0
39 7863 732.0 296.0
40 7864 752.0 26.0
40 7865 795.0 24.0
40 7866 1155.0 24.0
40 7867 703.0 36.0
40 7868 774.0 33.0
40 7869 766.0 35.0
40 7870 1050.0 33.0
40 7871 1055.0 35.0
40 7872 1155.0 35.0
40 7873 793.0 43.0
40 7874 1155.0 46.0
40 7875 564.0 55.0
40 7876 1123.0 56.0
40 7877 1155.0 55.0
40 7878 727.0 66.0
40 7879 155.0 76.0
40 7880 727.0 73.0
40 7881 724.0 75.0
40 7882 983.0 76.0
40 7883 1069.0 74.0
40 7884 1130.0 75.0
40 7885 1153.0 74.0
40 7886 1052.0 84.0
40 7887 134.0 96.0
40 7888 1070.0 96.0
40 7889 1106.0 93.0
40 7890 1110.0 93.0
40 7891 551.0 104.0
40 7892 790.0 103.0
40 7893 792.0 103.0
40 7894 826.0 104.0
40 7895 826.0 106.0
40 7896 427.0 113.0
40 7897 563.0 113.0
40 7898 783.0 116.0
40 7899 509.0 126.0
40 7900 516.0 126.0
40 7901 1011.0 126.0
40 7902 345.0 135.0
40 7903 364.0 136.0
40 7904 495.0 133.0
40 7905 516.0 135.0
40 7906 512.0 136.0
40 7907 56.0 154.0
40 7908 111.0 156.0
40 7909 415.0 155.0
40 7910 936.0 154.0
40 7911 86.0 163.0
40 7912 91.0 164.0
40 7913 106.0 164.0
40 7914 63.0 176.0
40 7915 134.0 173.0
40 7916 204.0 176.0
40 7917 211.0 176.0
40 7918 435.0 174.0
40 7919 671.0 173.0
40 7920 671.0 176.0
40 7921 911.0 175.0
40 7922 204.0 183.0
40 7923 215.0 184.0
40 7924 203.0 186.0
40 7925 416.0 183.0
40 7926 416.0 186.0
40 7927 433.0 183.0
40 7928 433.0 186.0
40 7929 446.0 184.0
40 7930 443.0 186.0
40 7931 523.0 183.0
40 7932 525.0 183.0
40 7933 532.0 184.0
40 7934 564.0 185.0
40 7935 584.0 186.0
40 7936 670.0 184.0
40 7937 672.0 186.0
40 7938 113.0 194.0
40 7939 111.0 196.0
40 7940 123.0 194.0
40 7941 131.0 196.0
40 7942 207.0 196.0
40 7943 211.0 196.0
40 7944 376.0 196.0
40 7945 392.0 193.0
40 7946 433.0 193.0
40 7947 530.0 196.0
40 7948 535.0 196.0
40 7949 573.0 196.0
40 7950 109.0 203.0
40 7951 471.0 205.0
40 7952 474.0 206.0
40 7953 531.0 204.0
40 7954 545.0 203.0
40 7955 545.0 205.0
40 7956 572.0 206.0
40 7957 685.0 203.0
40 7958 90.0 214.0
40 7959 393.0 215.0
40 7960 413.0 214.0
40 7961 447.0 213.0
40 7962 446.0 215.0
40 7963 463.0 215.0
40 7964 484.0 213.0
40 7965 566.0 214.0
40 7966 567.0 216.0
40 7967 569.0 216.0
40 7968 646.0 216.0
40 7969 88.0 226.0
40 7970 132.0 223.0
40 7971 385.0 226.0
40 7972 431.0 223.0
40 7973 432.0 225.0
40 7974 444.0 226.0
40 7975 555.0 226.0
40 7976 572.0 225.0
40 7977 570.0 226.0
40 7978 323.0 233.0
40 7979 453.0 234.0
40 7980 611.0 233.0
40 7981 703.0 233.0
40 7982 176.0 246.0
40 7983 187.0 246.0
40 7984 213.0 245.0
40 7985 113.0 256.0
40 7986 130.0 253.0
40 7987 695.0 256.0
40 7988 196.0 266.0
40 7989 592.0 263.0
40 7990 706.0 263.0
40 7991 445.0 333.0
41 7992 756.0 16.0
41 7993 807.0 14.0
41 7994 805.0 15.0
41 7995 710.0 24.0
41 7996 708.0 26.0
41 7997 756.0 25.0
41 7998 763.0 23.0
41 7999 768.0 23.0
41 8000 814.0 25.0
41 8001 1048.0 25.0
41 8002 1095.0 24.0
41 8003 1096.0 26.0
41 8004 1109.0 26.0
41 8005 707.0 33.0
41 8006 766.0 35.0
41 8007 763.0 36.0
41 8008 746.0 46.0
41 8009 749.0 46.0
41 8010 556.0 53.0
41 8011 1048.0 56.0
41 8012 1115.0 63.0
41 8013 1104.0 64.0
41 8014 725.0 73.0
41 8015 1096.0 74.0
41 8016 496.0 86.0
41 8017 823.0 84.0
41 8018 1048.0 86.0
41 8019 888.0 96.0
41 8020 433.0 106.0
41 8021 570.0 103.0
41 8022 573.0 104.0
41 8023 583.0 106.0
41 8024 787.0 103.0
41 8025 836.0 104.0
41 8026 424.0 113.0
41 8027 427.0 113.0
41 8028 430.0 114.0
41 8029 432.0 114.0
41 8030 790.0 113.0
41 8031 803.0 115.0
41 8032 1005.0 113.0
41 8033 483.0 124.0
41 8034 496.0 126.0
41 8035 504.0 124.0
41 8036 516.0 125.0
41 8037 855.0 123.0
41 8038 347.0 134.0
41 8039 347.0 136.0
41 8040 491.0 133.0
41 8041 495.0 136.0
41 8042 329.0 143.0
41 8043 334.0 145.0
41 8044 292.0 153.0
41 8045 405.0 153.0
41 8046 410.0 153.0
41 8047 413.0 153.0
41 8048 409.0 156.0
41 8049 413.0 156.0
41 8050 91.0 164.0
41 8051 415.0 163.0
41 8052 192.0 176.0
41 8053 431.0 173.0
41 8054 434.0 174.0
41 8055 566.0 175.0
41 8056 568.0 175.0
41 8057 574.0 175.0
41 8058 675.0 175.0
41 8059 672.0 176.0
41 8060 176.0 185.0
41 8061 191.0 186.0
41 8062 410.0 183.0
41 8063 416.0 183.0
41 8064 411.0 186.0
41 8065 423.0 184.0
41 8066 428.0 184.0
41 8067 432.0 184.0
41 8068 435.0 184.0
41 8069 423.0 186.0
41 8070 435.0 186.0
41 8071 443.0 183.0
41 8072 455.0 186.0
41 8073 529.0 183.0
41 8074 565.0 184.0
41 8075 563.0 186.0
41 8076 583.0 186.0
41 8077 664.0 184.0
41 8078 671.0 184.0
41 8079 675.0 186.0
41 8080 96.0 193.0
41 8081 89.0 194.0
41 8082 371.0 195.0
41 8083 388.0 193.0
41 8084 396.0 195.0
41 8085 428.0 193.0
41 8086 443.0 195.0
41 8087 526.0 196.0
41 8088 532.0 196.0
41 8089 551.0 194.0
41 8090 556.0 196.0
41 8091 575.0 193.0
41 8092 571.0 196.0
41 8093 663.0 193.0
41 8094 747.0 196.0
41 8095 346.0 206.0
41 8096 431.0 205.0
41 8097 464.0 206.0
41 8098 468.0 206.0
41 8099 532.0 203.0
41 8100 523.0 205.0
41 8101 526.0 205.0
41 8102 528.0 206.0
41 8103 556.0 206.0
41 8104 570.0 206.0
41 8105 387.0 216.0
41 8106 416.0 213.0
41 8107 424.0 216.0
41 8108 426.0 216.0
41 8109 454.0 214.0
41 8110 444.0 216.0
41 8111 494.0 216.0
41 8112 523.0 216.0
41 8113 563.0 215.0
41 8114 111.0 224.0
41 8115 334.0 224.0
41 8116 343.0 223.0
41 8117 352.0 225.0
41 8118 369.0 225.0
41 8119 393.0 223.0
41 8120 403.0 223.0
41 8121 573.0 223.0
41 8122 596.0 224.0
41 8123 1087.0 224.0
41 8124 367.0 233.0
41 8125 408.0 233.0
41 8126 434.0 236.0
41 8127 532.0 234.0
41 8128 548.0 234.0
41 8129 546.0 236.0
41 8130 614.0 233.0
41 8131 652.0 235.0
41 8132 705.0 233.0
41 8133 123.0 246.0
41 8134 334.0 246.0
41 8135 389.0 243.0
41 8136 610.0 246.0
41 8137 531.0 255.0
41 8138 593.0 255.0
41 8139 656.0 253.0
41 8140 656.0 256.0
41 8141 851.0 265.0
41 8142 690.0 275.0
41 8143 685.0 326.0
42 8144 769.0 16.0
42 8145 804.0 14.0
42 8146 825.0 16.0
42 8147 852.0 16.0
42 8148 1065.0 24.0
42 8149 1068.0 24.0
42 8150 704.0 35.0
42 8151 1091.0 44.0
42 8152 975.0 53.0
42 8153 732.0 65.0
42 8154 703.0 73.0
42 8155 1091.0 76.0
42 8156 327.0 95.0
42 8157 843.0 94.0
42 8158 849.0 96.0
42 8159 483.0 106.0
42 8160 556.0 103.0
42 8161 788.0 103.0
42 8162 785.0 104.0
42 8163 848.0 105.0
42 8164 504.0 116.0
42 8165 786.0 114.0
42 8166 811.0 113.0
42 8167 309.0 126.0
42 8168 333.0 126.0
42 8169 495.0 123.0
42 8170 487.0 125.0
42 8171 491.0 125.0
42 8172 506.0 126.0
42 8173 735.0 123.0
42 8174 311.0 133.0
42 8175 313.0 135.0
42 8176 316.0 136.0
42 8177 323.0 133.0
42 8178 336.0 136.0
42 8179 487.0 135.0
42 8180 495.0 135.0
42 8181 736.0 133.0
42 8182 308.0 146.0
42 8183 326.0 143.0
42 8184 329.0 143.0
42 8185 327.0 145.0
42 8186 331.0 146.0
42 8187 411.0 143.0
42 8188 412.0 146.0
42 8189 285.0 153.0
42 8190 283.0 154.0
42 8191 407.0 153.0
42 8192 404.0 154.0
42 8193 406.0 156.0
42 8194 671.0 164.0
42 8195 428.0 174.0
42 8196 426.0 175.0
42 8197 433.0 175.0
42 8198 423.0 176.0
42 8199 429.0 176.0
42 8200 572.0 176.0
42 8201 674.0 174.0
42 8202 986.0 174.0
42 8203 168.0 185.0
42 8204 173.0 186.0
42 8205 410.0 184.0
42 8206 404.0 185.0
42 8207 413.0 186.0
42 8208 436.0 183.0
42 8209 433.0 185.0
42 8210 436.0 185.0
42 8211 423.0 186.0
42 8212 425.0 186.0
42 8213 427.0 186.0
42 8214 430.0 186.0
42 8215 508.0 184.0
42 8216 516.0 184.0
42 8217 583.0 186.0
42 8218 673.0 185.0
42 8219 676.0 186.0
42 8220 63.0 194.0
42 8221 75.0 195.0
42 8222 64.0 196.0
42 8223 383.0 195.0
42 8224 416.0 193.0
42 8225 426.0 193.0
42 8226 423.0 195.0
42 8227 556.0 193.0
42 8228 548.0 196.0
42 8229 570.0 195.0
42 8230 690.0 193.0
42 8231 693.0 194.0
42 8232 67.0 206.0
42 8233 176.0 203.0
42 8234 166.0 205.0
42 8235 168.0 205.0
42 8236 188.0 204.0
42 8237 283.0 203.0
42 8238 326.0 203.0
42 8239 323.0 205.0
42 8240 325.0 206.0
42 8241 345.0 203.0
42 8242 343.0 204.0
42 8243 347.0 206.0
42 8244 369.0 205.0
42 8245 409.0 205.0
42 8246 431.0 203.0
42 8247 433.0 205.0
42 8248 448.0 203.0
42 8249 363.0 213.0
42 8250 369.0 213.0
42 8251 386.0 213.0
42 8252 407.0 213.0
42 8253 414.0 214.0
42 8254 407.0 216.0
42 8255 425.0 214.0
42 8256 446.0 215.0
42 8257 514.0 213.0
42 8258 528.0 214.0
42 8259 565.0 213.0
42 8260 570.0 214.0
42 8261 90.0 226.0
42 8262 273.0 224.0
42 8263 288.0 225.0
42 8264 325.0 226.0
42 8265 352.0 223.0
42 8266 356.0 224.0
42 8267 366.0 224.0
42 8268 375.0 225.0
42 8269 385.0 225.0
42 8270 431.0 225.0
42 8271 452.0 225.0
42 8272 274.0 233.0
42 8273 364.0 233.0
42 8274 407.0 235.0
42 8275 449.0 234.0
42 8276 547.0 233.0
42 8277 546.0 235.0
42 8278 275.0 245.0
42 8279 334.0 245.0
42 8280 369.0 245.0
42 8281 427.0 245.0
42 8282 605.0 243.0
42 8283 725.0 246.0
42 8284 310.0 254.0
42 8285 351.0 256.0
42 8286 576.0 256.0
42 8287 710.0 254.0
42 8288 370.0 264.0
42 8289 365.0 265.0
42 8290 548.0 265.0
42 8291 529.0 276.0
42 8292 187.0 285.0
42 8293 609.0 284.0
42 8294 485.0 296.0
43 8295 824.0 33.0
43 8296 823.0 44.0
43 8297 863.0 93.0
43 8298 792.0 103.0
43 8299 788.0 104.0
43 8300 786.0 105.0
43 8301 93.0 114.0
43 8302 293.0 126.0
43 8303 314.0 126.0
43 8304 470.0 126.0
43 8305 474.0 126.0
43 8306 483.0 123.0
43 8307 493.0 123.0
43 8308 295.0 136.0
43 8309 304.0 135.0
43 8310 326.0 134.0
43 8311 333.0 134.0
43 8312 489.0 135.0
43 8313 310.0 143.0
43 8314 305.0 144.0
43 8315 303.0 145.0
43 8316 316.0 145.0
43 8317 323.0 143.0
43 8318 406.0 146.0
43 8319 146.0 153.0
43 8320 170.0 153.0
43 8321 272.0 154.0
43 8322 275.0 155.0
43 8323 403.0 153.0
43 8324 404.0 163.0
43 8325 407.0 164.0
43 8326 403.0 165.0
43 8327 672.0 163.0
43 8328 675.0 164.0
43 8329 673.0 165.0
43 8330 103.0 176.0
43 8331 108.0 176.0
43 8332 407.0 173.0
43 8333 425.0 176.0
43 8334 676.0 175.0
43 8335 154.0 186.0
43 8336 168.0 186.0
43 8337 410.0 184.0
43 8338 404.0 186.0
43 8339 430.0 183.0
43 8340 431.0 185.0
43 8341 433.0 186.0
43 8342 165.0 193.0
43 8343 191.0 196.0
43 8344 243.0 193.0
43 8345 666.0 194.0
43 8346 668.0 195.0
43 8347 693.0 194.0
43 8348 148.0 206.0
43 8349 165.0 203.0
43 8350 163.0 204.0
43 8351 246.0 203.0
43 8352 656.0 215.0
43 8353 356.0 225.0
43 8354 151.0 236.0
43 8355 172.0 236.0
43 8356 691.0 256.0
44 8357 834.0 33.0
44 8358 474.0 76.0
44 8359 474.0 84.0
44 8360 473.0 86.0
44 8361 935.0 85.0
44 8362 483.0 116.0
44 8363 784.0 115.0
44 8364 787.0 115.0
44 8365 310.0 124.0
44 8366 303.0 125.0
44 8367 469.0 124.0
44 8368 284.0 133.0
44 8369 289.0 133.0
44 8370 291.0 134.0
44 8371 283.0 135.0
44 8372 295.0 136.0
44 8373 312.0 135.0
44 8374 323.0 133.0
44 8375 290.0 145.0
44 8376 305.0 143.0
44 8377 312.0 143.0
44 8378 304.0 145.0
44 8379 125.0 154.0
44 8380 264.0 153.0
44 8381 395.0 153.0
44 8382 396.0 155.0
44 8383 84.0 163.0
44 8384 128.0 164.0
44 8385 416.0 176.0
44 8386 423.0 173.0
44 8387 424.0 175.0
44 8388 152.0 193.0
44 8389 683.0 195.0
44 8390 695.0 195.0
44 8391 110.0 203.0
44 8392 107.0 206.0
44 8393 123.0 205.0
44 8394 131.0 205.0
44 8395 136.0 206.0
44 8396 312.0 203.0
44 8397 315.0 226.0
44 8398 532.0 253.0
45 8399 847.0 25.0
45 8400 914.0 46.0
45 8401 970.0 45.0
45 8402 986.0 44.0
45 8403 943.0 53.0
45 8404 464.0 66.0
45 8405 915.0 63.0
45 8406 926.0 63.0
45 8407 784.0 105.0
45 8408 844.0 106.0
45 8409 476.0 116.0
45 8410 487.0 116.0
45 8411 795.0 113.0
45 8412 291.0 124.0
45 8413 290.0 126.0
45 8414 296.0 126.0
45 8415 466.0 126.0
45 8416 470.0 126.0
45 8417 85.0 134.0
45 8418 270.0 135.0
45 8419 289.0 134.0
45 8420 469.0 135.0
45 8421 291.0 144.0
45 8422 295.0 144.0
45 8423 395.0 143.0
45 8424 394.0 146.0
45 8425 147.0 153.0
45 8426 394.0 154.0
45 8427 389.0 156.0
45 8428 68.0 164.0
45 8429 393.0 163.0
45 8430 395.0 165.0
45 8431 691.0 163.0
45 8432 689.0 166.0
45 8433 396.0 173.0
45 8434 412.0 176.0
45 8435 683.0 176.0
45 8436 392.0 186.0
45 8437 409.0 186.0
45 8438 564.0 183.0
45 8439 274.0 193.0
45 8440 387.0 194.0
45 8441 487.0 193.0
45 8442 684.0 193.0
45 8443 685.0 195.0
45 8444 68.0 203.0
45 8445 76.0 203.0
45 8446 92.0 203.0
45 8447 105.0 204.0
45 8448 507.0 203.0
45 8449 512.0 203.0
45 8450 67.0 216.0
45 8451 96.0 213.0
45 8452 569.0 215.0
45 8453 344.0 226.0
45 8454 372.0 226.0
45 8455 104.0 235.0
45 8456 554.0 233.0
45 8457 703.0 236.0
45 8458 530.0 255.0
45 8459 685.0 276.0
45 8460 506.0 284.0
45 8461 490.0 306.0
46 8462 148.0 16.0
46 8463 715.0 23.0
46 8464 786.0 25.0
46 8465 1003.0 23.0
46 8466 136.0 33.0
46 8467 1023.0 33.0
46 8468 444.0 43.0
46 8469 447.0 43.0
46 8470 736.0 45.0
46 8471 748.0 43.0
46 8472 952.0 44.0
46 8473 952.0 46.0
46 8474 447.0 53.0
46 8475 732.0 56.0
46 8476 750.0 53.0
46 8477 750.0 56.0
46 8478 864.0 56.0
46 8479 866.0 56.0
46 8480 936.0 56.0
46 8481 943.0 54.0
46 8482 953.0 55.0
46 8483 996.0 54.0
46 8484 988.0 55.0
46 8485 991.0 55.0
46 8486 867.0 64.0
46 8487 916.0 63.0
46 8488 448.0 74.0
46 8489 64.0 84.0
46 8490 276.0 83.0
46 8491 434.0 85.0
46 8492 926.0 84.0
46 8493 256.0 95.0
46 8494 564.0 96.0
46 8495 850.0 93.0
46 8496 983.0 95.0
46 8497 488.0 103.0
46 8498 495.0 103.0
46 8499 493.0 104.0
46 8500 553.0 106.0
46 8501 576.0 103.0
46 8502 574.0 104.0
46 8503 792.0 103.0
46 8504 790.0 104.0
46 8505 786.0 105.0
46 8506 784.0 106.0
46 8507 789.0 106.0
46 8508 863.0 103.0
46 8509 865.0 103.0
46 8510 993.0 103.0
46 8511 435.0 116.0
46 8512 447.0 116.0
46 8513 465.0 113.0
46 8514 491.0 116.0
46 8515 735.0 115.0
46 8516 270.0 126.0
46 8517 288.0 123.0
46 8518 432.0 124.0
46 8519 455.0 123.0
46 8520 448.0 126.0
46 8521 765.0 126.0
46 8522 256.0 134.0
46 8523 264.0 133.0
46 8524 268.0 134.0
46 8525 272.0 135.0
46 8526 265.0 136.0
46 8527 287.0 134.0
46 8528 305.0 136.0
46 8529 389.0 146.0
46 8530 384.0 156.0
46 8531 243.0 163.0
46 8532 387.0 163.0
46 8533 394.0 163.0
46 8534 390.0 165.0
46 8535 386.0 166.0
46 8536 236.0 176.0
46 8537 108.0 183.0
46 8538 204.0 185.0
46 8539 394.0 186.0
46 8540 495.0 186.0
46 8541 545.0 183.0
46 8542 554.0 183.0
46 8543 552.0 184.0
46 8544 547.0 185.0
46 8545 569.0 184.0
46 8546 564.0 185.0
46 8547 566.0 186.0
46 8548 688.0 183.0
46 8549 307.0 193.0
46 8550 313.0 194.0
46 8551 310.0 196.0
46 8552 354.0 196.0
46 8553 390.0 195.0
46 8554 395.0 195.0
46 8555 475.0 195.0
46 8556 546.0 193.0
46 8557 550.0 193.0
46 8558 576.0 193.0
46 8559 571.0 196.0
46 8560 609.0 195.0
46 8561 612.0 195.0
46 8562 635.0 195.0
46 8563 656.0 193.0
46 8564 644.0 195.0
46 8565 688.0 194.0
46 8566 129.0 205.0
46 8567 166.0 203.0
46 8568 336.0 203.0
46 8569 543.0 205.0
46 8570 545.0 205.0
46 8571 555.0 206.0
46 8572 571.0 203.0
46 8573 564.0 204.0
46 8574 136.0 215.0
46 8575 196.0 215.0
46 8576 203.0 216.0
46 8577 276.0 213.0
46 8578 272.0 215.0
46 8579 333.0 215.0
46 8580 363.0 213.0
46 8581 493.0 213.0
46 8582 491.0 216.0
46 8583 547.0 213.0
46 8584 647.0 215.0
46 8585 705.0 214.0
46 8586 796.0 216.0
46 8587 287.0 223.0
46 8588 316.0 225.0
46 8589 326.0 223.0
46 8590 376.0 224.0
46 8591 403.0 223.0
46 8592 270.0 234.0
46 8593 373.0 234.0
46 8594 364.0 236.0
46 8595 373.0 236.0
46 8596 426.0 234.0
46 8597 426.0 236.0
46 8598 484.0 234.0
46 8599 549.0 234.0
46 8600 229.0 246.0
46 8601 271.0 246.0
46 8602 285.0 243.0
46 8603 296.0 243.0
46 8604 290.0 245.0
46 8605 295.0 246.0
46 8606 310.0 244.0
46 8607 333.0 243.0
46 8608 405.0 244.0
46 8609 623.0 244.0
46 8610 656.0 245.0
46 8611 696.0 243.0
46 8612 263.0 255.0
46 8613 368.0 253.0
46 8614 533.0 254.0
46 8615 628.0 254.0
46 8616 647.0 255.0
46 8617 685.0 256.0
46 8618 707.0 253.0
46 8619 728.0 253.0
46 8620 93.0 263.0
46 8621 265.0 266.0
46 8622 523.0 266.0
46 8623 594.0 263.0
46 8624 646.0 265.0
46 8625 650.0 266.0
46 8626 746.0 263.0
46 8627 670.0 275.0
46 8628 531.0 284.0
46 8629 643.0 285.0
46 8630 504.0 293.0
46 8631 655.0 296.0
47 8632 734.0 14.0
47 8633 109.0 24.0
47 8634 111.0 24.0
47 8635 373.0 26.0
47 8636 376.0 26.0
47 8637 516.0 23.0
47 8638 716.0 23.0
47 8639 763.0 23.0
47 8640 765.0 23.0
47 8641 770.0 26.0
47 8642 965.0 26.0
47 8643 367.0 36.0
47 8644 754.0 34.0
47 8645 764.0 36.0
47 8646 770.0 36.0
47 8647 985.0 33.0
47 8648 985.0 35.0
47 8649 1009.0 34.0
47 8650 743.0 43.0
47 8651 756.0 44.0
47 8652 754.0 45.0
47 8653 752.0 46.0
47 8654 767.0 46.0
47 8655 875.0 45.0
47 8656 974.0 44.0
47 8657 965.0 46.0
47 8658 968.0 46.0
47 8659 986.0 44.0
47 8660 735.0 53.0
47 8661 735.0 56.0
47 8662 753.0 54.0
47 8663 751.0 56.0
47 8664 944.0 54.0
47 8665 985.0 55.0
47 8666 434.0 64.0
47 8667 725.0 63.0
47 8668 735.0 65.0
47 8669 1009.0 66.0
47 8670 368.0 76.0
47 8671 371.0 76.0
47 8672 373.0 76.0
47 8673 953.0 76.0
47 8674 264.0 84.0
47 8675 272.0 84.0
47 8676 272.0 86.0
47 8677 847.0 85.0
47 8678 853.0 85.0
47 8679 850.0 86.0
47 8680 872.0 86.0
47 8681 910.0 86.0
47 8682 249.0 93.0
47 8683 243.0 94.0
47 8684 251.0 94.0
47 8685 243.0 96.0
47 8686 272.0 93.0
47 8687 276.0 96.0
47 8688 471.0 94.0
47 8689 474.0 95.0
47 8690 490.0 95.0
47 8691 493.0 95.0
47 8692 495.0 95.0
47 8693 487.0 96.0
47 8694 564.0 96.0
47 8695 786.0 95.0
47 8696 816.0 96.0
47 8697 824.0 93.0
47 8698 824.0 95.0
47 8699 848.0 96.0
47 8700 856.0 96.0
47 8701 867.0 95.0
47 8702 454.0 106.0
47 8703 553.0 104.0
47 8704 565.0 103.0
47 8705 570.0 103.0
47 8706 794.0 103.0
47 8707 792.0 104.0
47 8708 784.0 106.0
47 8709 792.0 106.0
47 8710 883.0 105.0
47 8711 434.0 113.0
47 8712 427.0 116.0
47 8713 450.0 114.0
47 8714 763.0 114.0
47 8715 783.0 116.0
47 8716 246.0 126.0
47 8717 269.0 123.0
47 8718 273.0 124.0
47 8719 271.0 126.0
47 8720 284.0 125.0
47 8721 433.0 126.0
47 8722 447.0 123.0
47 8723 454.0 125.0
47 8724 563.0 126.0
47 8725 783.0 125.0
47 8726 67.0 136.0
47 8727 73.0 136.0
47 8728 247.0 133.0
47 8729 251.0 134.0
47 8730 245.0 135.0
47 8731 294.0 135.0
47 8732 286.0 136.0
47 8733 268.0 143.0
47 8734 89.0 153.0
47 8735 89.0 165.0
47 8736 233.0 163.0
47 8737 233.0 166.0
47 8738 383.0 163.0
47 8739 385.0 165.0
47 8740 664.0 165.0
47 8741 666.0 165.0
47 8742 234.0 174.0
47 8743 232.0 176.0
47 8744 391.0 173.0
47 8745 675.0 175.0
47 8746 85.0 184.0
47 8747 388.0 186.0
47 8748 496.0 186.0
47 8749 546.0 185.0
47 8750 564.0 184.0
47 8751 569.0 184.0
47 8752 567.0 186.0
47 8753 648.0 186.0
47 8754 675.0 185.0
47 8755 284.0 193.0
47 8756 292.0 194.0
47 8757 376.0 196.0
47 8758 385.0 194.0
47 8759 391.0 196.0
47 8760 543.0 193.0
47 8761 550.0 193.0
47 8762 555.0 193.0
47 8763 545.0 194.0
47 8764 572.0 196.0
47 8765 647.0 195.0
47 8766 693.0 194.0
47 8767 711.0 196.0
47 8768 165.0 206.0
47 8769 195.0 203.0
47 8770 307.0 203.0
47 8771 332.0 203.0
47 8772 536.0 204.0
47 8773 534.0 205.0
47 8774 532.0 206.0
47 8775 536.0 206.0
47 8776 548.0 203.0
47 8777 545.0 204.0
47 8778 544.0 206.0
47 8779 564.0 203.0
47 8780 571.0 204.0
47 8781 564.0 205.0
47 8782 651.0 204.0
47 8783 652.0 206.0
47 8784 675.0 203.0
47 8785 167.0 214.0
47 8786 263.0 214.0
47 8787 391.0 214.0
47 8788 394.0 214.0
47 8789 554.0 213.0
47 8790 556.0 214.0
47 8791 545.0 215.0
47 8792 566.0 215.0
47 8793 605.0 213.0
47 8794 651.0 216.0
47 8795 708.0 215.0
47 8796 710.0 215.0
47 8797 712.0 215.0
47 8798 166.0 223.0
47 8799 271.0 226.0
47 8800 312.0 226.0
47 8801 487.0 226.0
47 8802 531.0 224.0
47 8803 546.0 224.0
47 8804 556.0 225.0
47 8805 343.0 234.0
47 8806 351.0 236.0
47 8807 471.0 233.0
47 8808 474.0 234.0
47 8809 483.0 233.0
47 8810 496.0 233.0
47 8811 494.0 236.0
47 8812 183.0 244.0
47 8813 216.0 243.0
47 8814 251.0 246.0
47 8815 336.0 245.0
47 8816 411.0 243.0
47 8817 409.0 245.0
47 8818 548.0 243.0
47 8819 611.0 245.0
47 8820 615.0 245.0
47 8821 251.0 253.0
47 8822 256.0 256.0
47 8823 308.0 255.0
47 8824 329.0 254.0
47 8825 374.0 254.0
47 8826 263.0 265.0
47 8827 526.0 263.0
47 8828 630.0 264.0
47 8829 653.0 263.0
47 8830 693.0 265.0
47 8831 711.0 265.0
47 8832 291.0 276.0
47 8833 533.0 276.0
47 8834 635.0 276.0
47 8835 805.0 274.0
47 8836 826.0 276.0
47 8837 212.0 284.0
47 8838 747.0 283.0
47 8839 568.0 296.0
47 8840 585.0 296.0
47 8841 830.0 293.0
48 8842 724.0 13.0
48 8843 727.0 14.0
48 8844 773.0 15.0
48 8845 770.0 16.0
48 8846 785.0 16.0
48 8847 1091.0 16.0
48 8848 91.0 25.0
48 8849 766.0 23.0
48 8850 772.0 23.0
48 8851 763.0 24.0
48 8852 776.0 26.0
48 8853 854.0 26.0
48 8854 903.0 25.0
48 8855 424.0 33.0
48 8856 749.0 36.0
48 8857 865.0 36.0
48 8858 876.0 36.0
48 8859 895.0 34.0
48 8860 895.0 36.0
48 8861 905.0 34.0
48 8862 903.0 35.0
48 8863 929.0 33.0
48 8864 923.0 36.0
48 8865 994.0 36.0
48 8866 1004.0 33.0
48 8867 1008.0 34.0
48 8868 1004.0 35.0
48 8869 763.0 43.0
48 8870 763.0 46.0
48 8871 910.0 43.0
48 8872 903.0 44.0
48 8873 924.0 44.0
48 8874 924.0 46.0
48 8875 974.0 43.0
48 8876 1023.0 43.0
48 8877 1023.0 45.0
48 8878 733.0 53.0
48 8879 735.0 55.0
48 8880 903.0 53.0
48 8881 349.0 65.0
48 8882 346.0 66.0
48 8883 730.0 65.0
48 8884 930.0 63.0
48 8885 927.0 64.0
48 8886 954.0 63.0
48 8887 951.0 66.0
48 8888 250.0 75.0
48 8889 253.0 75.0
48 8890 426.0 76.0
48 8891 764.0 73.0
48 8892 876.0 75.0
48 8893 951.0 73.0
48 8894 947.0 75.0
48 8895 224.0 86.0
48 8896 248.0 83.0
48 8897 248.0 85.0
48 8898 466.0 86.0
48 8899 473.0 86.0
48 8900 545.0 86.0
48 8901 771.0 83.0
48 8902 771.0 86.0
48 8903 850.0 83.0
48 8904 855.0 83.0
48 8905 852.0 84.0
48 8906 849.0 85.0
48 8907 847.0 86.0
48 8908 876.0 84.0
48 8909 885.0 84.0
48 8910 235.0 96.0
48 8911 244.0 94.0
48 8912 263.0 93.0
48 8913 448.0 93.0
48 8914 565.0 93.0
48 8915 568.0 96.0
48 8916 574.0 96.0
48 8917 813.0 95.0
48 8918 806.0 96.0
48 8919 811.0 96.0
48 8920 873.0 93.0
48 8921 875.0 93.0
48 8922 875.0 96.0
48 8923 896.0 93.0
48 8924 435.0 106.0
48 8925 549.0 103.0
48 8926 565.0 103.0
48 8927 567.0 104.0
48 8928 792.0 103.0
48 8929 794.0 103.0
48 8930 412.0 115.0
48 8931 431.0 116.0
48 8932 231.0 124.0
48 8933 256.0 123.0
48 8934 245.0 125.0
48 8935 270.0 125.0
48 8936 266.0 126.0
48 8937 429.0 123.0
48 8938 768.0 125.0
48 8939 223.0 135.0
48 8940 233.0 135.0
48 8941 253.0 136.0
48 8942 256.0 136.0
48 8943 264.0 133.0
48 8944 312.0 136.0
48 8945 308.0 156.0
48 8946 345.0 156.0
48 8947 372.0 155.0
48 8948 674.0 155.0
48 8949 76.0 164.0
48 8950 214.0 165.0
48 8951 225.0 164.0
48 8952 703.0 166.0
48 8953 696.0 176.0
48 8954 713.0 174.0
48 8955 475.0 183.0
48 8956 491.0 185.0
48 8957 485.0 186.0
48 8958 545.0 184.0
48 8959 547.0 184.0
48 8960 556.0 184.0
48 8961 569.0 183.0
48 8962 564.0 184.0
48 8963 567.0 186.0
48 8964 227.0 195.0
48 8965 286.0 193.0
48 8966 295.0 193.0
48 8967 293.0 194.0
48 8968 286.0 196.0
48 8969 303.0 194.0
48 8970 345.0 196.0
48 8971 550.0 193.0
48 8972 555.0 193.0
48 8973 566.0 195.0
48 8974 572.0 196.0
48 8975 615.0 195.0
48 8976 624.0 195.0
48 8977 626.0 195.0
48 8978 650.0 195.0
48 8979 716.0 196.0
48 8980 185.0 203.0
48 8981 192.0 203.0
48 8982 286.0 203.0
48 8983 323.0 204.0
48 8984 532.0 206.0
48 8985 543.0 205.0
48 8986 571.0 205.0
48 8987 654.0 204.0
48 8988 703.0 203.0
48 8989 216.0 213.0
48 8990 247.0 215.0
48 8991 534.0 213.0
48 8992 553.0 214.0
48 8993 555.0 215.0
48 8994 544.0 216.0
48 8995 565.0 216.0
48 8996 613.0 213.0
48 8997 649.0 213.0
48 8998 664.0 213.0
48 8999 665.0 215.0
48 9000 683.0 215.0
48 9001 189.0 223.0
48 9002 330.0 223.0
48 9003 395.0 225.0
48 9004 524.0 224.0
48 9005 526.0 226.0
48 9006 548.0 223.0
48 9007 544.0 226.0
48 9008 243.0 234.0
48 9009 304.0 235.0
48 9010 373.0 236.0
48 9011 536.0 234.0
48 9012 534.0 236.0
48 9013 227.0 244.0
48 9014 303.0 245.0
48 9015 484.0 246.0
48 9016 713.0 244.0
48 9017 196.0 256.0
48 9018 290.0 254.0
48 9019 289.0 256.0
48 9020 312.0 254.0
48 9021 333.0 256.0
48 9022 343.0 256.0
48 9023 364.0 253.0
48 9024 371.0 256.0
48 9025 666.0 256.0
48 9026 668.0 256.0
48 9027 671.0 256.0
48 9028 673.0 256.0
48 9029 690.0 253.0
48 9030 692.0 253.0
48 9031 694.0 253.0
48 9032 716.0 255.0
48 9033 729.0 256.0
48 9034 229.0 264.0
48 9035 313.0 266.0
48 9036 364.0 264.0
48 9037 696.0 265.0
48 9038 105.0 273.0
48 9039 313.0 274.0
48 9040 705.0 273.0
48 9041 167.0 286.0
48 9042 508.0 286.0
48 9043 650.0 284.0
48 9044 715.0 284.0
48 9045 614.0 295.0
48 9046 625.0 294.0
48 9047 595.0 305.0
49 9048 1167.0 4.0
49 9049 725.0 13.0
49 9050 731.0 14.0
49 9051 744.0 13.0
49 9052 746.0 16.0
49 9053 770.0 16.0
49 9054 774.0 16.0
49 9055 792.0 13.0
49 9056 784.0 14.0
49 9057 872.0 16.0
49 9058 787.0 23.0
49 9059 809.0 26.0
49 9060 883.0 26.0
49 9061 916.0 24.0
49 9062 948.0 24.0
49 9063 753.0 33.0
49 9064 755.0 33.0
49 9065 768.0 34.0
49 9066 771.0 36.0
49 9067 811.0 33.0
49 9068 912.0 33.0
49 9069 927.0 34.0
49 9070 929.0 36.0
49 9071 951.0 33.0
49 9072 949.0 34.0
49 9073 747.0 43.0
49 9074 767.0 44.0
49 9075 765.0 46.0
49 9076 810.0 46.0
49 9077 927.0 46.0
49 9078 730.0 53.0
49 9079 733.0 53.0
49 9080 728.0 54.0
49 9081 735.0 55.0
49 9082 726.0 56.0
49 9083 812.0 54.0
49 9084 811.0 56.0
49 9085 990.0 53.0
49 9086 515.0 66.0
49 9087 733.0 63.0
49 9088 893.0 66.0
49 9089 992.0 63.0
49 9090 233.0 74.0
49 9091 445.0 75.0
49 9092 451.0 76.0
49 9093 529.0 76.0
49 9094 887.0 73.0
49 9095 885.0 75.0
49 9096 913.0 73.0
49 9097 915.0 73.0
49 9098 904.0 74.0
49 9099 916.0 75.0
49 9100 906.0 76.0
49 9101 909.0 76.0
49 9102 208.0 83.0
49 9103 214.0 84.0
49 9104 208.0 85.0
49 9105 216.0 86.0
49 9106 430.0 83.0
49 9107 851.0 83.0
49 9108 852.0 85.0
49 9109 843.0 86.0
49 9110 846.0 86.0
49 9111 229.0 93.0
49 9112 383.0 95.0
49 9113 406.0 96.0
49 9114 456.0 94.0
49 9115 574.0 93.0
49 9116 567.0 94.0
49 9117 576.0 95.0
49 9118 565.0 96.0
49 9119 816.0 93.0
49 9120 812.0 96.0
49 9121 926.0 94.0
49 9122 374.0 105.0
49 9123 383.0 105.0
49 9124 455.0 105.0
49 9125 550.0 104.0
49 9126 823.0 106.0
49 9127 844.0 104.0
49 9128 254.0 123.0
49 9129 247.0 125.0
49 9130 243.0 126.0
49 9131 775.0 123.0
49 9132 230.0 133.0
49 9133 233.0 134.0
49 9134 229.0 136.0
49 9135 306.0 136.0
49 9136 308.0 136.0
49 9137 309.0 146.0
49 9138 316.0 156.0
49 9139 336.0 153.0
49 9140 336.0 155.0
49 9141 343.0 156.0
49 9142 671.0 156.0
49 9143 314.0 165.0
49 9144 343.0 163.0
49 9145 684.0 165.0
49 9146 708.0 165.0
49 9147 685.0 176.0
49 9148 703.0 176.0
49 9149 316.0 185.0
49 9150 323.0 183.0
49 9151 474.0 183.0
49 9152 544.0 184.0
49 9153 546.0 184.0
49 9154 548.0 186.0
49 9155 569.0 183.0
49 9156 564.0 184.0
49 9157 567.0 186.0
49 9158 685.0 186.0
49 9159 705.0 184.0
49 9160 707.0 184.0
49 9161 123.0 195.0
49 9162 255.0 193.0
49 9163 272.0 193.0
49 9164 274.0 196.0
49 9165 289.0 193.0
49 9166 286.0 195.0
49 9167 464.0 193.0
49 9168 475.0 196.0
49 9169 547.0 193.0
49 9170 554.0 193.0
49 9171 544.0 194.0
49 9172 549.0 194.0
49 9173 575.0 193.0
49 9174 566.0 196.0
49 9175 625.0 196.0
49 9176 685.0 193.0
49 9177 705.0 195.0
49 9178 85.0 206.0
49 9179 127.0 203.0
49 9180 127.0 205.0
49 9181 131.0 205.0
49 9182 316.0 204.0
49 9183 314.0 205.0
49 9184 468.0 203.0
49 9185 505.0 205.0
49 9186 532.0 206.0
49 9187 566.0 203.0
49 9188 563.0 204.0
49 9189 569.0 205.0
49 9190 564.0 206.0
49 9191 571.0 206.0
49 9192 656.0 205.0
49 9193 668.0 204.0
49 9194 685.0 205.0
49 9195 709.0 204.0
49 9196 729.0 204.0
49 9197 246.0 213.0
49 9198 251.0 215.0
49 9199 536.0 213.0
49 9200 532.0 215.0
49 9201 545.0 213.0
49 9202 568.0 213.0
49 9203 603.0 215.0
49 9204 668.0 215.0
49 9205 672.0 215.0
49 9206 689.0 213.0
49 9207 686.0 215.0
49 9208 692.0 216.0
49 9209 326.0 224.0
49 9210 507.0 226.0
49 9211 512.0 226.0
49 9212 567.0 224.0
49 9213 323.0 234.0
49 9214 453.0 236.0
49 9215 536.0 234.0
49 9216 551.0 234.0
49 9217 611.0 235.0
49 9218 666.0 233.0
49 9219 163.0 243.0
49 9220 456.0 243.0
49 9221 450.0 244.0
49 9222 543.0 246.0
49 9223 154.0 254.0
49 9224 213.0 253.0
49 9225 293.0 254.0
49 9226 355.0 254.0
49 9227 443.0 253.0
49 9228 485.0 255.0
49 9229 534.0 254.0
49 9230 543.0 254.0
49 9231 545.0 254.0
49 9232 614.0 256.0
49 9233 623.0 254.0
49 9234 630.0 254.0
49 9235 630.0 256.0
49 9236 189.0 265.0
49 9237 233.0 263.0
49 9238 274.0 264.0
49 9239 674.0 264.0
49 9240 676.0 264.0
49 9241 686.0 263.0
49 9242 728.0 263.0
49 9243 288.0 284.0
49 9244 510.0 285.0
49 9245 546.0 296.0
49 9246 687.0 293.0
49 9247 683.0 294.0
49 9248 496.0 303.0
49 9249 647.0 304.0
49 9250 929.0 326.0
0.0009912793803380233
0.0020675861384269077
-0.0011049767351234468
-0.02551203459264356
-0.031446470063139234
1.2109911887714924
718.856
0
0
0.0004247744860767541
0.001845151990303702
-0.00018496633158462153
-0.011665803151018925
-0.0046758862209970945
1.2102002598776684
718.856
0
0
0.0005711239324752831
0.00022249823443045756
0.0020604503995771874
0.032558648066696984
-0.0010254735209305175
1.2381543521536396
718.856
0
0
0.0011245264682489826
0.0008142684683864584
0.0005076496973941416
-0.016842074718751057
0.0005553931912728799
1.2333852252970106
718.856
0
0
0.00010200268237193061
0.0011410809166389239
0.00037937970450905336
-0.00763482506837159
-0.01922576702462392
1.2232932428368624
718.856
0
0
0.0018318706120400657
0.0005569394317594164
-0.0003439057197968961
0.0015795310092414966
-0.005487823149972404
1.2447918227998915
718.856
0
0
-0.0005960717918029363
0.0007109729572948239
1.7800612662817227e-05
0.01196544169609637
-0.061058586303071136
1.2447886943082052
718.856
0
0
-0.0014629202823814185
3.116146636802314e-05
-0.00024035046186144082
-0.004722146224957006
-0.023545036629405314
1.2123513640241403
718.856
0
0
-0.0008665139308138371
-0.0019303976203595432
-0.0002192514134647467
0.032037788933574854
-0.027338546833886285
1.2279383334818346
718.856
0
0
0.0012401636430288785
-0.002937657955396933
0.0018660157598521458
0.006826177449827236
-0.0031295333696675113
1.2252797991067794
718.856
0
0
8.906418110242535e-05
-0.0017942578063610021
-0.000454947917869939
-0.013023470377850732
-0.03383691341574658
1.1730810793352833
718.856
0
0
0.0009539413148351288
-0.0016205760916512134
-0.0005070178674417558
0.02338077625723708
0.00013509528912503046
1.2371898745039611
718.856
0
0
0.0005375301884265208
-0.0010658928168390757
-0.000959631941110212
-0.0069314690396739004
-0.011574467956771424
1.2770811689962627
718.856
0
0
-0.0006557056576568535
-0.0001961366255092276
-0.0003721550705316839
-0.018950618503763287
-0.042777645821425854
1.2149691561791354
718.856
0
0
-0.0005317986553053882
-0.0002593364014325709
-0.00012566649819204797
-0.014862671673806744
-0.030791934829730305
1.2205886906814143
718.856
0
0
-0.0010841789962684732
-0.0003975441390548029
9.183375909062193e-05
0.002669510124382392
-0.04050236623890901
1.2066165999545264
718.856
0
0
0.001452885168985911
-0.000179608307120619
-0.0005241516902728208
-0.01890032518747686
-0.022804348963659085
1.2303097592185834
718.856
0
0
0.001197712245660099
-0.00019205622348404848
1.404934181665188e-05
-0.006952919950487455
-0.018840068647441845
1.218336795669211
718.856
0
0
-0.0009354633530925787
-0.0003166230204384353
-0.0010127998207637152
-0.026150101316660183
-0.036683916546140914
1.212875881680553
718.856
0
0
0.000620946420460186
-0.001009519784987534
0.0008719072372671005
0.025361673709971954
-0.028471425012854126
1.3137320028049377
718.856
0
0
0.00130213315762471
-6.066994059734707e-05
-0.0003585652632755988
-0.03371026028814078
-0.0008526011797009219
1.2409026480662817
718.856
0
0
-0.000577935352075519
0.0002323500817766223
-0.00013823588324178983
-0.05669779691310521
-0.013811828779907132
1.2509156008928546
718.856
0
0
-0.002157745756010475
-0.0008678670089037339
0.0008939477414476774
0.008384012285661747
-0.0321944882644788
1.222478262793053
718.856
0
0
-0.00017623742696461193
-0.0006463537600789124
5.7096850697735464e-05
0.00128846284494232
-0.03126403438856551
1.2881414282466663
718.856
0
0
0.0005726303361496853
-0.0013819985084718872
0.00023517422519612482
0.0073630886323379574
-0.028693257786908413
1.2489943993340378
718.856
0
0
0.0013251477842204443
-0.0010515160299629578
0.000520864989938589
-0.03493953027909047
-0.01348290100442049
1.272623704226676
718.856
0
0
-0.0005021064481205856
-0.0021559073359256626
-0.0008275934765604055
0.08068391827089764
-0.04547396697134355
1.298561312651948
718.856
0
0
-9.883851999425264e-05
0.0003689524617718437
0.0010129106345553593
-0.03849584872742181
-0.006166626894424307
1.2226916842502442
718.856
0
0
0.00018770946506825126
-0.00010014655960963581
0.0001349485129096817
-0.019668960157776045
-0.01732681153548136
1.2071252102011005
718.856
0
0
0.0011365168688660656
-0.003977218374969442
-0.0004390653863829919
0.10887335012610026
0.005921986869258264
1.252760983989717
718.856
0
0
-0.00012423968865607127
-0.0028578921907732886
-0.0005573708630581627
0.07048110533017847
-0.03354682934435924
1.2094838304196283
718.856
0
0
-0.0009420163245745964
-0.0007509019110297403
0.0012572585220045386
0.019127519046561528
-0.037098588777480665
1.2194938870448697
718.856
0
0
-0.0008785858145227077
0.00027907271972960756
-0.0008415768806727172
0.0015464341334026066
-0.010551768196009044
1.2290749195208892
718.856
0
0
-0.0010826863005370048
-0.00026479569434488954
0.00021538582627189301
0.0033632645971110394
-0.030422084387145283
1.1907891684785152
718.856
0
0
0.0005454166334974581
0.001213138708954103
-0.0005810386469298448
-0.027178965355625785
-0.02623331012647069
1.21984061953481
718.856
0
0
0.0011489553133427395
0.0013067718108033652
-0.0020279571574603724
-0.028173892954502358
0.02276618771396254
1.232696713349384
718.856
0
0
-0.0015435364413081236
2.3959608548526443e-05
-0.0027819297225769386
0.01981898234749194
-0.020952886689193238
1.2431196586467377
718.856
0
0
-0.0029569963726541857
0.001307786609556969
-0.00012561862481708428
0.0043562393967290875
-0.0219172110865856
1.2357111742215368
718.856
0
0
-0.002263143740575647
0.001355144522804317
-2.442357795479758e-05
0.004169072766842131
-0.015378404959226507
1.2188689946610916
718.856
0
0
-0.0030245919499066578
0.0007978900158361337
-0.0009509824357909334
0.01970154158076494
-0.014767002184349443
1.229980081020214
718.856
0
0
-0.0018634587902595268
0.0014846065216007882
0.0009994531919762552
-0.011454429767482411
-0.035952024076137484
1.2422261537030572
718.856
0
0
0.0014672455515396528
0.0013760003162389524
0.0009552548704219033
0.006576548092773029
-0.036427666197420334
1.2201348580839844
718.856
0
0
0.0011155875887955105
0.002202605578576704
-0.0008024761574410671
-0.03158948585311012
-0.03892835053791579
1.2285422777741883
718.856
0
0
7.912615150356007e-06
0.001333963225585544
-0.00022865906455623298
-0.00955946155640455
-0.035430040101247305
1.1867538659232704
718.856
0
0
0.0001812483425822968
0.0008076182051833942
-0.00022117897043169324
-0.020852981040601716
-0.02924136240925606
1.1990543439409178
718.856
0
0
0.0012046350572277114
0.0005213525950980281
8.589104531430176e-05
-0.030356798214733683
-0.025887380247602856
1.2250072420062001
718.856
0
0
0.0001015278954294614
-0.0011295460114429012
-0.0009576186260121489
-0.020035588715526007
-0.01792146158336765
1.2381235278896905
718.856
0
0
-0.0014774525621958905
-0.0013504500483883988
0.0005481570034037192
0.0024969940352220785
-0.025691977419431834
1.2407025448173434
718.856
0
0
0.0002497328540475633
-0.0003842003615546155
0.0005187457208325508
-0.020078943899910568
-0.011511473875643892
1.2041463579890093
718.856
0
0
-0.0025640199965567922
-0.0014449003384977809
-0.0018219533691469887
0.02140323422215951
-0.1023670083649398
1.1985737272989756
718.856
0
0
-2.599124916352673
-4.716264143641841
19.852913560043643
-2.688212597021231
-4.661380047962991
19.739485343019982
-1.8665749234436237
-4.70505182730748
19.908768415042157
17.52933862044757
-14.219967956032793
60.161091464448894
20.376370780025237
-14.734127553866792
61.92470900682897
-40.30087819034206
-11.975485663527579
53.670732694677326
-13.973492432677585
-4.78539956076542
21.094737507972162
-4.55417050627313
-4.721426636382544
20.206472152809436
6.389020001406391
-14.286690108006626
63.833564142982944
12.346857823338546
-13.643891248260893
61.340702167551285
15.497848899473896
-14.44516481196478
64.46718722127694
18.52748256761353
-14.300090409727282
63.80846013834581
21.09683933442234
-14.391529891133828
63.80305842458383
-47.47281747583322
-12.982200436143517
61.46500478173211
-44.50511847121435
-12.453200746598439
58.621245560635224
-13.615845877754031
-4.2148671753189815
20.166545345351803
-13.500788514716191
-4.227575952498501
20.344895685297377
5.592582109051995
-13.399788204042748
63.83609059553114
5.7698842228261356
-13.311383768132838
63.835811839351884
7.541726586844567
-13.490542995966893
63.83196775110362
9.993117053560889
-13.308329800099475
62.561430242660016
9.569257721161918
-13.355528734635284
63.18862684435185
9.491165071090462
-13.315490940321135
63.82811953606084
9.920243630026162
-13.180520220380512
63.188075024490885
12.597476192573499
-13.311203934782688
62.55604025717434
12.858103571084227
-13.13786759975425
62.55567736734261
15.338599000238556
-13.587752463171743
63.81575863399939
15.35731440193434
-13.361918481728507
63.17665634965686
15.532710847089405
-13.362112115075472
63.176297420466895
15.182112905277375
-13.186330034569067
63.17719275653859
18.632010421641006
-13.73242290631635
64.46140849181269
18.63221036566687
-13.55337361760274
64.4615895859656
21.009219360452562
-13.50541048939538
63.80411894450564
11.366425730027737
-6.566107537496677
30.97041013634144
-49.94314290490172
-12.85099391619677
64.60403474518841
-50.300846752270324
-12.492498093891605
64.605129913597
-49.942743030510705
-12.492893423851449
64.6043893060083
-13.321007253997701
-3.920680356556151
20.166227859620253
-9.453106228610965
-3.022281787542319
15.393122507298475
-9.248353950521185
-2.9817714947060523
15.294367714878653
-28.49072645898711
-12.5242303355847
63.26812722596377
-28.13983849673782
-12.436918752766019
63.26748857605884
-27.876549383886122
-12.261813421524087
63.26711431049075
5.44852698377965
-12.38630171647921
63.198110264259235
7.631210840416615
-12.693222143161428
63.83257787816982
8.430254019636683
-12.389593405332818
63.191943643986974
7.63150434532397
-12.427416237381035
63.83284106353474
7.808708474123591
-12.427612820001636
63.83247839486073
9.669054666794333
-12.695471828571264
63.82836333777081
10.023560904647269
-12.607261110476374
63.82771810106311
9.137639719222875
-12.517681017829824
63.82963823831575
9.580648832056424
-12.518170079417697
63.82872203473872
10.184209802460522
-12.391528734010327
63.18831240922288
11.81712840930258
-12.442220266384892
62.55851948302693
10.973489485483002
-12.392401019757061
63.18668388439389
11.38326057990642
-12.268117236964422
62.559589089789284
13.351034576726363
-12.831342529687797
64.47322255617189
14.067233437200347
-12.8321331801322
64.47174135874542
14.56890672593786
-12.571766180714311
63.17907400153342
15.00739638860518
-12.572250253038058
63.1781671447989
15.857731066275921
-12.834108853096348
64.46803836513733
14.542454611736751
-12.43504560710074
63.818548270968236
16.932029824882864
-12.835295779176839
64.46581275237996
17.469177786033853
-12.835888769479912
64.46470567146274
17.55899979969512
-12.56741222471386
64.46478263338254
19.259675414054662
-12.837865396117325
64.46100267691038
19.259873442852015
-12.658816101512311
64.4611799603207
-46.93142488086829
-12.068261231696592
66.64060283041373
-8.66949602013694
-2.710022653819793
14.821386112718628
-8.093825791245287
-2.66629012636517
14.789892629460015
-29.66912430335121
-11.677421454329684
63.9106873234165
-29.757528230745727
-11.500119707281735
63.911046016439755
-28.45608792755031
-11.88993801767159
64.56057388540007
-28.4558879903548
-11.710887771498928
64.56075116581002
-4.4194231014947984
-2.4838092898175166
13.469751974253285
7.720792119515895
-11.807298359640324
63.833268106904384
8.252600480082855
-11.630682255748043
63.832347929648925
9.234177606731189
-11.662970628707317
64.48289179021394
11.472300110707929
-11.665441408744705
64.47825923135011
11.740973109097277
-11.576213735323257
64.47779623946813
14.897743848287963
-11.63801818693581
63.81860486218713
15.075144435976643
-11.46100892211451
63.81841383598077
16.575316124665324
-11.581550622826803
64.46779434067294
16.84389105602472
-11.581846163464993
64.46723889184267
18.353122664390536
-11.730434845841856
63.81137454901331
18.530520382124248
-11.553426527749613
63.8111797130924
-9.306031216288781
-2.5977487409375324
15.262381048431886
-9.40709034252961
-2.603601197828583
15.295071134712721
-8.534843176220736
-2.4739637850773395
14.790996053571899
-29.979454199506165
-10.59322909034936
63.27312085917612
-30.553966592050855
-10.613217806577236
63.91357628466135
-4.401904195365987
-2.310554570897586
13.46988961137139
7.713245526171569
-10.766040205403845
64.48692194014703
9.937016956392506
-10.746520054034356
63.82974363431833
13.126588389566441
-10.838643270096277
63.82305923254813
13.800836824219612
-10.862286811993679
64.47424311890042
12.8610759588777
-10.572542976949274
63.823875956676936
15.696044105016114
-10.84147983046437
63.81774524588435
15.5189375001254
-10.752682236358416
63.81819945741375
8.69764409204645
-2.2903607685634073
13.442832342245584
-9.182733684463884
-2.304188883178603
15.165848207907269
-8.863475664289641
-2.307270112720381
14.944942151171647
-8.496221400719923
-2.2437989510615415
14.791144641770446
-7.618233367072694
-2.23489377499314
14.729050054030644
-28.45370776463275
-9.741336946104214
64.56269747319008
-27.57718108243751
-10.116247797992216
65.22686284113104
-27.30567751273536
-10.026080057825208
65.22638730187053
-26.853241440514587
-9.936111105105153
65.22553757033741
-2.7309033598697483
-4.032400061696426
26.53364598797248
8.431665058027722
-9.947438572041928
63.83364828647775
9.140677533733594
-9.771017135852153
63.832357813062345
10.203998353174972
-9.683587962624598
63.830246651575656
11.20550745379319
-10.053695544734309
64.48041405217039
13.801728920110959
-10.05656069958001
64.47504471121098
13.443728019024297
-9.966641199579746
64.47587013745617
14.070599940467307
-9.7882827740945
64.47475518899637
14.965551709699533
-10.057846459830627
64.47263776518831
15.254014932381338
-9.954970131023272
63.81953873166817
15.431511606641028
-9.68935889567836
63.8194354375327
10.90044698062993
-3.8307737826902923
24.923103866679202
-9.38135923443729
-2.0918874527709597
15.198511102022763
-8.611132896944751
-2.071016251713868
14.791552688552152
-8.707226009273242
-2.056267459015411
14.822112904250535
-7.745949634173239
-2.1150092774260814
14.820067609324527
-28.452820432379056
-8.935613693232078
64.5635028872167
-26.483468979106142
-9.116836321995379
64.5592484917167
-26.93089774149323
-8.937292868098986
64.56035152869592
-26.483270958193906
-8.93778702360458
64.55942196043979
-26.304222905170523
-8.937985641832315
64.5590554782777
7.3694226437597745
-9.060243228392356
63.8367206445126
7.635228595126106
-9.060537623330532
63.836174735123194
8.083437895349737
-8.793588995082855
63.19622547221419
7.724123915769816
-8.794828572408667
63.83625086602973
9.76187118557103
-8.885681185274759
63.831952408288956
10.29357915438364
-8.797665132250355
63.83093688035211
12.951442618744968
-8.977804401336682
63.825268006518755
13.483053554145226
-8.978391275242132
63.82416856222631
13.217444082159016
-8.800893905239198
63.824897555312276
13.74905501072892
-8.801479821685598
63.82379429727686
10.340485537446293
-3.015777030167721
21.242866716447146
-41.89647219279701
-6.815918160813028
55.069993609464014
-8.194796112367646
-1.9593491994657877
15.22837846104093
-28.630781230141324
-7.950640137878085
64.56484443585727
-26.85144230654851
-8.307699704383618
65.22715755475868
-26.66123174071332
-7.9528139526587855
64.5607711379827
-26.398804212918346
-8.036796047117987
65.22648696950829
11.297308818079543
-7.99471842726496
64.4822676724071
11.565883748384172
-7.995014921576415
64.48171222263255
13.177034378090381
-8.265369257756944
64.47811360139801
13.08780644610035
-7.996695053902372
64.47856467785475
10.654782647437878
-4.5521364370543935
35.91041816644248
10.629273605146178
-4.554555218521415
36.31192447510915
-28.00331427441014
-7.23513191849829
64.5642575228574
-26.307536551723338
-7.313156615289495
65.22701647230917
-25.855593814492597
-7.299999912105103
65.90661623787696
-3.1341992945754225
-4.287951641314141
39.43361866094399
-2.5443599111820174
-5.4545941547232
48.687750953513074
-2.342780660542568
-5.320529319344091
48.687471144649365
7.44873020256155
-7.095218389753977
64.49111171446931
12.821156643257313
-6.957159452268222
63.188254926953434
10.716873748685673
-3.936006802800293
36.11047532462452
11.03072056676852
-2.5470259280964536
23.364648636380174
-40.44151710965498
-5.159073065457165
53.67778435512651
-38.80981996701647
-5.218876975000093
52.78641806070065
-38.26716149185979
-5.10330293459457
52.352636333762796
-36.743879352811575
-4.798926858048203
50.689053081380045
-12.290575241424143
-2.589444561384576
26.554840156905062
-12.397964848686248
-2.5535160083210204
26.555095884669896
-12.77332988616529
-2.5277512820990182
26.66184130761398
-25.673167392993232
-6.318714831678517
65.22669592712624
8.166018710361005
-6.111234109489924
64.49060939327775
9.587508413975215
-6.3160251376084915
63.83486301065832
9.941817710327653
-6.405018355296785
63.834042319670445
9.853510823175842
-6.139114638778032
63.83448874279228
10.20791811344268
-6.1395058880483315
63.83375577993065
8.468015036735524
-4.728169085489264
48.6657088388667
13.786610632344589
-6.256640853660327
63.18696213409071
10.779353542956088
-3.6108261588660415
36.312547017925276
9.219201684405233
-1.5944154252580969
16.269854481119026
-12.684088507824395
-2.2309096839728677
26.55600938362805
8.171151268033823
-5.1626331184778325
63.83893533310715
9.677090176740696
-5.430102312072841
63.835557052149696
9.854588757816398
-5.164491555670179
63.83545375359745
10.922664495578962
-1.9206530233519628
22.66015233406725
11.011015266334153
-1.6754912642593798
20.478761203691803
-12.031655564141703
-1.8168984247456887
26.76785030297618
8.436375898812672
-4.500080749694239
64.49164568564659
7.463218156948668
-4.364431949975602
63.84119081389709
9.6559514374729
-4.19267253250768
62.57117377130783
9.731024440754902
-4.151250250632354
61.95721989129852
8.33895408925453
-3.2014746179323486
47.93707729117658
11.87618985279471
-1.56264241853662
22.7346858427489
-12.736218309688617
-1.484955822587366
26.66280330596805
-12.628258474413224
-1.413155195946147
26.66264949779042
-3.182505622096156
-3.2980944660886973
60.793178341996374
9.332514892431153
-3.695343898381141
64.49059196899412
9.379897629548374
-3.4294334806640268
61.356972066264646
9.45629817696043
-3.3120468829896392
60.76703956333502
9.332811945094448
-3.426768529749504
64.49086171021324
8.341289465023388
-2.652499772788062
47.58077811507835
8.643583500297646
-2.033871152632528
35.71976647907362
8.20420622039923
-1.9357224478058477
35.720772095235176
8.497197053458827
-1.9360458961456166
35.72016615002658
8.594913718948483
-1.887321825311987
35.72001252054122
11.629290869425908
-1.4523291454141525
26.19391766786491
11.88162368804665
-1.3308619363461027
24.03113454416258
11.727233100291485
-1.3015621448796213
22.96697151725095
11.536388786604652
-0.8848686772843218
16.117567551792217
-12.3248004270317
-1.1570048294596411
26.5563305814142
-12.4320721623537
-1.013646297054913
26.5566964962861
-12.044939923028391
-1.0854596795171265
27.428961916901894
-12.132516143702087
-1.0308565665721403
26.985228143694652
-13.42694532855817
-1.7133660596957234
41.482372199208086
-13.723894005740139
-1.6241776301752864
40.699079688870754
-2.9597949924368407
-2.7302302823534776
63.22506971311138
-2.9789776589092134
-2.3786799748637493
56.96749960084312
8.79061899745124
-1.5457147331165977
35.719947008546356
-31.004245937984535
-1.2479756323025426
43.770656909342534
-30.60987242866231
-1.060675279205373
43.47491040386528
-12.539105316172053
-0.6554275593506013
26.55727133562952
-12.360056316241407
-0.6556251615675159
26.556901037811162
-13.524129963781318
-1.170442263085847
40.4445235012124
-13.938437516315329
-1.0298019420825826
41.48410785994356
-3.3212115845020067
-1.8945265760139185
75.32629495989464
12.139616512026493
-1.0767534628400894
38.0154025368284
11.801822919654256
-0.5959403370972548
24.380822795880736
-12.555065584847558
-0.2625198387259397
26.663640122724317
-12.375267952701657
-0.2627183270028754
26.663268276572754
3.361737439129304
0.07295961170674767
36.129657289457626
3.2073699274277137
-0.014404742013843369
13.456437771887199
3.1901001627981254
0.03759665188483628
13.456526983971129
-19.4893237341733
0.7297869142244413
47.998500972980665
-19.66862948672884
0.8555503303337919
47.642153436918846
-19.121861517598433
0.8752274889641675
48.72830301632605
-13.599957062847956
1.0889069217205405
71.09129013684304
-3.5817377306716467
0.6311576402938555
42.84261751118048
-2.3311882351971063
0.6996368139326283
47.25472395526951
-2.2009703254566975
0.6994931785873139
47.25445464689903
-2.1346662098484797
0.7221867427908704
48.69303408271458
-2.1863887034017626
0.8980312982088671
54.99556672438152
-2.377649524558764
0.7583435045911261
43.41835846466111
0.23009067995580915
1.0736393073471246
71.06268770228121
3.415528698697796
0.19329477220701127
13.45621362496647
-19.228361268601844
1.2846534116051105
46.60309228733013
-12.721412616095233
1.0807762621390615
39.70066591458167
-13.392129620029312
1.1814091677018432
41.220401873086715
-12.123069457455538
1.0801157189430406
39.69942845890331
-11.95988477836474
1.0799355668214685
39.699094785319666
-2.841681106251185
0.8613942863895656
28.34737596801697
-2.880275350163116
0.8755935697043145
27.63974054291445
2.8577802138764743
0.42458696800685375
15.207899155271637
2.7426095079975124
0.3807059250180576
13.866195038317478
2.784973311145828
0.3940990634470034
13.735599598516766
3.831616273344679
0.40076473796835144
13.455560406447784
-1.9810153919992401
1.1294590278725418
24.49989415014947
0.23269292583677287
1.186701375873456
28.834612307754895
1.3500262376634202
1.2844143144852407
30.147777538274685
2.732008062581618
0.5713618666451988
13.735884999671413
3.7089496090427096
0.5677952793149679
13.682404541026633
3.8144612492826484
0.5567306360342428
13.455749697154378
3.883771010735013
0.5566541799209804
13.455607308801124
8.278273187427862
0.642962985472036
14.550645717742057
-11.569742492101607
1.5995354022563708
26.557505500886087
-8.837429054813843
1.4171457559077694
25.34591446969817
-2.858342450424965
1.0661552408640405
18.731043614026042
-1.9641295540245767
1.1603994034534217
20.693899264924713
-1.6779906081450018
1.318908983915165
22.31660780710298
4.0399283578701635
0.747083637854347
13.45547351177081
4.403803700732555
0.7466819362915281
13.45472096767845
4.386533453242035
0.7986832329732223
13.454807319633524
-6.421145849697625
1.417492423548802
20.040039240583226
-2.8220508450626354
1.1324954496662716
15.826214940120376
-2.8703299238094755
1.1475552373842515
15.75643375260411
-2.682343715541285
1.1227514266402123
15.967744445633961
-2.565665869218735
1.1585798222694084
15.89628295341427
-2.615409575475183
1.1735867015036563
15.825829537645244
-1.8608239049205957
1.2606320068645327
17.16632441297258
2.658072157739461
1.0725953128689147
14.893585577502265
-7.070177813709079
1.412665946281142
15.905846127601269
-6.6663179994952895
1.4785729796690787
16.808390844338366
-5.90543434395107
1.589503341124099
17.965932553315376
-2.769411117757428
1.257671797880024
14.752570501345803
1.0648459671040567
1.379514710588811
15.853625922400349
1.5042985018107529
1.345802342282173
15.50813210665003
1.3160091267962986
1.359678776662376
15.441561217625615
-8.155592604470444
1.3922500174517096
14.022994661229085
-7.863338994339853
1.3493573893504733
13.480675770044337
-7.252564116123265
1.4279197373757782
14.352751172777332
-6.724568882769185
1.4895624472809947
14.40866404984686
-5.838475768323871
1.5167637428829646
14.819729038910523
-1.6351131850677671
1.4280149711823342
14.398082852543766
-9.21043481635168
1.5768903866932364
13.761570342283902
-7.90210470302094
1.5512346905830943
13.7073810606127
-7.932418545513731
1.5573629283397283
13.481024989947485
-7.229153653976617
1.5734458344266493
13.887990789819073
-7.193231992716615
1.5890587451608023
13.73162916990345
-7.117741764329094
1.5787861760611575
14.075130867487847
-4.6055213018891035
1.5883451665953021
13.474178902785308
-4.397611426334343
1.5707880945625003
13.473731720391942
1.9773762091242024
1.7805087759984575
15.275889864070635
2.017165301849865
1.780465088153192
15.275808528684728
-9.353073278608436
1.7322055657467361
13.484134106518308
-7.602968706609093
1.7649285083552289
13.480550950113823
-6.823292778617575
1.712085374109752
13.478885931164776
-4.8964875550478775
1.7707575091772203
13.77873223626971
-10.075728592314512
7.759059302607173
54.54693758592362
0.04054280223503807
1.816090888408909
13.873204832233062
-13.746355195884266
3.136521580241024
20.596152853945483
1.7129232209124294
1.962912982570035
13.791256332387615
-4.921575604359279
4.73254915497925
25.05740120446581
0.8518546731847711
3.0303289832690896
16.442912875425986
5.552386916376806
-14.60482953156303
62.54782893968505
9.099543623607026
-13.922587906926156
59.69675874646759
11.905729337393824
-13.79653935528131
59.150155124169146
13.97310361693626
-13.625864865227454
58.10019477703244
16.436995949892943
-13.342275086029671
56.597568678288496
9.660401130690909
-5.139502027673487
23.046397789525955
6.580995737684606
-14.586365040677986
65.02503511701231
5.579343804899782
-14.204516312993862
63.76383643640833
9.552502825753045
-14.014326880358702
62.5330236569971
12.49180590986731
-13.881199573120734
61.931820305959576
12.492023674891914
-13.7126818159683
61.932058650391205
12.660648225253867
-13.628639761561475
61.93151451691051
13.97412251481923
-12.837389368221308
58.10130996362975
16.81241469962602
-12.998736195838623
58.08997839049931
21.25083965264338
-14.08308087868412
63.08885542994594
12.184587462306029
-7.205269264073209
33.368769957853715
-46.30663855736179
-12.673800639487585
60.46126996856053
-14.106219714389493
-3.928538711943958
20.292089523049626
-13.688627346174883
-4.35953466764304
21.167203621657666
-9.468649365467805
-3.0463748893134452
15.551004552999126
-9.527006142488982
-3.1386344486372058
15.86913498384423
6.469579756665214
-13.290565297224864
63.14780023186372
7.022286451459499
-12.310173645065966
58.64548782312354
6.767162967735035
-12.263817162075512
59.17243123394465
10.110326392526236
-13.477855874681898
64.37351509516567
10.392345449500697
-13.439441501038928
65.01175420778857
10.952784954504782
-12.91056116512156
61.3607792364906
13.001276932436205
-13.298969655010206
63.12224205946396
12.872854870436278
-13.17215396899343
63.73676410791324
15.563673825120166
-13.436053225217929
63.72586765672341
15.547673268203866
-13.39715319684906
64.35235654606383
18.658493227061328
-13.175110649158606
62.49859110874295
18.329874966110346
-13.219881804793024
63.10150279667035
18.689111996039223
-13.266449772515202
63.713882608914524
18.70489005974465
-13.313518587620262
64.34012897918929
19.036471214512407
-13.180085669853057
63.712646429214416
10.852031129209644
-6.071721464745569
29.99316932622294
11.137293014712121
-3.9945363935931786
19.784738888991345
-9.635135756800704
-2.8794586674768747
15.55189272129971
-9.505479111964798
-2.8796257354503627
15.551385305905693
-9.579496680938686
-2.8239630034497196
15.551753849029607
-8.582589977297449
-2.713979224568791
14.703031386112967
-8.883260535141499
-2.7447145666206616
15.007937542869044
-29.388889892810237
-12.76803956910451
65.16831957242051
-29.143010543796915
-12.423594099140756
63.90218020013317
-29.52750179924852
-12.374476249379864
64.53012883359338
-27.820606053964962
-12.30105825264364
63.28333776535409
-28.10104695866245
-12.251310793133188
63.89835270416252
5.551085140143768
-12.682706818575078
64.39247432178897
8.621118721247361
-12.816948103479575
65.0195662953763
7.735219121519493
-12.727205209635002
65.02315905349995
7.912421271859499
-12.727434169794398
65.02246556637022
8.26694150146939
-12.639287327493046
65.02120390536656
9.772936759549266
-12.81843015085907
65.01505862193858
10.215944284229213
-12.819000169837082
65.01332489908887
9.234485350962077
-12.599747338228742
64.37818370876353
9.596077601654605
-12.552395474342347
65.01612424069302
10.3934903843779
-12.553420553848534
65.01300354389814
10.79016460445128
-12.561789186863283
63.74578114749963
11.025688250605505
-12.436986045302477
63.13118967101509
11.541348929225
-12.437649547289809
63.12917161793155
11.722511064774755
-12.555131567415545
65.00780619612883
12.962587901667174
-12.822533335316095
65.00257964537681
13.268449783169714
-12.692636777891531
64.36227600522548
13.671400321389207
-12.823446319844315
64.99980568597556
14.025919105577929
-12.735299470287755
64.99854021590598
13.051418175493112
-12.645443521150982
65.00247590184006
13.583026074399038
-12.646128501539241
65.00039925221446
15.08902228737751
-12.825270372459784
64.99425396640311
15.130737308776906
-12.567373254410834
63.72879037644018
14.734730572866109
-12.736211499916323
64.99576626158577
15.177852592279486
-12.648179615451266
64.99415785354367
15.00076447352926
-12.559349710322408
64.99498047066253
15.285827205719247
-12.43213768619035
64.35475438014004
17.21609545909675
-12.96101226069161
65.63834579957586
17.39288638609249
-12.651029700018404
64.98548543955971
17.658692250955006
-12.65137171853771
64.98444901528904
17.30596889254469
-12.692552279052464
65.63837529695573
18.89888356765902
-12.83017157758061
64.9793439646804
19.633254055667688
-12.964122425183522
65.62888617901237
19.164916514655946
-12.65330978675961
64.97855817748936
11.076336935874703
-3.396389135303952
18.449921151735673
-8.705551992394119
-2.519252473635154
15.033558856922369
-8.563203003783597
-2.519435872881643
15.033001769671344
-30.225687926730156
-11.266634650152778
63.29421400487154
-29.538362475464
-11.439407355470895
63.291280156214455
-28.678818028555735
-11.794329708413846
65.16692407860069
-28.21090993930805
-11.499189686724986
64.52622492527178
7.913452217447679
-11.93001609116234
65.0235972137857
8.356458773539567
-11.930586103498687
65.02185968000397
7.657067366541746
-11.720737993572818
64.38560177617485
8.356803212638452
-11.664779440724
65.02223562204344
9.331074184668354
-11.931839190105244
65.01804549556209
10.12848696615928
-11.932865223283997
65.01492479741839
9.242817308332121
-11.66591947745294
65.01876818007624
9.863026508983706
-11.66671654863167
65.01634097466055
11.577565866042606
-11.789930413053924
65.66206811466294
12.11471169102158
-11.79062156003708
65.6599659788334
13.318367081589841
-11.759765549112872
65.00269263445877
13.584286472597729
-11.671505657547446
65.00177771406368
14.02729304361145
-11.672075675298371
65.00004399494617
15.247717008422907
-12.06322746939635
65.64731983823201
15.51652178677361
-11.884523885614158
65.64652582272514
17.30689440635635
-11.976353723914338
65.6393920727567
18.900143010959116
-11.855549686034294
64.98072242891298
-9.19157332960917
-2.3649062165610912
15.167288257789561
-9.028086493951049
-2.3553692508931072
15.113689030554799
-8.93853888964081
-2.3375794796013087
15.113364951655651
-8.187524005763011
-2.387343138235552
15.084034930461506
-8.030447104653726
-2.3729138464504764
15.005129328924316
-30.39668443259722
-10.5788622949437
63.29585912526889
-27.6838218033461
-10.798284151111133
64.52515798745276
-27.702715139558595
-10.643758049033432
65.16473899038998
7.745897395245546
-10.843870707385518
64.38649893616737
10.218234182594914
-11.046959239958019
65.01583119928765
9.850973484452105
-10.58348636514379
64.37863409708856
13.23079718980839
-10.962233467544173
65.00417102383166
13.14242485015067
-10.78491565169327
65.00476458260616
11.07131776097926
-3.5260510711679336
22.167877082817473
10.888674327833984
-3.4115238053295225
21.364578427412322
9.492373064703882
-2.7428417476577995
17.13030640081493
-9.345698387719638
-2.235251619553497
15.35702544981228
-9.478793025366471
-2.2125182583301695
15.44028646567227
-8.79470044025677
-2.1364129155443137
15.086767151452532
-8.633971187496968
-2.1947314174069854
15.112376333703994
-7.7638428719556805
-2.1779296385618196
15.004363215494115
-7.472882228355293
-2.126273927466168
14.699524735676263
-31.157254249030725
-9.930495724450754
65.17926453424506
-31.13608308798716
-9.643038791422736
63.913923263337544
-31.511432422474922
-9.75283494723714
65.18090214796753
-31.334227886736986
-9.75306295679168
65.18020865285614
-29.690730691195327
-9.856803891282247
65.82624132880413
-27.900590398152712
-10.127681937984669
65.81885434430696
-28.974650674004387
-9.947250480716464
65.82331185557582
-26.815898639521787
-10.024682850128265
65.1621449363773
-3.190435432579944
-3.860485455123314
26.35365419732896
-3.1377955139418203
-3.921788584989773
26.736171363475798
-2.7489210570647127
-4.0095190183149105
26.63767921116378
10.012337821572963
-9.8696095381323
63.75264127423111
10.012562199637959
-9.69598582347457
63.75289065498629
11.579648226703807
-10.178481262214337
65.66434346592845
13.497746066061453
-10.0765554846769
65.00438012712189
13.143569785027873
-9.898894704502876
65.00601391871572
10.622556475437051
-3.093404583386072
20.902878762162196
-8.007023249281376
-1.9806778299654904
15.11022773012765
-8.114405570709357
-1.944729552714759
15.110697849613624
-30.35881006004034
-9.134103674196412
65.17727166698651
-29.779443433285167
-9.230013292957436
65.82747802128846
-29.60004746021634
-8.961669448490477
65.82715335352604
-27.809907153484264
-9.232548454280046
65.81977018234427
-28.973609484980496
-9.141524954331395
65.82445143988953
-26.629073173502867
-8.957981116977075
64.52364427403111
-26.45367869749037
-8.958207751197033
64.52295786128751
-26.460232017156432
-9.050516980651443
65.16214023251571
-26.824794810958334
-8.965240378962124
65.81629613618111
8.108277962064946
-8.823580303343238
63.14772681257335
7.917230533658498
-9.006149457436246
65.02772879316807
9.852901003837081
-9.092622446658943
64.38074652328389
10.22098205989433
-8.920510696306685
65.01883875871688
13.14448575904951
-9.190078528700345
65.00702025318971
13.676093643033608
-9.190763503674024
65.00493978889986
13.9421265751087
-9.013901707438444
65.00415018704459
13.410633199547496
-8.924615788108843
65.00635977945744
-42.64744836243114
-6.9266488817985294
55.88587953104786
-8.025906770714293
-1.762178312733905
15.08429009884031
-7.973667019174999
-1.75864564933168
15.057878801239006
-30.404957800809427
-8.333958275851653
65.83119671953918
-27.987454048562977
-8.068493262427708
65.822116967878
-26.19731184942028
-8.339372265256864
65.8147299745676
-27.196324802022215
-8.335363358052891
66.48498915005072
-26.46565387832607
-8.159976568762705
65.81603047064283
-27.18173388121136
-8.069530461579351
65.81896375786096
8.007091306699357
-8.031641098018413
65.0287643289158
8.448956660224153
-8.115376090455602
65.6795220134182
11.850881475057449
-8.119753350903785
65.6662046668572
12.029931369244387
-8.11998421711848
65.66550776392756
13.588865313814347
-8.127425227071086
65.00679031617018
13.145973237534054
-8.038253305877092
65.0086493500953
15.892503297750604
-8.130389324284245
64.99777496183034
10.660626331057317
-4.569641940154834
36.32313317001351
-28.52378912234468
-7.441127655519014
65.82510162731738
-26.1921400853635
-7.278819489477617
65.16360630668514
-26.380838676211877
-7.3412708347973386
66.4832102383853
-25.927352117246837
-7.265418565569907
65.81519835597948
-26.012697427713423
-7.029417961554861
64.5239668078471
-3.0246830797584123
-5.5279669870455965
49.17191391130836
-3.242472949831808
-4.556844367305251
41.38301159302696
-3.0905370761043054
-5.329549977003191
49.17245314821401
-2.581501893450815
-5.5711301587748645
49.53249935610273
-2.3997956964234364
-5.4803351154295274
49.8999550003666
13.324091839961184
-7.329665137174932
65.00896219692227
11.05090003996308
-2.5231505784906356
23.402291774690145
9.651444017773981
-1.7355794108041849
16.223925243056357
-39.64010562693099
-5.136689626596709
52.381066434193954
-17.10462124235394
-2.308563308502426
24.66389592413495
-15.802036486203384
-2.1178598780663456
23.080219268608573
-15.357297989036628
-2.006235684913203
22.534735686740458
-9.190297346234871
-1.3760116602872627
15.168687869808052
-12.863391185333352
-2.6664195329609264
27.37374414579616
-25.228637696122572
-6.351776121505329
63.89548675329103
-3.155792817612611
-4.668357155607157
49.17364691484061
8.361630260368978
-6.414286695174994
65.68227815642086
9.943998025200182
-6.461797288157116
64.38412059102161
10.29490032105673
-6.374550832816246
64.38287561900891
9.944223725040091
-6.286401166393284
64.38436866765346
10.776614365734908
-3.3068766544248076
33.86176207642785
10.809486950788314
-3.2901369462932695
33.69935001204303
-8.435745568617262
-1.2102102669578476
15.11299837593865
-13.587666349258798
-2.2873274350040287
27.479607649294177
-13.181991632623832
-2.2972195177135895
27.581349680449993
-25.314007812638724
-4.680622553727192
54.90215844436259
-12.354367139123605
-2.165166979940656
27.270805731735948
-26.014562830048874
-5.474804588638352
65.81808111878703
9.250716485593474
-5.552380980695326
65.0274111009858
-13.313928447122352
-1.8607614459102442
26.974937994144693
-13.546553045572782
-1.77776152806695
27.276019096900022
-13.476395636295369
-1.777851919004143
27.275744533666387
-12.760700312661482
-1.7779936751148346
26.776856236709378
-11.875339478781848
-1.7992925959239934
26.580438473835542
-23.64624971655679
-3.729509291938813
54.00904899601544
7.834354439738373
-4.575935037147083
65.03434128292474
8.543165445115276
-4.5768470715766885
65.03157114513486
9.91897604085682
-4.270873897167487
63.14710606970456
8.35539158013724
-3.2620613458992413
47.73519017073657
8.283080643512605
-3.2947484641862754
49.130851159715476
8.306347168632428
-2.5926955272474412
36.91384309889395
8.502063085492727
-2.5300145778501455
36.71808880879932
8.744903503025116
-2.481770960241524
36.71720736687653
-13.126926918770836
-1.5451935949041196
27.4788587678732
-12.81043102822246
-1.451318569660369
27.07275741374146
8.012701540185509
-3.690142817112521
65.03490094690602
8.365101839185344
-3.728538756475447
65.68607676167235
8.633906618460326
-3.5498344574388296
65.68528274717711
9.736212556916161
-3.5481038830956795
62.54716093015759
9.430553464536821
-3.5147628310653785
65.02960366821803
8.349789662652574
-2.83205843298717
49.13124696201972
8.502690528353964
-2.044455523166669
36.718771748442606
8.357086495157498
-1.995712336848513
36.71941430957477
11.80376658450902
-1.3617626930437146
23.8468170806909
11.77728798956261
-1.3389990909961431
23.474145098551713
-12.84352950338391
-1.191879007446204
27.478253608038457
-13.286926121818569
-1.0540911789219616
27.583524665273046
-12.931787503065264
-1.054548074439169
27.582132912669007
-12.262511389435158
-1.046935230720211
27.373692399408075
-10.027094789548247
-1.3385990317399272
31.396946278305204
-9.999166951641946
-1.3099518259881155
31.675131752178135
-10.179295766005112
-1.280479983336487
31.959537725158164
-12.547957657184252
-2.373771774279917
57.7130645103128
-3.061445155818358
-2.878474272113529
65.07937180984571
-2.989297060808114
-2.442303719029685
57.17786492003249
8.102448295017956
-2.8042366001694403
65.03581116564283
9.473100507124446
-2.5866209608874327
61.95966025381483
10.92271840500496
-1.4892681838922375
37.3020555762109
11.787068468925936
-1.625322977082466
38.12026583649249
11.853297166059571
-1.0243344794069744
23.771488605197064
-13.19890143703662
-0.7732025956668765
27.687778393689342
-13.091826040361974
-0.7020174642277324
27.68746058765217
-13.089203568114305
-1.1652515208623044
39.07961643846075
-13.248201493272111
-1.0217924354698484
39.52689516390769
-13.146023653045926
-2.282661001841365
74.81555393098365
-13.452700513416374
-2.0776377291997576
74.8170445723652
-3.1112053740736734
-1.8224200065467835
72.2822576949741
12.042745597407725
-0.6167959143312367
24.391564910478426
11.505073986299625
-0.478227265822254
16.001192085155967
-13.25328890704057
-0.41816901864448985
27.79355847489034
-13.019997291519655
-0.30983396505125455
27.687736285220666
-13.0195825445349
0.011118546875408732
27.688190226961446
3.1336192059302403
0.05088133594731366
36.937829600018944
3.4266081194827183
0.05050433142009267
36.93668297935179
8.462632798468917
0.11578884152139829
63.772880476779335
-29.422200503761584
0.6391483920266072
40.51890114983141
-19.854705592152786
0.5713989945132543
48.88956034449491
-19.854536019971942
0.7026111020123273
48.889749740055805
-19.74255483449459
0.7079625351710038
49.24616061467362
-12.577581027732885
0.9537131906841184
65.77464436047326
-3.6391155183678565
0.6596882679274628
40.41807453966819
-3.013365089882367
0.5010789838005669
40.65428388364354
-2.7368985097206693
0.5778588621412832
42.15215709048953
-2.1410160913813217
0.6798190734936619
48.820423549215285
-2.158648149674419
0.7058814127529435
46.46741313230817
-2.004254188462301
0.7698170213457148
50.281119059607114
3.261825165553924
0.39008692193099226
36.74273189142264
3.6712072237587527
0.392012721706473
36.93621092174505
-28.599940444118474
1.1465629282949206
39.590020580204495
-10.056858407774532
1.267189612310183
46.182295775094325
-8.336237723757305
1.1604448837333547
44.65735704223291
-7.9466570866985915
1.2843487524798467
42.96792979879479
-2.045429226146807
0.963864673590114
33.27863887699286
2.6163155352416494
0.9196077197067885
36.55312051927428
2.745544991066581
0.9140765335393077
36.36187827580816
2.8747803317141623
0.3902173471377841
14.662620649110275
-9.203337484417238
0.6378183837711069
15.527030061796362
-16.355855509700955
1.17637323279374
28.128479375652272
-2.055484304783448
1.1096862125102342
27.034322381949483
0.5761738388085927
1.1854370382396444
29.5503949992699
1.2455688848521396
1.2011849785279012
29.916080569635678
2.2406130488669986
1.1945392038781963
30.67956713164504
1.8009544809441902
1.2350788810803164
30.681344487816354
3.2821108381706194
1.1346944467584803
28.491806946004168
-12.910836117292774
1.4608030218521901
27.482278327636088
-12.194737989795973
1.5116871544961124
27.174569332705012
-10.70339816551769
1.583629579372695
29.595082531817717
-11.20212745701419
1.6226390346461523
29.597090690450067
-4.4622200327613735
1.164451593424904
22.62988358980034
-4.390182932782832
1.2090977714406257
22.430423717574357
-4.135781793956255
1.180499358619411
22.429387982983606
-2.283584359628252
1.0742005413093336
19.894469819481035
-1.9576520800553519
1.1566841691060497
20.790197001617653
2.363966429687154
1.289943977210473
23.36917253136468
2.635799280619185
1.261762330777931
23.886403308740224
2.688416145505789
1.243541187783886
23.58688505134528
2.6760446672814413
1.2409253071552464
22.6020674604679
2.3134330086578103
0.84098693281811
16.612065485713163
2.9445601457933632
0.7540038412984703
14.66286405442978
4.902588734763345
0.7861392307753835
14.65525044197562
8.229339477803087
0.7125489907578076
14.642133680661685
-11.546463765079617
1.6622979145990397
24.172526459780993
-1.862421664293186
1.2504443494324562
18.988998605667877
4.9027683406871505
0.924758517897813
14.655446497402863
5.110740012179448
0.9591456520793571
14.65468082989754
6.502636655301177
1.1239710277754484
16.9357638501523
7.7097895005452495
0.9211467175420367
14.644460184663192
-7.079701502781582
1.4282334892567727
18.57043327118109
-6.583542434134813
1.4692150813378437
18.52590765159422
-1.6561949238783262
1.3699407883060644
17.509163611522773
2.2016733086957583
1.3749990608543392
18.07705276301842
2.532515085744829
1.3032104082241656
17.05664592727975
3.360974902473564
1.1866539592443464
14.661849272797163
6.088144713879961
1.4564590025554425
17.59208912453255
-7.5030149696389685
1.3739070523177634
14.704611761415663
-7.46838208772826
1.3565349473581119
14.704450676004932
-6.741893945067394
1.51529165784479
16.64844530360939
-6.305582917461982
1.491097577512438
16.61360573577954
0.7032309297499764
1.4362210462775644
15.806062044895356
1.0787190766193724
1.4256386250614148
15.544382148514028
1.4193291887846076
1.3942812861133005
15.773782151502495
1.3535587616966362
1.4225065694371093
15.686593418325788
-8.733072902664262
1.5141091715424586
14.709621433430376
-7.4681357815558655
1.5471364219380266
14.704721208386113
-7.000299556581209
1.546534575013584
14.702890317863917
-6.827026036902919
1.5463115056475962
14.70221125304848
-5.804783041280815
1.4930140260560407
14.698137844857177
0.6409927064699611
1.5020475346667845
14.672936708345334
1.7672445193239745
1.483270959890868
14.668503540625943
4.574377876914492
1.5662961382039886
14.657640716322243
4.539723557552929
1.5663408458706927
14.657777290860182
6.20080772140076
1.671527687310515
15.329210178101494
-8.212962200966002
1.7386965863031427
14.70790569721657
-7.935770966732273
1.7036850738405624
14.706771711710891
-7.8664618395225165
1.703596011459889
14.706501422272908
-7.779825554574231
1.7034845363181503
14.706162368648622
-7.814412708353562
1.755511196471591
14.706370556939008
-6.774864938495046
1.6848640245548885
14.702205784921537
-7.060303616568413
2.1609299555512083
17.64452283494999
1.3170034383202534
1.6917796218939043
14.670561663454638
1.9928351601340832
1.7428923020225957
14.667990560635467
2.477976870556269
1.7249405247881957
14.666067349484681
-10.286464549575916
2.0890285842514777
15.939016690207517
-22.23550774494896
5.089239758927174
34.16680849616533
8.508076169565921
1.8731286433969936
14.642688779838897
-0.19710726141628318
2.5046906637821307
15.27341140384337
-4.63969288864983
4.365154011882672
26.75380893208357
9.603168478186749
-5.081429344025969
23.276474548118653
9.672698553091294
-5.119410112824562
23.534041158110057
5.84751426416495
-13.427535873506557
57.8681982855966
5.156838789132177
-13.351334233296399
57.871205265513424
5.233456524285025
-13.197803225066348
57.871190327628184
6.556350859476206
-13.308474358111983
57.38532865957881
8.916860144650999
-13.348423445209447
57.85566691148173
11.707152737295965
-13.543647809736521
58.33256733258489
16.666990720781587
-13.188953014507074
57.82394486036013
6.007775860611768
-13.007519337698312
59.36175761629754
5.156107827954245
-13.170325576087864
60.40707197749125
5.5771119895951085
-13.645314359413897
63.18846530213347
6.5373654841652185
-12.429437284212701
57.867329402083186
6.690836567771205
-12.429319437176014
57.86669899296917
8.839595409046888
-12.657862087444846
57.85735714613931
9.069684243575738
-12.504213239771564
57.856715613797164
8.762685228454465
-12.427714572135063
57.85813322930886
8.916153895625282
-12.427595758084994
57.85749520263463
11.938779099068178
-12.691771060371176
58.33330552276932
13.82720230979395
-12.423793919938529
57.8372040238686
14.625469181300872
-12.648527353156789
58.8199972757972
18.30016282689071
-13.719723810375555
63.135719346091115
19.391538920174234
-12.801100836679044
58.799994166410215
19.625809333243616
-12.644657344254735
58.79933709546431
12.312349566145437
-7.295278422157336
34.442093915448474
9.834262675430208
-5.223668664238135
25.389966256450652
11.337076637458066
-3.6555490242888573
18.722322767103467
-5.851290956961671
-2.670119613649918
15.930397030146667
-5.625823686378494
-2.9471839267101676
15.928914364313774
6.843836028254588
-11.815315196973215
57.86728872199553
6.766983649967771
-11.66190299630718
57.86790800203899
8.838949887134923
-11.813770696795306
57.85904387907002
9.22814289315614
-11.764745258474754
58.34635679035032
11.920705854781609
-12.21446628849898
59.338895685093675
11.951295455558235
-12.088518934077078
59.85524927834012
14.624991427244844
-12.02348205560751
58.82124728168959
18.030355866506458
-12.712845409291464
61.9930864679113
17.52793038950737
-12.311704817949522
60.89343807016103
19.123095981083765
-12.668288867753267
62.55597020092458
18.464833664352643
-11.972855991020925
59.312319012964664
18.51931481781253
-11.757553531576
58.3079608579281
11.145249619865
-6.306636874877388
32.13165122318534
11.076128699503451
-6.255210516178777
32.266619463964126
11.17655647185646
-3.3999857658461923
18.5377822296063
-9.786671614005495
-4.174171351706576
23.881149850827523
-8.80060829790735
-3.892349069122295
22.50248832098728
5.201552599403472
-11.225874004575612
58.36407944283713
5.4465946637330305
-11.51026592534213
60.94497836427053
7.255817156746265
-11.53510985542936
59.87576227724881
7.653702301215592
-11.534802789750845
59.874118008030074
7.017024565681886
-11.455717410596401
59.87691131324528
7.716857453987544
-11.589587767168716
60.935435066906344
7.381009357354284
-11.618047383191737
61.4827778273312
8.608316066719972
-11.223235726756158
58.34999712038464
8.293013365333037
-11.27110160322837
59.35576682646797
8.608297851526894
-11.168699512893587
58.84781836157106
8.763049932042291
-11.068262389057379
58.34966974642538
10.592191634850355
-11.726942287076707
62.0257949994617
11.052602448909083
-11.95589965108476
63.16919607039912
11.703317220137173
-12.193881923718358
64.35761507454554
12.737960867097168
-12.20737161834678
63.16172811963311
12.820647470775274
-12.278961944076856
64.35283042024719
13.408755435222812
-11.219520461714982
58.330159218814224
13.999409733205402
-11.320788164156138
58.825228441770186
13.181534268868335
-11.26731815062691
59.335564926413085
13.563489284775114
-11.064547116422744
58.32982803019786
16.765659778499124
-12.701278234567114
65.57590538693958
17.028615142610207
-12.525678992815948
65.5751640474534
17.46710118100924
-12.52533954263304
65.5733519962286
17.93288953072643
-11.743836852769368
60.89289434419005
17.202903414812656
-11.447833054052541
59.834817988805135
19.039208603180615
-12.084270291141317
62.5574833592303
10.156292137438578
-4.11175338101205
22.901509018874464
-27.627968517360916
-10.32216447753548
58.501597529229635
-27.550660893880384
-10.167251071088039
58.50158630584705
-27.395808441006416
-10.167132147070584
58.50094637347809
-27.163529763521513
-10.166951376864047
58.49998647967814
-13.602769209300511
-5.541219844636881
32.78153376496595
-18.054430932264236
-7.198968096184502
42.42723563217612
7.513876159701941
-10.388237994925763
58.85390016745731
8.295239192512486
-10.465764660921137
58.85051945701041
8.839824796067262
-10.216506470315498
58.35104786123494
12.029332192495136
-11.827965512822283
65.59722024511791
10.92930084864413
-11.50693079154718
64.36218616418137
11.386916499955047
-11.62248717069639
64.97391279966043
13.249836984528134
-11.591077437895391
64.35242161486485
13.158476932591523
-11.195940333776713
63.16199922348785
12.25657813496339
-10.694201527319862
60.918449953201005
13.969522080678447
-10.635926120327255
59.333564188607895
13.102022810567346
-10.400054438881657
59.33762382259518
13.607980710416768
-10.305389706307748
58.82887170065574
15.114051262781137
-10.75297284584178
60.370717242689025
16.2294931292229
-10.772206236913366
60.901874228640466
14.836659029566215
-10.398712531288027
59.33045159145277
8.261720045468795
-3.865038087437074
23.607912184234955
11.081759450042084
-3.57470518855522
21.692980391009492
10.507541688297978
-3.047061588058671
19.112605665487244
10.032350504991719
-2.887208824082871
18.291067180255865
-9.161055078123095
-2.343461147962501
15.944730989158089
-8.363986931520975
-2.3601716223603675
15.941402598915321
-27.22832569320615
-9.539621320335135
58.01267503141535
-27.61211448370874
-9.386446731844048
58.014562731552
-27.62862084957404
-9.470467537111068
58.50329180045831
-13.300586762484896
-5.203741753641125
33.204407422085865
-12.489507060353137
-4.840597687787668
31.57789693259386
6.777012984443333
-9.784771085525305
59.88122972338385
8.76039216737424
-9.435024636676967
57.86409996195969
9.071451142799877
-9.36463066702883
58.351782234860856
11.78149433283401
-9.51738531622348
58.340274684141434
-8.554759124080388
-2.135062765463521
15.942638410658232
-29.41895501028858
-9.267038911544027
61.09357995731556
-28.63543771466816
-9.016407443670163
60.02915637205634
-30.359463126674203
-9.36896691099475
62.767101630238294
-27.72421329796285
-8.696638544504765
59.0029399763829
-8.145357681192365
-2.8419658748489067
21.100213770979256
-13.365865461203756
-4.725843805986183
33.34953193212617
7.3095395156036895
-9.076447172088042
60.94212160446985
9.798573548596378
-9.522142343228518
63.76911686117411
12.079879165795374
-9.625273830187348
64.97502370728358
12.498509407905347
-8.991350829646368
60.92083949227718
10.456418785814753
-3.045679932048383
21.589596206017454
-9.161373580345213
-1.9276035912148395
15.945561066215452
-26.474545956627498
-8.148754133132803
58.99886439800421
7.1867984912987035
-8.196899454986529
59.36645949480574
7.043238529282236
-7.96654545677258
58.8606664356949
9.670387123821477
-8.424070271939106
61.47967134126387
12.861888775768646
-8.501099161456208
62.59014579704354
-29.85125346864894
-8.095116460094866
65.1514192108868
-26.782610738735865
-7.687991729369431
63.33410094420529
7.035600675872431
-7.597775083068121
62.048721495619766
7.763307746690975
-7.7455076800939855
63.1911754195981
8.258911713868976
-7.9788019241525605
64.99409727966837
9.995141046772456
-7.977457837196508
64.98692228157553
10.950132262565777
-8.063530411802692
64.98280295582695
11.384190430249298
-8.06319438941769
64.98100920285533
11.763419529946548
-8.144858499822263
65.60565495661426
12.150400173403222
-8.139605073844733
66.24335456938306
13.641288722208934
-8.061447560693612
64.9716855184499
13.604928446957715
-7.968037234459541
65.59839021695458
-3.4934385566481883
-4.473740616906054
41.17778790270722
-2.8161041891581235
-5.001835713054816
46.158173266640695
-2.9570947063543924
-4.915823611032056
46.45820494037022
-2.2625796101610476
-5.169071760632185
47.066206180395085
7.488275849499158
-7.212395967373618
64.38496408492945
10.975903242549226
-4.04489984267401
37.18100452473142
6.982803554684025
-5.9146113331067305
60.949766305134204
7.937131609372915
-6.168571813266271
62.615155793131834
9.086110427788439
-5.697387569739224
60.40570075825643
9.750293997065954
-5.8866157802681345
61.48438824749372
8.538757975128851
-4.74891210048347
48.966020793632524
8.239331700545478
-4.362441032240291
46.41301982277393
10.973377599663955
-1.8245993744932785
20.39787586252793
-12.85274378010695
-2.099423642654874
27.262902621913664
-13.134961258365673
-2.0585468063373913
27.173205447491483
-12.752835582933066
-2.0660348771751877
27.26255987404502
-12.352996843122334
-2.1989718999951102
27.260642292669647
-4.132613912112975
-2.0970848584965704
26.179985082229422
7.327635756359871
-5.269403680944251
63.78779737041828
8.260252612386411
-5.235087066127931
64.38570490710939
8.348614565614913
-5.098427551091909
63.78392074436582
-13.557749213921936
-1.7466896788093274
27.450542241544447
-13.003293578041713
-1.8399847971812753
27.3556943242041
-3.30303525174039
-4.655036764068941
66.96678256654637
8.007788308808323
-4.503040293189067
63.78651110406716
8.603629503952487
-4.6393878881561825
65.62569189366988
7.572113339000868
-4.462124461011762
64.39008837562525
7.561626753351702
-4.333234003157872
65.0042367693711
10.135098378978416
-4.501392977618563
63.777719958934966
7.983298324592866
-3.1576296843264475
47.3401389506494
7.970511308171412
-2.4422064797735796
35.4387597005932
8.197585204513492
-2.4294875619892755
35.27213027382551
8.197516637299126
-2.3399627818224804
35.272308765445906
7.74539079014688
-2.2623931474751657
35.44004639130055
8.01843396739319
-2.29533888129323
35.27313793208216
8.510919760985688
-2.429244758327986
35.27083541376383
8.60044419268849
-2.4291756921798715
35.27046545200903
8.55557912601554
-2.2949230550037365
35.27091817031702
11.912834635344472
-1.3920139017117785
22.657751620684127
-13.02080928038365
-1.4776991540232602
27.44885795338301
-13.271179279013312
-1.3720146965916042
27.357733321336514
-13.070533698194012
-1.3718594877556827
27.35690414972627
-2.8033420180160062
-2.2746571029946216
42.62211867465215
8.425817313999548
-3.800989274529724
66.26738866783079
8.159944650976746
-3.712592942653762
66.26866376284237
8.691485457708486
-3.6235795460449567
66.26664734698745
9.31183109707671
-3.800303374605014
66.26372720037178
9.479931824171798
-3.7617304510306395
65.62382008954009
9.149227862506502
-3.3551940986533855
58.861143330144124
8.979075333068026
-3.238759275349025
56.92360826144598
9.384002904209119
-3.4637023448646063
64.9984300360165
9.16987669918092
-3.2373038586236738
60.94605426901761
9.15926890170088
-3.17797400593055
59.88452902333589
8.063926815123574
-2.571640127571105
45.822912601811915
7.794348619278722
-1.9374124259963383
35.27477680295075
11.72432242900069
-1.2974120580010116
25.706791730685335
11.786294994856574
-1.2695221708524735
23.730896577831803
11.793583668311603
-1.261368449826042
23.59849602939053
-12.753574526324174
-1.0999986105279098
27.2644840147296
-13.222573040166175
-1.0414211001629863
27.45056051230732
-13.15543019335897
-1.0413691221075096
27.45028304331825
-13.037347615605825
-1.037421432909935
27.35743459677367
-12.014262526598667
-1.0544288228883647
26.990775007999144
-12.054149663770586
-2.10924868924602
54.772982358198156
-3.232789471645778
-2.126462792053831
50.41533625938622
-3.350317938176529
-2.9589169416683445
73.51895384570105
-3.1895152980380854
-2.8927666440468562
74.33064701919986
8.247867822281135
-2.826504766766003
66.27006794647659
9.158721316921417
-2.461774810185778
59.88595695425943
11.48102233961981
-1.6192685499105255
38.13758174273646
11.595648583895127
-1.530032632089655
38.334595167897305
11.221840261053105
-1.4648296550024709
37.94388260068426
11.939411530650016
-0.959437307770063
23.79773220643039
-3.446605087870126
-1.4639647086118408
57.930435421135044
-3.1177123729069924
-1.851298898306275
72.72642650429928
11.789044333654502
-0.6208391710332039
23.934077181337738
-13.3738117370283
0.09403324817058642
72.7726982001099
3.4849765069954883
-0.0906620512425022
75.99110683359694
2.97325218061978
0.11357026667260797
75.99362887705229
3.537551226739284
0.03325727030534337
37.406398493610006
6.0114493839863385
0.013850794307052241
17.701841147825746
-30.47206012787242
0.6360038121504856
46.88652447583056
-20.287954712853193
0.688993257014697
45.94661156030476
-18.33437089375194
0.7009964045291183
46.53295253519821
-13.293324754073101
0.7167177106401242
67.68512673335417
-3.7095449551326483
0.6190677486996726
41.18881905104972
-2.970373784163602
0.5181698067724593
50.41951582713665
-3.111290751094955
0.5203768684722756
41.65506453218669
-2.898524824742484
0.6110098204851419
43.91818313442729
-2.1940499127059603
0.6563630197275491
50.7789625277288
-2.2237881878122336
0.6889711214877159
48.68540504072106
3.249709176649899
0.395746754229618
35.97164557631415
3.5697108115239904
0.39599448073394483
35.97032316395973
3.999130018696763
0.49626689788125244
36.49293440597274
-18.84441533051574
1.1591477122631226
45.650530567951776
-19.318631035392308
1.2180523146593059
45.65260825900655
-17.777621005626404
1.2785168598537175
45.64636180894235
-10.918154364099166
1.233396641050874
45.90895994769496
-11.390093059476444
1.3495754689160178
49.74769613962434
-9.055065997917781
1.1421204101198987
44.76048109221908
-7.426121039541237
1.0342249558742662
42.89914252456438
-3.0852034924819947
0.611447762694442
27.411942236743187
-2.0573976556721902
0.943986323179258
34.67529072754939
4.278280768048236
0.8397045110133344
35.460554667140286
-2.984771824047665
0.9808160143930875
27.412262311337418
-3.173818843158233
1.0101291968222195
27.32073214173338
-2.714495078862606
1.0271286682444418
27.692722821034238
-2.6155352157847602
1.0482455440702243
27.41086818355053
-2.1277019815252736
1.0406765415254748
28.78214757911101
-2.041558301303917
1.083864269684926
28.174332807188875
-1.69365158826714
1.156596026534852
29.75057248180126
-0.18707412542134846
1.232898127893116
30.55234494045833
2.1615317643884557
1.1969239095295359
31.402056822132042
2.266784839378811
1.207797680378739
30.78224061537065
2.7935123058026448
1.0960320578256126
29.957720828756052
2.3664876392305865
1.1606061543600248
28.973074026422054
4.059351683263953
1.2272573579084225
32.04262046265361
2.6377551598127265
0.5716436066718569
16.153859473765593
3.408821278467232
0.5886361131752303
16.125029622736676
6.251490315505944
0.6417345266631886
17.933796284946013
-13.469356201942468
1.292676896422731
27.181260713968054
-8.771894845514357
1.2897052028921343
24.946731640377404
-4.004203071291632
1.1030454499582287
23.218563330993888
-2.596605104073938
0.9526434901174691
20.23078885920838
-2.76056565152668
0.9993525009807106
20.231559660729452
-2.6434766997028745
0.9994432635914865
20.231075788824914
-2.6037431533108744
1.0023199396017275
20.276160040144653
-2.4358772737069425
1.0110818153936934
20.412707248678203
-2.2601981771787774
1.028917165962855
20.69338388676669
-2.1822645316383698
1.0380520828554063
20.837339906165674
-1.9871578557807552
1.1546126425696277
24.062766714462974
-1.9309875530786103
1.1529836886948677
22.660516075267978
2.9248346945221937
1.2077358106709424
23.90661257002144
3.391051805640974
0.7474510627685559
16.125419220049924
4.958335442940071
0.7344210764703754
15.89248743963625
9.324798738489482
0.7551287945732538
15.874477445741835
-11.738977611169204
1.508654886132616
25.109070465736437
-10.481361892481512
1.6121068852951843
25.255839039292777
-3.034702508724855
1.1832229302974355
19.582842700030586
-3.0572351422916606
1.228202387754103
19.58302538743034
8.579553762987326
0.9798082285332939
15.87800653296572
-9.226762306118951
1.5026363462163
20.964926095309472
-6.682078073370336
1.3979981868856992
19.766693058310075
-6.649879776317157
1.4387506362800908
19.474333954638237
-6.488155669083664
1.4427405340186361
19.514779023090885
-6.354804997307773
1.4496549830666512
19.35108804909482
-3.2562829005387686
1.1834723975329398
16.335748730287122
4.362878918741616
1.2203706828626297
16.437592924851195
5.7897664133032
1.0989403309468646
15.889775867930698
-6.755875318573609
1.4592161605115306
17.075820843356233
-6.4648603085979754
1.645652340054191
18.731632076419384
-2.839368815329464
1.2828616643617679
15.925815331861301
4.9283948309337635
1.7226461866042906
18.72201120919133
5.5989800001204255
1.341376335131872
15.891047183591818
5.564312417927716
1.358677015347881
15.891224940164278
7.193064162386308
1.377265298072796
15.884528587031225
-8.280349467254588
1.5558881924231986
15.948852151191806
-6.808466454846776
1.5307682248839656
16.43075000667755
-6.8554486950789375
1.5566909127678095
16.351369867881367
-6.328671037273634
1.5196352488463762
16.192815231460422
-9.12953274496797
1.7458324277163784
15.9527408278155
-7.604704597151036
1.712358063036134
15.946370464927895
-7.58740351073375
1.7470260172391863
15.946366997620949
-8.54863233686877
2.2277882788051806
19.241533601034526
-6.443749579789297
1.6786017725950686
15.941502859962538
0.5390806972004504
1.7706445807890956
15.912819605325318
0.9029803361675515
1.7362716125305269
15.911246800047795
3.4154499911073173
1.7208891014080496
15.900829483061585
4.502711463929398
1.9903027908495374
17.362710532879568
5.453266634148562
1.837090897824858
16.19640960422762
10.536939437515091
1.7610569382443317
15.871468787227318
-13.14140840690708
2.8265455968711923
21.488554771998302
-15.051175825816893
5.199423738825532
35.88583095978217
-0.6859482515950486
2.3975576227699755
18.859662139323255
-0.29954689852753413
2.2584270817147334
17.863869389313546
-9.508428431541573
8.81156015891808
57.49576975559945
-13.98841685732175
11.081106687409058
58.98552881391636
19.54624039985506
-14.083861217332302
59.012289998082764
11.309516783502687
-3.5656712285938608
18.700411000824282
5.349521992146312
-13.488202759756101
59.08441177045085
5.963205667159346
-13.333944492888937
59.08185475048028
5.195760026105678
-13.25819364731177
59.08588532256328
6.577180847743203
-13.409890444574843
59.078575543777134
6.576986675126693
-13.256420333516122
59.079058274340824
11.871980762243185
-13.479829675920463
59.052154916678504
17.013018231452246
-13.319757888096134
59.02720785000251
19.391796136165926
-13.316702863293969
59.01543978082998
11.79210122432724
-6.930153315639299
32.187289776449106
5.195078704628611
-12.721047277380075
59.087565354185706
5.47424071509268
-12.834973419653544
59.57465631889872
5.706421155623887
-12.757247777548217
59.57374920345059
5.19488451192189
-12.567576200772473
59.088044273093374
5.706224237554167
-12.602394824040594
59.574228624689184
6.015929287148034
-12.601998166296742
59.572700788651986
6.653039809577173
-12.719174468470609
59.0803511888665
6.806509773125837
-12.71897839742518
59.079596014188795
6.576012834146301
-12.4890668496091
59.081449062444115
6.959687234842036
-12.488574270615496
59.07955541360001
8.955084193144637
-12.716218925677902
59.06896641744235
8.954889524816657
-12.562748803351397
59.06944533573217
11.870909107848517
-12.635739224124569
59.054785172236905
12.100918877877284
-12.481973547518795
59.05412561338431
14.40306059560874
-12.55575306588934
59.04250138281524
14.556433204903204
-12.47882096813178
59.04198185562643
16.091227113875803
-12.553586620694002
59.03415254431729
17.012042958769378
-12.552403452356785
59.029598648156316
18.470102391724215
-12.627267634483946
59.02215264228791
19.69795544002783
-12.702426395910292
59.015837496706524
19.237451136474082
-12.626282440856812
59.018353900703595
19.3139919355868
-12.472713811500936
59.01845713810042
11.328692873161398
-6.4567327424640535
31.82606323215256
11.056699418603788
-3.3527320663717552
18.39262112764467
-9.784682134555357
-2.936434560535037
17.18432648921071
5.500946937150851
-11.876562752395566
59.08867763707666
5.366639758569271
-12.01390747892065
60.075465642256965
5.210280791066305
-11.935976876891791
60.076486056905125
7.496149741717478
-11.950737308279223
59.078575186114726
6.728704100663811
-11.874986462702058
59.082605758197715
6.9589085579010925
-11.874690920302761
59.08147109568735
9.116977422982522
-12.087221945529143
60.05667119484673
9.437043271679912
-12.039730696833113
60.562087163748856
10.041103972318476
-11.822561502304742
59.55520558757742
10.273382625238485
-11.822263284988239
59.55405685239704
10.71871890246788
-11.71639340055518
59.06335107661596
11.869936716241462
-11.868385750260947
59.05717976789772
11.332695056803818
-11.792340316565584
59.06007567685249
11.71627210445503
-11.71511266452875
59.058417672521266
12.176681953710924
-11.714521566625798
59.05614452815213
13.101409286514762
-11.925845611428104
60.03745281402972
13.09749778093364
-11.71333934007751
59.05158681438311
13.557907630189536
-11.712748242174559
59.04931367001397
14.764391842037538
-12.048777171316718
59.531123151844426
14.919146404115919
-11.971152853793216
59.53060275523099
14.609342666511992
-11.89412304102934
59.5323722103826
15.367276449079622
-12.001066933666245
60.02600744901228
15.538457278192029
-11.89293017176333
59.52777726966107
15.114010241129991
-12.032441225388308
60.53401551435469
17.164365379495422
-12.076890097785137
60.01687661424128
16.762132166592725
-12.25480875173378
61.567282423455694
18.258185007431926
-12.07548670923484
60.01146330638474
18.031442971916672
-12.10754411926021
60.51934177756698
11.026113051526924
-3.786542120839909
21.614052733855893
10.934297096548057
-3.107497243719867
18.244266038295184
-16.53534678007615
-4.810427955696559
26.433593206242456
-15.334888905822083
-4.497370183524341
25.279515129793758
5.336210946909817
-11.414216086951146
60.584332297717395
7.09822514978779
-11.284352663812774
59.57144752909751
7.494981708030364
-11.0299127477646
59.08144489312568
7.175356911714597
-11.051973856356758
59.5717932814854
8.884415205041071
-11.488508205738736
60.56654289504308
9.284867792562874
-11.43493014245064
61.080964261530056
9.436042182053647
-11.251256320162645
60.56454767866032
10.303657638142068
-11.486685106857598
60.55952021309925
10.540197252289046
-11.48638141898921
60.5583504053149
10.834945609567047
-11.38184072354672
60.05036488739849
10.160313007248154
-11.513383290302784
61.0763830998635
12.25263679912587
-11.100539687972512
59.057676909515074
11.715298778066641
-10.947759203769488
59.06081608753046
13.21488791933486
-11.276499618626938
59.54119754434178
13.633960784730226
-11.175503342677928
59.05061039619568
12.9823146316678
-11.044517468914774
59.54307113276688
15.173654321164385
-11.506946774615468
61.051589596602824
16.93326541171165
-10.941059974255607
59.035010608779935
17.86664264893193
-11.372811932857328
60.01558959928877
11.25845957982941
-3.6386068394123883
22.041377895482764
-9.490603357945659
-2.5548548899637313
17.184059305851008
7.033696342171327
-10.339884491790441
59.085876993976946
6.8801295413798185
-10.263346466609304
59.086875437097405
8.951968534138345
-10.260687432989158
59.07662914455599
11.867795376256172
-10.180208694535938
59.06245170157389
12.206972447765324
-10.19381843657139
59.54955803873334
13.632890083997427
-10.33141288965765
59.05324064703774
13.095747684928044
-10.332102526556742
59.055900902046965
14.896614281529684
-10.517187758083058
60.03295444989068
14.662026013393454
-10.36122812864308
60.03460125315779
15.411174176252615
-10.551711570737375
61.053388897608386
11.226384992512402
-3.4342241051351463
21.99354256938015
-9.594786589337286
-2.381715073685728
17.185115127235456
-9.629461784267557
-2.3644321124253156
17.18533962317023
-2.859917600056898
-4.100135743756185
27.236549383152138
-2.8599977580306577
-4.036941827385657
27.236746585851243
6.895644352592483
-9.926023659708601
61.09748513046241
8.720792676716947
-9.493629524060395
59.08016602727492
8.26018817680393
-9.340749557847912
59.08292190754193
12.161074125891426
-9.739393888869698
60.04891631202157
12.035985297455904
-9.670968895363393
60.556600769739916
12.19368093553274
-9.670766445399414
60.555824699938825
13.376281854866468
-9.590401518263738
60.55022169491154
14.475707039893685
-9.33276958165201
59.05217921478101
14.859382395460964
-9.332277955102928
59.05028555824456
15.396525765863073
-9.33158737519052
59.04762911612705
11.062233644889819
-3.52465568551011
24.55798290322144
10.261391720824346
-2.978904241578505
21.34664184972179
9.67056397048419
-2.761310945612705
19.65857021572641
-9.439104694476042
-2.173586659544995
17.18499084991074
-12.860974725718606
-3.6573871896352417
27.205588499640516
-8.945302518235872
-2.797886980108502
21.903552176313962
-9.169357353798164
-2.764006788765958
22.145209222473234
-7.65366158739482
-2.4353056066709176
19.92832405825144
6.724518715886473
-8.575366434986439
59.09290254011709
9.02685462632465
-8.802617029964585
59.08079939064036
12.544490404246444
-9.043418100436474
61.0722748636042
14.47492836295274
-8.718886231339276
59.05409489686834
10.263377266323564
-5.596710180720152
38.96573576222719
-13.066489049607105
-3.4497034755674405
27.289090586275716
-29.439215411665486
-8.304962719104095
60.76613276921999
-28.754091789467832
-8.155884063864345
59.75864554578974
7.030776306969395
-8.037824550707176
59.0930607936204
6.7841992931367825
-7.877976020527782
59.58361034146712
7.183954246726204
-7.807421376954205
59.09302018769742
9.025686610913231
-7.881792004495484
59.08367291377136
12.281747591480622
-8.10319811089724
59.55569879562479
12.049371680438519
-8.026069379034986
59.557089144333084
10.415482961654698
-4.515146443105504
35.832935014155424
10.547028218764
-4.514977555120833
35.83228445646209
-3.029897973111685
-2.1454060248864377
20.80979939518659
-3.1343341404002416
-5.6121058507611545
47.991042017844705
7.519361676925127
-7.608040932747853
61.62750487293923
7.995775950413668
-7.678898539109977
62.16073628090055
9.439075503725089
-7.535431608474997
61.09234147404406
9.345223019066205
-7.242827044332074
60.07062847922881
11.076750347853178
-7.6749424569250415
62.145495494155675
11.40106406556488
-7.674526089771668
62.143895413851
12.506167014948279
-7.383788692945076
60.56140042529202
11.048690666589248
-2.5067365637635506
23.41477330186624
-2.7497229074228793
-5.148747447042672
47.687056036529846
-3.0101462707287827
-5.0185214856511955
47.09435335050186
7.3933632202396415
-6.984557790593847
63.83572775151777
7.643682294719759
-6.984236411587544
63.83448979734695
8.220357494538689
-6.86588079340428
65.0003400021437
10.0606161938227
-6.361911061647254
60.57668332401208
10.822166763354694
-3.6871398740039925
36.64517163695817
10.90630930659728
-3.3969055981933405
33.76693628162222
-2.990351031430149
-4.272943824906673
46.80553003573823
7.430914602447848
-6.3972798102538295
66.22125790355045
8.138929459631077
-6.209171298856452
64.41289624986642
8.715826687584716
-5.580125182931932
59.09237468905828
10.053549361857154
-1.7846856103356064
17.089723058858542
-12.73819570165259
-2.0996947226361793
27.0479353416169
-13.177780836528358
-2.0837325850688866
27.212057393486713
-12.598739693854565
-2.0298415974154036
26.967396506001087
-3.044349980427968
-6.291568099671082
78.10673235285158
7.307806242084707
-5.315856376697818
63.84134426828905
7.062438736551084
-4.788810937418478
60.59642194695184
7.779451915328213
-4.744654773476142
60.08615837133307
9.349295233613605
-5.022417127663272
60.584379434297524
10.943836044878864
-2.9069663361751776
36.481280138327094
11.14556400517986
-2.702757838413021
35.677574452164066
-12.957932538151171
-1.674194212653669
27.212244686403682
7.166616073093528
-4.16099836459134
59.5932934191667
7.544368125474798
-4.198042081253768
60.08902424508703
7.6133666116260335
-3.9996284403549125
60.596156707789376
8.400437966585802
-4.274085837760153
61.10763908193758
10.276288859165193
-4.525160630751244
65.5991602128113
7.968958328583143
-3.0348813494744813
47.04618992408067
8.033683543762693
-2.4183166028666747
36.49720766537972
7.947368706687115
-2.317000390180811
36.333951865032816
8.169962219106285
-2.2721843898762355
36.3329878016415
-13.63791537940213
-1.3334399802651684
27.298511487763214
-12.97434312141534
-1.3641850444715968
27.295131384873372
-12.78480475747816
-1.3323448100138733
27.294292424762478
-2.8558415256708582
-2.3475255603184704
43.36246413038487
-2.838074333733543
-2.2249205075069685
43.12084867421666
9.345131185018982
-3.8288377167543475
66.84616642905354
9.587543320146725
-3.580662762918387
65.6055029982965
-13.543444882133377
-1.080542972219592
27.29883150746674
-13.03785815655081
-1.1114908704829929
27.296232722777184
-12.785123481822648
-1.0795693208959136
27.29508122556823
-13.037938314448965
-1.0482970137167722
27.29642992529029
-13.132767614822269
-1.016821753272045
27.29699730718407
-3.255429297482275
-2.1489490772876287
52.379794227082435
-3.2168646773781204
-3.04570283370998
77.24604453145457
9.18291729978184
-2.477063253905062
60.08627391628522
11.57665740542987
-1.6179433456961605
38.592279212063
11.851681038185673
-1.6354639763108962
38.970211028423016
12.044216064752291
-1.591264770124953
38.03657566921591
11.888762106376808
-1.4053730917801601
36.98369151225111
11.777186556882475
-0.8784043744159226
24.69164546321251
-12.925167374572526
-1.5808564712901314
53.18303780661032
-14.510945645294138
-2.08526804384106
79.06949225749928
-3.160071439721146
-1.9649032016034802
71.68398601728677
11.025392828523342
-0.6124492485433648
26.234640765113006
11.801708580085263
-0.6319332455649753
24.00314720756504
11.878915143881226
-0.5724469447699017
23.823223520132792
-37.00457303787234
-0.24758488707464346
53.30637494733257
-24.93789826390336
0.02434481875041969
46.35731954617727
-3.3151418629784772
0.01751386621680795
70.96503915055845
3.1230421776260293
-0.2750854560866114
77.2232937263354
3.2960853863387793
-0.16356631990176368
72.39965826620734
3.3753161061889916
0.03763335679315569
36.52791287906788
-17.27306315759221
0.3022408173417948
27.15851659699511
-26.052869654515902
0.4984430430156579
46.93453766071617
-19.191330488038044
0.6306042878409515
47.19203534732466
-18.821953308649686
0.6262696912710649
46.89914249557611
-19.21309692794352
0.8898432314502809
74.84275713875472
-18.491972028495614
0.9658396067295275
73.26971087731775
-13.653626114651582
0.67689052869965
58.74240691923837
-12.636696564956962
0.5955102266183402
65.12681683143967
-11.24339724279647
0.840031361753492
59.211157340415326
-3.757649660891013
0.5580086613513312
41.52234133418558
-2.944398962887612
0.5282233431510418
51.65616832974836
-3.1202320769332355
0.6610584687622196
47.706987271259536
-2.241464189037842
0.65236589797625
47.10820970328658
3.59872855382352
0.35125683074229475
36.52778382171343
3.419623657582967
0.3957891692780098
36.52880708244756
-18.65387209207607
1.1190656728069304
45.50280298148214
-10.312275832521742
1.1241675491583143
43.41017791735667
-10.089368920651934
1.2127112954361794
46.28752765465823
-8.519836895934505
1.037563257489424
42.221195334743776
-8.038373371156318
1.0517283071298207
42.68199912834696
-7.9811277324661605
1.058702377655644
42.91765005224775
-2.0851570728692037
0.8550913649586281
37.23092633604566
3.7597936088053436
0.8853256504007576
34.961732382445376
-12.914036308320112
0.9108740960709536
27.30191815395053
-2.995388376242107
0.7079839369239962
20.735656405145438
-2.844921167890437
1.034477413224727
27.585933439954665
-2.3399107408122815
1.018615043480918
28.646316557286767
-2.01298832525899
1.009540759312571
30.017992319416166
2.113555019288745
1.170880820861514
31.895432215644952
2.8401745157960527
1.0742743628081797
30.52396357551078
2.650195430970278
1.0912242853035372
30.099362687862257
3.286227059094069
1.1037474575815345
31.187872730877768
4.233286546072753
1.1406373201522297
32.005423422676074
4.365164801808423
1.105132687333853
31.18253493178796
4.442821113048197
0.9680261504059822
28.79950740195443
4.508756000606173
0.9602643598019708
28.612239244478296
2.738454150160201
0.5797723882565339
17.13329281996004
3.552855442896603
0.5634905623035459
17.129211231412356
3.5181568481584393
0.5981008453445535
17.12949171333748
3.5701383340220656
0.5981675832002592
17.12923463865244
-12.509414703910481
1.2613190813574502
27.891184965241237
-12.383553145793956
1.4579073927611232
30.070717818965267
-18.22038375635927
2.3566891348059245
44.19760085706015
-3.823288977411413
1.056568498309701
22.378000341547555
-2.7142855345020243
0.9416836687089922
20.531576413421472
-2.6125266367257103
0.9367647275108919
20.451147701033378
-2.562036470695411
0.9343240136520603
20.411239557319078
-2.267393131371374
1.0338694759707079
22.370226830801627
-2.2543034139033384
0.9846207452322079
21.199565147243984
-1.959403515781619
1.126165581912681
24.765877627506097
-1.9837443452806884
1.1141462305743712
23.66263408193425
-4.260657369082279
1.195508633419021
20.702331191782022
-3.4482163695302397
1.297808530055095
21.984466784598194
2.959401886712246
1.2591203986900241
22.29502196322861
-8.143739933626485
1.1202769077103947
17.188838530534323
-12.32236982968935
1.7330774846344366
23.95018990012808
-12.154856596609877
1.7698744422099462
23.77308649489843
-3.7774886421318272
1.1112600030963449
17.57560910036185
-1.844466734743808
1.259301282697923
18.940759392652105
2.140227758575905
1.370976892818331
20.795160976533154
-6.707029789054984
1.4297009240237342
18.40520334062287
-1.0383966158291256
1.3833508858155201
17.562899333311854
-6.619450266049422
1.5207633760356576
17.18254129627869
-6.468044133882329
1.4857141152264137
17.45957008386572
-5.579839194435847
1.5394254699622711
17.177452904012583
-7.849923476308401
1.7097845377741927
17.189219245639933
-19.08131366554897
4.2566277452083465
31.89043358835902
-7.295695260936043
1.9010972698313675
17.18707285373596
1.184946192042767
2.12073007661926
17.99076704913239
-7.22805359303297
2.1804336036041643
17.491383262493784
-7.73091304783633
2.5320338823020028
19.137816563184494
-1.6822491889002023
2.358815787036845
17.16071456578678
-1.682337223431783
2.428125343529664
17.160930853519606
-0.7706921610261277
2.480000976006871
17.86193552714587
12.168511909392604
-14.117363362877443
60.257061480612364
6.105113600176196
-13.283380226591941
60.29667324083963
6.795974987933844
-13.435699050374453
60.29197570713979
6.795722684823752
-13.282230028621923
60.29247440932041
9.174738067162124
-13.431733945007322
60.27750376026603
12.167247879395825
-13.350009613763001
60.2595359606675
14.546137840964947
-13.4227814083814
60.24481655796606
14.776086940430147
-13.268925794711159
60.24391058342114
19.840928114336062
-13.490689855262065
60.21234507012334
6.104102876554536
-12.669497429501844
60.29865663597378
6.718102915935079
-12.745209155649002
60.294669698328036
7.178508637945107
-12.744441713578386
60.29186793822868
6.794584555565763
-12.591610307815793
60.29469763397032
6.948053449025155
-12.591355446930441
60.29376370892746
14.467886081882732
-12.502084626781981
60.24825289853276
17.61399118994713
-12.496840428096528
60.229103727115955
17.920928996957944
-12.496328811252356
60.227239697787596
19.76292916313833
-12.723464967887212
60.215286510988676
8.989004168011729
-4.186818368795601
23.215015889326718
5.2588882524241685
-11.980286604364212
60.30602022539315
5.64255950525606
-11.979647057307643
60.30368161167078
7.100257357261496
-11.823745884852215
60.2953042728184
6.6397257097078315
-11.747778332683799
60.29835347679146
7.330334794355387
-11.74662813471378
60.29415464527224
8.481475023353157
-11.821443570108208
60.286902804225434
9.018614691245837
-11.82054820929304
60.28363027143719
9.248691125074702
-11.74342852888279
60.28247302663139
9.951895985557801
-12.079887181202984
60.76594670923313
10.169755423447059
-11.895365563491442
60.27638223594491
10.476692253568633
-11.89485393597424
60.274514397813135
9.874214580066495
-11.92516343617558
60.76691723329176
11.397630099959992
-11.970054045277225
60.26866343083903
11.934770746312852
-11.96915964880315
60.2653947037789
12.395049085920459
-11.891655295279158
60.262836587802106
11.577578448369454
-11.922324141683827
60.756555371218944
12.08785945105628
-11.738696935907921
60.26519931948468
13.446235422548563
-12.294821824863257
61.74854729326102
13.513471551625967
-12.073949500866204
60.74427304528124
13.853127601898588
-11.965961020370726
60.25372070837467
13.401772701896942
-12.02725224419049
61.24282647861923
13.852873820266739
-11.812491022809262
60.25421179312205
13.622545532208727
-11.736138807405315
60.255863931825836
15.180850552903394
-12.291930425899858
61.73799143952674
15.56024232669747
-12.404743416558137
62.25155795940301
16.65493972553804
-12.878519936324283
64.40760326980694
17.321278623392608
-13.219169900347953
66.73982734240558
16.678930550837357
-12.289433303121834
61.72887500034451
17.470073531546536
-12.401561872694009
62.2399396516766
17.070807635742486
-12.276828471514895
62.76866002835744
17.849304652597212
-12.066724097793829
60.71789150810616
18.246054638036945
-12.175438233598284
61.212840870231105
18.480442137075354
-12.175046583593934
61.211414527986165
18.636702401359496
-12.17478612845314
61.210467434106036
18.949219045604718
-12.174265187742101
61.20856182573893
7.252588647900258
-11.132873234227366
60.29660119258678
7.098866924893414
-10.979657142293556
60.29802619964892
8.24712965986095
-11.231034149128602
60.77905882910062
8.711555764443728
-11.152833390167087
60.77648150351927
10.64732325851452
-11.227033309310213
60.7644526538644
10.182514051629429
-11.072953907026335
60.767779014496995
10.801918912808114
-11.071921432131937
60.76400967857775
13.27979248804093
-11.222645293393464
60.748432984912704
13.928344736275765
-11.045009377885956
60.2562231238985
16.51993910106067
-11.501223429756466
61.732377207795636
8.067158271685152
-3.7167214192470674
23.173783689267374
11.177263017697573
-3.4932681061367745
22.461553812399437
11.165651272639254
-3.448287751454793
21.821841352311345
-2.7666953219483923
-4.139799423630633
27.220911251379963
6.9441349830393
-10.212561125741688
60.30143840432448
7.174337819239467
-10.212176438775655
60.300033712743286
12.315660680814823
-10.280342629686736
60.268503761226086
12.929534317824062
-10.279319362389675
60.26476427035574
15.155081788305097
-10.429081011337647
60.25073134592178
14.771157229098085
-10.276249606369868
60.25356104456512
15.99865460423684
-10.120732150975671
60.24658457125395
11.097415369204056
-3.7101110197359883
24.62117860759224
10.909961559928758
-3.131062753639866
21.463849502899528
-3.4590987840943273
-3.6630217438364134
26.382606990659056
-2.8864530954779757
-3.9012661807369993
27.222405564700875
7.096338868041732
-9.444951551400802
60.302975153608614
8.477809340446937
-9.596120177213296
60.29407878838958
9.245151869344632
-9.594841095362819
60.289405375551645
8.47742915487285
-9.365914232539549
60.29481732298764
9.01456982288868
-9.36501889466007
60.29155241360961
9.935507669280039
-9.440219003963053
60.28570144663549
10.395913391290067
-9.439451561892437
60.28289968653614
12.007586199833863
-9.590235489271056
60.272594818030804
12.237662683272422
-9.513117740722253
60.271445196288035
12.502730970342428
-9.520549302812558
60.758637550239776
13.163523237126913
-9.683728076705203
61.251815049612446
13.319781522827723
-9.683466634287628
61.25085652659397
13.632170466542734
-9.604815506690231
61.24921048755659
13.925691230708113
-9.433568791959354
60.2614195188302
15.15369230959235
-9.584992267189355
60.253453266948924
14.769894154327579
-9.50889680933386
60.25603551574158
10.847924428785312
-3.4157408099031583
24.738011836778806
-13.033886447702281
-3.6144206179541194
27.43269320228098
-12.704768951517913
-3.5595333445671358
27.283305261618263
-13.263148039262344
-3.591460163256894
27.659418978913926
7.018467272870633
-8.754461655880535
60.305669141895166
7.248417352366951
-8.60060796021945
60.30476697000308
9.243508632233944
-8.597282365915722
60.29262219593297
14.746797007125672
-8.742540660326792
60.74747429912504
10.640358771784483
-4.474617559975257
33.1671195299909
6.92566583682317
-8.0587365828211
60.79730542347341
12.158527058890012
-8.055274572921578
60.276613663092064
10.268777789365766
-4.382123258654319
35.397765988161105
-3.1397487506782453
-5.644156414951857
48.319651231110676
-2.9608989491125906
-5.524492114714924
48.318950392188825
-2.6393158719871144
-5.6007798318493816
48.91114761395318
7.612599528677408
-7.427189433892517
61.292874659904804
7.169155301593862
-7.066029309877865
60.31017907051335
13.237791323004153
-7.339682465559889
61.2588903787592
-3.2551658477907037
-4.191436769710849
40.651822831106976
7.220407827272977
-6.490274728872041
61.298271458001054
7.619689673925816
-6.354189420021099
60.798557820171226
9.239716568619391
-6.295223038171189
60.30004944455459
8.318779199055697
-6.220022928073388
60.30590040862701
8.932653335341044
-6.218999195410139
60.30216473099941
9.777109042040147
-6.447798141078489
60.2962820166779
10.0071864775631
-6.370679437271991
60.29513239220703
10.876187268343791
-3.3870208909687
34.70485081792032
10.782955447223792
-3.3289324721449307
33.53821550864727
10.561712321744965
-1.58923306987773
18.81379961646919
-13.614512350243892
-2.3000213958991274
27.219880168013802
7.180730556601914
-5.787290174371527
62.84975990880953
8.854907165652007
-5.6052442826610624
60.30460746370714
11.254668753603676
-3.231903497066279
36.72993059248451
7.677975008925224
-2.033730645930863
24.647394638105858
-12.708666383877093
-1.9945251817538496
27.142835353542164
-12.871604392499053
-1.971661256388644
27.216410849690522
-13.005783488017386
-1.978430810750189
27.290223287017927
7.626021266241305
-4.9166734691513705
60.31430585070443
7.205173311185668
-4.893560083770643
61.810352729079085
8.546580881622532
-4.761668131960697
60.309201034397574
11.217404373118587
-2.632720280940464
35.829352362352964
11.934230471378102
-1.5460164731712172
22.779933427140342
-13.00627506670258
-1.6800155504587493
27.291183677214757
7.519519041877488
-4.2622559056908
61.81046754836846
8.543391948709067
-4.098272170751718
62.84688986436374
8.076281114169761
-3.0590839324318204
48.259647057120304
11.93554211507332
-1.380761253183321
23.402286151933314
11.840602143367157
-1.3429310668490892
23.553099825701068
11.490829030689204
-1.0520040836363584
19.885917158923842
-13.364861350221366
-1.3821974364000469
27.29432512907278
-13.036608416277003
-1.381650158241465
27.292327573976436
-12.917244146432799
-1.3814511920730888
27.291601192803157
-12.768137360758658
-1.321519553136512
27.290885676903045
11.998922949309575
-1.0585402553757441
23.3534657771184
-13.458741893342689
-1.0909060383864586
27.443395048637022
-12.738687877760814
-1.0827377842972379
27.291473908877364
-12.27397149275764
-1.0854349794085665
27.362159067248424
-12.870448761125054
-2.2613491073780665
53.66512210804459
-12.601878461968003
-2.2609014200443367
53.66348393144537
-12.602210269567243
-2.0594712277937073
53.66413348192167
-11.8635326875772
-2.125383612884586
53.65942629267269
-3.0172635426998493
-2.7861678557248477
71.47145995634793
-3.0270520710747046
-2.973498467192527
75.9775321195278
9.3166759598251
-2.480019484177104
60.80067599812601
8.702362346312043
-2.433530436101772
63.38707920074284
-3.1791868296616865
-1.9961379346418566
72.9111618983893
11.869230363244846
-0.6180087683260564
24.128614617642263
12.088052591571264
-0.6327261400795077
23.809920465942106
12.032710983011816
-0.5604432780312408
23.91501699524845
-34.85962596960674
-0.2720639015670228
50.36501692153002
-34.73297921201649
-0.023461491805704088
50.04823041045271
3.5256601307054214
0.012469005438008246
37.58258442290858
-29.7084644047165
0.45892402764238127
48.50109459795095
-13.912032226332235
0.5772913760560267
50.56159808117984
-17.98550676893947
0.8749583506774112
70.87922864791273
-3.311718644071914
0.4963112925455519
40.66723679594658
-2.770331003069457
0.4513806802986977
48.93140123368763
-2.4200743450676643
0.5720486528231139
65.712799178564
-2.1077733343449756
0.5965820467758732
46.64532294378319
-0.6269184439832797
0.7940801014162975
63.45428122502338
3.159418929329089
0.31201249246011536
36.63639372988989
3.2560784218935
0.35123205975417937
36.33206415945543
2.9147829523394084
0.44370042878239235
36.792540859656015
-26.0049356576586
1.1549746926315771
47.61949873677121
-23.315391134575613
1.0425275686763944
47.602755849900234
-13.074836828811879
1.0558724415809488
45.40667773655917
-13.149248605735734
1.0314418395136018
48.697196216735506
-12.650984165790241
1.151966176799196
46.711328443092945
-11.297890899756212
1.1552882999236613
50.873705981506205
-2.845850617272215
0.8230626231372458
35.35323379452203
-2.086480560140031
0.8491930004262608
37.619458393324244
-7.361678384562717
1.260895791927377
36.10177916746822
-2.573930095247219
0.9480992328638392
28.89574503866055
-1.9944987694675977
0.9875104561869011
31.34788135563424
-1.9867419956815318
0.963255290702199
29.963320078201917
3.2998775658866677
1.0743423023385832
32.29413965955186
4.244919151269278
1.134585684843529
31.95417871638068
-18.78190625748419
1.339980851180164
31.876857617756645
-19.619626044708976
1.4845524909936403
33.13049166429304
-1.7129876240477377
1.1824432096588344
27.379164266349232
3.703318471291799
0.7313887208406465
18.3482269475226
-14.118450966455116
1.4220118165095015
26.13179053800858
-9.361311095593432
1.4115484745605142
26.23430276774388
-2.525760218000097
1.0122624727729441
20.4003707283507
-2.131486292802417
1.070531421037934
20.88291122405817
-1.666572040554541
1.3057226355943767
21.399695366405123
-1.681674652154189
1.3115583380785596
20.774317303231715
-1.1198584247135295
1.309179050000367
20.7356868051972
-1.7906837273135032
1.5192901106417078
18.384221553941053
-7.56080679612802
1.6309636446429354
18.419726015146587
-1.72157530681303
1.6406968360571863
18.384191865174095
9.350209752214615
1.7977712137470883
18.317260112451507
-2.2307550692126115
1.9883300236102273
18.71818478044329
2.2806126597405156
1.872623837900638
18.36056005576048
0.5481722468165476
2.202773631434977
18.780585406266123
5.381306497669768
2.3976136611695797
18.343362094198607
5.485240691504917
2.4151141498539626
18.34278531263618
-8.471091535641705
2.846804881370825
19.388060099261196
12.246978923015952
-13.952558863921274
60.99008664252523
20.26004548584773
-14.142728193133257
61.416020465084344
6.8307939697768765
-13.54664709709743
61.50833913696671
6.907230349967519
-13.316340139225236
61.50899287624297
7.060698802735668
-13.31613867758876
61.50797706861462
9.286085288336043
-13.389923988024265
61.49280105947199
12.355744464471918
-13.616059589817379
61.471245320031194
14.81113540412028
-13.536071905380451
61.45532320486467
17.88020082670205
-13.301799838092087
61.43609452939657
20.105584926939503
-13.375584198025887
61.42091854091377
20.259054305527712
-13.375380808555432
61.41989892202551
7.29000887405502
-12.62521969078356
61.50993445590288
9.822133071286997
-12.545129359845845
61.49350254561619
12.35455507296385
-12.695242366106898
61.475903284853004
12.354356837638951
-12.541773461388138
61.476678973349145
13.045161530559353
-12.694328055486874
61.47131121848657
18.26317469855662
-12.76414732525195
61.43625662982376
5.447400409115399
-11.860312959629521
61.52604823812917
7.289215955660431
-12.01134218383328
61.513041034092105
7.442585261701918
-11.93440338960596
61.51240927060795
7.289017720335533
-11.85787327911452
61.51381672258824
7.4423865241821145
-11.780934466271681
61.51318114770766
8.286758308243217
-12.010020144402569
61.506409753776936
8.670429369350819
-12.00951072022473
61.50386072721612
9.053900765886716
-11.855533346885247
61.50208739383511
8.670131088079728
-11.779307383657885
61.505028080860555
9.207269118275772
-11.778594553921781
61.50145563668682
9.974907644753259
-12.007782878553455
61.49519403787625
9.821341055807464
-11.931251813136821
61.496601488340836
10.128078740838536
-11.77737519885482
61.49534177745258
12.353563893875673
-11.927895935190413
61.47978173697401
11.432556989640444
-11.775646384274761
61.48667127836851
11.662759175586583
-11.775341321844234
61.48514567727222
12.199897205782626
-11.774628492108128
61.481573233098494
13.888244303255032
-11.925862038932383
61.4695818222293
13.12080594723968
-11.850144543061887
61.47507152479603
13.58111114950029
-11.77279897368522
61.47240054254297
15.19272355521491
-11.92413230792202
61.46091895075822
15.716734798523268
-12.030371811788934
61.9457303028378
14.502018910704383
-11.848314052994047
61.46589503083218
15.115790603995375
-11.770764125029702
61.462200638954286
16.343833450395923
-11.999341332644091
61.452880213642594
16.573936519911452
-11.922302771515522
61.45174245197422
16.19006862612523
-11.769341362508696
61.45506335260331
18.03188223876486
-11.920369616331378
61.44205235149379
18.415553777930523
-11.91986114518295
61.4395033169449
18.722389602834767
-11.842719918938077
61.437851948759935
17.648014396947858
-11.767409199480781
61.44538087643143
8.033717587301739
-3.682590912842009
23.115163734247066
9.061953205074557
-3.6271830783106584
23.067498346099118
9.766173757463168
-3.6862309393980373
23.22823799017169
8.822905660314147
-11.241959948704158
61.50671957794078
8.515870673033104
-11.165633244402908
61.50915045070194
8.669239952474062
-11.088693477266805
61.50851487747358
8.285470249298385
-11.012467494791998
61.51145174993468
10.837736967411175
-11.10772407592594
61.98283727510111
13.35001594601231
-11.082490151499819
61.47741676748838
13.656953777368669
-11.082085300392889
61.475381340971786
15.115096777894546
-11.23362105119136
61.464915558331086
15.498668271114015
-11.156378148194852
61.46275818893048
14.50102674889956
-11.080964743109952
61.46976968918518
15.11489952159077
-11.08015216445619
61.46569505505571
15.345001585484649
-11.003112612435245
61.46454967541465
16.112639155846022
-11.232299031008093
61.45828809258027
16.342544915856717
-11.001789637326786
61.457922208148126
10.6185943557711
-3.0632893799453456
21.181678510656933
-36.52803123984238
-9.031819433498129
55.0368424420909
7.287134476126106
-10.399912008656912
61.521185797042655
6.979999839923496
-10.246847953149299
61.52399690255159
12.42841435993923
-10.469832952013988
61.48663719375582
12.351482413109506
-10.316464806352705
61.48792650474472
13.042288085051029
-10.469019418435032
61.48256255811063
15.114105597574529
-10.466273666613535
61.46879401527225
16.111648929178436
-10.464951645166416
61.46216654318556
16.41858577904999
-10.464544868753215
61.460127318080794
16.425387289933667
-10.372397813528117
60.980362918652446
11.011995934825466
-3.5300779189768923
25.09180034775978
10.327845089809902
-2.95324036352305
21.712690202770553
7.209508677826864
-9.709400769909841
61.525186212844005
9.123124586514422
-9.621516737373243
61.0327190707186
8.590642219899886
-9.546165875494733
61.036636723388646
8.74265344952866
-9.469908842794187
61.0360105517477
10.048667838203036
-9.70563807768727
61.50631961041164
10.585805894999611
-9.70492622085995
61.5027509759821
10.202038125729327
-9.628701208766218
61.505691645515654
9.818168323406397
-9.475738848625761
61.509012563636645
12.427423179619213
-9.702485567436163
61.49051565069698
13.118029661351564
-9.701570322402244
61.48592740371505
13.655168671800569
-9.70085846431107
61.482358762949644
13.468198895651277
-9.555714363288295
61.9731707214839
14.729444810762404
-9.699434769903876
61.47522530865492
15.41985401082229
-9.545050618887341
61.47141274383327
14.95935057200494
-9.468926329883907
61.47485941940261
7.43852139739071
-8.788279379687838
61.52830712805631
9.280138203952255
-8.785837773234638
61.51607181075928
9.279939992764204
-8.632367934101982
61.51685131863993
9.893811759833762
-8.631554364555845
61.512769066537786
12.426135624101127
-8.70493389010245
61.49556145343098
14.95845752909441
-8.778312426020532
61.478346228687386
15.26529335276681
-8.70117024611432
61.476694865322585
15.572131110344605
-8.624029036589183
61.475047299030244
10.643647706275525
-2.7660692391897266
23.396286425202128
15.417771551650924
-7.933619948896711
61.47955370096541
15.571139904039978
-7.856681155933245
61.478921943817134
10.486989848421246
-4.2845757615277025
35.80131732431181
11.089669956865217
-2.5048903400400553
23.48061093419417
-3.2059952682040027
-5.690873150798659
49.26565257757591
-3.0284133794015164
-5.51282398733299
49.265366154497244
13.421794733090406
-7.2456510570448
61.49629924516015
15.186480071496206
-7.089842734790401
61.48535322845385
10.535991702442173
-3.939581897586163
35.937313687777525
10.586823502108155
-3.264274557102469
31.200294449266526
-3.125942066644707
-5.063676989814634
48.98121509216901
7.66584865599658
-6.562665166775688
61.53802524936926
7.270271109468055
-6.544306186543666
62.029588635026464
7.3586154315428765
-6.332868127263668
61.5412318178568
7.66555130177739
-6.332460856036207
61.53918878693363
8.58655818002801
-6.484709910873745
61.53229543338485
9.27716370810793
-6.483794667103679
61.527707192738795
8.432990636813864
-6.408178369890295
61.533702892595386
10.198072447717223
-6.559309287565427
61.521205491666564
10.121139497113608
-6.405941581503778
61.52248717745256
13.29466271668361
-6.161486686556724
60.08710718858238
10.625303867192905
-3.290311856855111
33.9283290205908
8.662004360151597
-5.487056540068657
61.5368314330106
8.737945126045384
-4.873076824321445
61.539420581372944
9.812023982718832
-4.718183747100966
61.53306281164856
11.330378563189326
-2.6658629360433634
36.21146967426562
11.978714530681106
-1.597928178390923
24.636844854415177
12.267145189074386
-1.4723070981940827
23.222777251380464
-14.31904429466341
-1.5791447591392125
27.773506302038232
8.428451099531403
-4.065132941433368
62.0343955409496
12.26201142336133
-1.401905310516814
25.305759673043966
11.904592773833924
-1.3771721379227861
24.016615291707268
11.970492583662041
-1.336774963909207
24.10913273517388
12.02290945286157
-1.3296638328620438
24.01607005272265
12.041756392362927
-1.319220646779739
23.878768426723276
12.190350643257911
-1.3518511927909753
23.698106815276592
12.213518761689285
-1.3053648331038568
23.69818920345145
12.26430346010607
-1.254746034550013
22.4662314460766
-13.942460264451995
-1.3563163678706176
27.43783070350886
-14.083849993223732
-1.328233134538606
27.438914622373577
-14.168696728637894
-1.300074718009624
27.43962097509266
-13.461864260198887
-1.355679564145025
27.434637722209434
-12.839915018976662
-1.3548553186280459
27.430507527134868
-12.75510289358292
-1.3547429190508105
27.429944052871793
-12.797893815033692
-1.2943016255035726
27.36498719424129
-13.651852672033039
-2.165228018329645
41.775595093052374
-13.360586970265103
-2.1162866179350837
41.773904983589844
-2.967144739031182
-2.9444971088266554
55.98384384066079
8.969628854284728
-3.4450061469963895
62.033925471307
8.504976133686865
-3.368195474455351
62.03740320493438
12.265810396698042
-1.0975367608237847
24.48989322466524
12.317714466221531
-1.067403958083328
24.39270993109023
-12.617733840919069
-1.0591187988345465
27.17089814610805
-13.124583072487711
-1.0221028642931242
27.566469568509177
-13.171099951307168
-2.35370441152436
54.915203911173585
-12.902530446082665
-2.3533484824787734
54.91341959079088
-12.902703902453892
-2.2190628332268547
54.914098320032565
8.427837477062235
-2.4179711297739934
61.55387468125605
11.134531772729755
-1.5145649285960314
37.81823882635443
11.95682452337509
-1.3935616430748357
37.064876724466686
12.11754014730498
-0.9074746080809712
25.09767911586881
12.107137246983342
-0.8296174225286042
25.046032477388593
12.178300475062274
-0.8808643058303387
24.540478426769866
12.272524098581293
-0.8692208327376776
24.298105626131168
12.24477349386763
-0.8254074980625316
24.39441608421399
12.174201256432298
-0.8324917032653211
23.52516758179832
10.690181910121401
-0.6019115224999829
19.765825466196794
-13.388985174221492
-1.1023669800902636
41.97429264540045
-13.82846159275461
-1.1029494081737334
41.977212436054465
-3.131289878612189
-1.720266660712461
56.38319329737335
-3.1927369243846733
-2.0110689643152617
73.42910004566924
12.210124911523877
-0.6301681721929935
24.347543806496624
12.143450560213939
-0.610769277117316
24.49316309741938
12.237835919453422
-0.5549178764139205
24.25237227154208
-13.828966193796681
-0.712299712988369
41.979186923818816
-13.216803871872855
-0.6594335828390385
41.780295900097684
-34.51253727975354
-0.22371695512226783
50.99829763071711
-33.668406505142386
-0.1603289738921788
50.082331150268374
-32.837864128419845
-0.09925995323723177
49.78198526259125
2.8785823506698267
-0.3487190868060487
80.55991978335129
3.0031637514163414
-0.32411827691236966
74.12230745421289
6.614163012825276
-0.008361769818150622
19.569495765390684
-12.781190551935989
0.4093627904471824
41.78279558694591
-2.510828168359811
0.5508218087556208
68.15293339397022
3.130456975933807
0.3144810873757748
36.559302594638325
3.2799014055364033
0.3539585631521579
36.41871345984904
3.667542138329916
0.3565116336527657
36.55594279694657
-33.73005451073772
1.0415904461109784
50.08880194376283
-13.192899781260232
0.9371122216472582
41.59530348467479
-12.630156719781583
0.8682467962451206
42.577972727823166
-12.830434718474567
0.9434071448604581
41.785817753974136
-12.73332524496928
0.9435358418329356
41.78517257866734
-13.275598475559773
1.0386494625740033
44.96840102016893
-13.011813908339498
1.0531343051496218
45.43563873952503
-12.958928389293215
1.0676974496549567
45.916155000396465
-3.9500226087887444
0.7847935232905983
39.04355675625568
-2.762384616715082
0.7818533990296536
37.32049590667608
-2.1601400381458458
0.7970599127934114
41.1418731271927
-2.104898922503627
0.8525464009534212
38.22827020393719
-12.729607185707676
0.7938679257423213
27.440614001653174
-2.8630405365600877
0.8626630973824341
28.63351476582723
-2.033740756613994
0.9638320875300941
32.49198117631229
4.540761588700541
0.9531723709778971
31.16795631580912
4.5506153988931874
0.9258872905657722
30.531012173067523
-30.06612127706979
2.301080930263771
48.91437395914384
-12.914859006238109
1.1666921067226335
28.48131905058466
-8.735826295500582
1.246478830405283
30.799418269007532
-1.7091718398809108
1.1695054595961487
29.238874095403816
-1.7040417679129067
1.189380891927429
28.049249231195095
-0.8108553442100018
1.217201569902881
30.048833235078952
0.2081974346672365
1.2385986932183615
29.305392503989058
-11.393108442122346
1.6718520449119452
30.37821764618736
-3.8528714268586817
1.0658432581608532
22.585128541063177
-11.414472133143791
1.5632567434029276
26.201741971004065
-6.47182506342233
1.473882543159014
24.530492171238027
-1.918823449299103
1.210362122155092
21.318518061341763
0.34171701272282695
1.2245717749701224
21.869085579942148
1.5349832728616861
1.27038118541513
21.89608062516475
2.1641317525726333
1.4303235690587326
23.868091255465167
-8.390464323495184
1.462452369140719
22.356000586512426
-1.669561457548436
1.3303521989688216
20.590234223866748
-7.474647279243604
1.4631088089059863
19.67061784184655
-1.7914001705640106
1.4879679133661234
19.632945996241318
9.222565490249746
1.6373696827368616
19.786885692126056
-1.999615492924096
1.7129459722565885
19.63546591773791
2.377441315512816
3.995286990212453
36.03160956269399
-2.8507744340175396
2.5164694356880744
23.7293505287809
-2.731187607658464
2.448700446756781
23.300550780076307
-2.121464593585291
2.145965504094404
19.638462147288248
2.7090707208283016
2.189734695925958
19.910338264677044
-4.309140129120811
3.9697257490745868
27.533028390249036
16.585416312776005
7.488816770923432
41.62321489193646
9.885258659315355
2.872293956469303
19.56227560449348
8.501205239725245
-12.623675004511723
62.268077962756934
15.269963860695906
-12.538504395440166
62.218634066378335
19.54985108345919
-12.720343783937409
62.66650347638005
7.65502700881995
-11.892274976799557
62.75774920749895
8.806233660132822
-12.04419453000747
62.74859966848079
9.189800538824905
-11.96694229852175
62.746116209151
8.576160558541062
-11.786957491621571
62.27124858884199
10.494172463239515
-11.888451227656414
62.73686812138595
10.724372488927868
-11.888140301881528
62.73517125652492
12.379091460552315
-11.933948584525556
62.24260242949179
12.302835346646585
-11.781939656486928
62.243836163204755
13.947287416755975
-11.960537486927123
62.71112627045148
12.911272118331775
-11.78112043778582
62.239365102196125
14.812937365253196
-12.006727285042384
62.224360031415436
14.561257923150537
-12.036445620668928
62.70627313623224
14.660627906611724
-11.854820793797618
62.22616074491913
15.269065603866771
-11.854001556842446
62.221685862340514
15.421074400947989
-11.777741089679395
62.220906235230906
16.556332666498825
-12.033758361875098
62.69159613032614
18.014373829061856
-12.108530924991571
62.680531282535796
18.78150958048035
-11.954028417690115
62.67557578501348
18.244272424505972
-11.878016011904009
62.679864571965666
11.028634156162905
-3.783932693915533
24.542744740216342
10.21635038792249
-2.9917308249725707
20.769803375438322
10.216304863388407
-2.9570763435671816
20.769957879764263
8.498290274410365
-11.277258251472498
62.75427444261173
8.958591486500897
-11.19990271729246
62.75123043930542
10.109697333823872
-11.275087602834157
62.7424230158701
10.570099351157102
-11.27446768998435
62.73903689272912
9.944144584755119
-11.024554760854537
62.26457101081676
11.414269884492818
-11.350065851615282
62.732486889396995
13.486078962492352
-11.34727624379115
62.717249335262544
13.639547602464244
-11.347070575096515
62.716124428501494
12.98622838954245
-10.944401969947604
62.24253572551922
13.946179521503543
-11.116452326658651
62.71488955185628
15.34432068800359
-11.245451991248204
62.22384303390581
14.431466674168767
-11.094569508726241
62.23122970223245
14.94371788956845
-11.115109198264719
62.70755676159779
15.496029691686003
-10.941023559819227
62.22407304675978
16.56089536479782
-11.01564652499001
62.21590672603029
11.005601806069151
-3.5118478340037758
24.544124712807438
10.196999767407226
-2.985499012337047
21.614976441389278
7.509598311845578
-10.419384525112656
62.2851832277773
8.725471749764102
-9.657186622159493
62.27962819372016
8.877481472415175
-9.580926136742377
62.27884474504057
8.497008894001072
-9.429326823971216
62.282315902508344
10.414616589826949
-9.739976222070565
62.7470117432391
10.875018577829577
-9.739355338586726
62.743621809793765
13.944364088520896
-9.735222587966742
62.721047664872245
13.637229072596357
-9.582165572491439
62.723989306365354
16.330833012077154
-9.57089049784503
62.22402750885087
7.574462611167763
-8.976447573209494
62.77131401419843
7.574160169867461
-8.746242599576819
62.772336550642606
9.87616977970978
-8.743143035969807
62.75540593844457
10.25983847470063
-8.742627412134317
62.75258797712682
11.411045097935698
-8.894546948372211
62.74343462355248
13.175918861947974
-8.892170616637316
62.73045448952123
13.636220075291304
-8.814816036121293
62.72741048196308
13.482651614307775
-8.738288006499698
62.72888130759752
15.631397587333216
-8.88886443002963
62.712398971307074
15.477828173954826
-8.812337355356096
62.713869799703474
7.573252958904171
-8.055628223390864
62.77541941607395
15.24651831576172
-7.968561675964569
62.71932615181849
15.553451694375857
-7.9681483854734125
62.71706493118671
11.38438629772821
-7.37192552842433
62.270219469930424
14.017670090756505
-7.12613007863099
62.732115289940154
14.938676716381027
-7.278360557613788
62.72466261578304
10.396403732690601
-3.2011302776902637
30.85786832096424
7.647869867392097
-6.44409066759193
62.78203570136858
7.801337076266101
-6.443884523991359
62.780910807254145
8.798975743419273
-6.5192760469356505
62.77323209036353
9.950081562664446
-6.594460915507332
62.764420852372034
10.410382804085579
-6.517106351961326
62.76138065937007
9.024594565366826
-5.777925986469752
62.294680498665144
8.339003926595607
-4.94223250119849
62.30344090465003
9.027160663518304
-4.984266061538346
62.77838137021272
11.083864377883264
-2.6309856424579348
35.643098306143756
10.119236765693886
-1.5663992146086252
23.870932432789097
11.856256907600649
-1.6246119121787788
24.504061308408
-14.744179032084402
-2.8266617175000754
43.42890989189136
-13.307276616367814
-2.6143415060624178
40.6776603367891
-12.720967323147828
-2.4984600076183763
40.340677958932716
9.870323125745221
-4.292515145377079
62.77524871878242
11.960008059273099
-1.3377111331892848
23.743013029311747
11.946766490387716
-1.2975863390404139
23.78155755275705
-13.148106124523661
-2.1513114276628786
40.511084863144156
-13.328266332293152
-2.016564533343902
40.51301042399862
-13.103288437821892
-2.0162616181366766
40.511357684297636
-12.608216619475183
-2.1055879091854908
40.50731240386672
-12.629562163851306
-2.0253957385636423
40.67529195857922
-13.57991924166581
-1.66480869368038
40.68389141436873
-13.41890750863032
-1.5217248995869446
40.51587902585833
-13.214984929096444
-2.375793014398227
55.8029989019266
-13.148538171819379
-2.2424580728371626
55.803099166705486
-12.067990640189233
-2.193666127838818
54.72467103807137
-2.936589061610835
-2.4513111908806726
57.6266245866695
-2.993259166741371
-2.8552313410918524
71.91986371471245
8.640165453036982
-2.4525286095506225
62.79249300071286
12.04977725464505
-0.8760268114358188
24.463991513483887
12.224324425586865
-0.8475487944580031
24.338217906237993
-13.625746872791947
-1.2125371599410795
40.68624078221139
-13.698059580954926
-1.127256699667619
40.85639011986909
-13.125700307446097
-1.0666162967521602
40.350025088687744
-12.789559961413303
-1.0709125280139615
40.51325404795078
-3.597372481653431
-2.0794542081034013
70.00943585347453
-2.8129858398822964
-2.3671587988393075
76.14102561167859
-3.1499766010516907
-1.9987959166703975
73.27173994112323
12.031536018464724
-0.6477381471361408
24.381846293662417
12.183116461912578
-0.6657421018566956
24.257329134692828
12.188802699446823
-0.6534256876256058
23.89861374825491
-24.080859364011033
-0.7793387820843203
46.762417031949326
-13.219247989126762
-0.7596564887821691
40.68526151290561
-12.700041897510943
-0.7108199005830216
40.51419518816026
3.1981862426402254
-0.23067872667176822
37.65899439411964
-28.01500334810186
0.3864700476492068
46.09749235199378
-24.56562313437393
0.240585536538456
46.77052262400845
-20.125944904239788
0.3032295219531852
46.97700735112933
-19.927085109791975
0.30648626511561167
47.21746843677144
3.1134983495588138
0.31460391263641585
35.83653470976618
3.5217184812160482
0.31313419362992434
35.71186056083339
-18.946792940708715
0.7677617092847294
46.0324402510609
-18.120320689048945
0.9677025402768166
51.541045825636516
-12.422659768023484
0.8403564462640204
41.1996557578339
-13.97236446017384
0.8849215398211386
48.175263598836246
-13.924118869150377
0.9744877293836246
47.42124691253463
-13.848225192313402
0.9818666203540721
47.66885345460922
-13.586267615883823
0.9352349660353543
50.05182723049063
-13.478122641639988
1.0124292419624765
48.691441976151175
-18.746399218614382
1.4104216622570083
46.26396963149199
-18.419484403088582
1.3871771481807116
44.496101489962854
-12.79161077704928
1.1475968269693988
40.859838284256824
-11.645584160341102
1.336982165643763
34.019347133703604
-1.6678549488634344
1.0885987776224821
30.021687974950574
-1.4406880511201063
1.1359094606232651
29.796547109254213
-1.6806223836600203
1.143105050423729
29.435758171790113
-8.291264737020066
1.3089707453904649
28.276684804929282
-2.7318933191192354
0.8028373232717341
20.881992605734048
-1.6483005200052476
1.2834119087548255
21.609211038878378
-1.6929816221149585
1.3413819457124747
20.87674134083023
-2.1531897185906415
1.8134252728540068
21.13433715970373
-2.1961464426359183
1.8605231867877063
20.88275547090624
7.449773852878562
-12.468218450052035
63.03463402236128
7.667028681535539
-12.044483452120176
63.50605699153775
7.675118402177216
-11.71407728069926
63.035220377279316
9.035928504800038
-11.96691296118951
63.496172332534954
8.503381149683326
-11.815388738618848
63.500556490744295
8.655491804153534
-11.815221435809617
63.49943669686534
10.651157198335389
-12.147272845952727
63.96388362958518
10.958091576579273
-12.146933308899557
63.96161637714525
11.54581335748034
-12.040191696514515
63.47740150470254
13.903257801565847
-11.809414331546376
63.460668868150655
14.816161283549906
-12.036573971110103
63.4532442097222
17.01980092807941
-11.910020193766199
63.91751965773794
18.390481250542873
-11.804451450195286
63.42753042511111
7.599159487248237
-11.18643622301997
63.03735711595658
7.184379995051705
-10.75731708651048
61.674808379118794
7.394289762593722
-10.848415651695504
62.12075707841673
9.947841566195596
-11.28139563708947
63.49147619130824
10.086862844428193
-11.108294704627912
63.01920612667162
10.086701321575
-10.957517661407397
63.01966131564674
13.177832241839653
-11.180265946823189
62.996152577473914
12.839003809974717
-10.860578241953643
62.5360533842061
13.522161503964707
-11.049272151115856
63.465758594976094
15.195610512222638
-11.27559142483779
63.45271977662361
15.828362257426429
-10.932005751437606
62.51374855555534
7.209051556491938
-10.523860631735147
63.51398165281271
7.056695003063342
-10.295860613357892
63.51578832617449
8.94362134762893
-9.864416754576913
61.224281530206326
9.285220545884734
-9.616340352274038
59.53391417765293
16.49381682517003
-10.196536172507642
62.9745805657588
7.588335345157755
-9.610764919766947
63.51390498249136
13.368567675273747
-9.680425941604327
63.47098067777689
13.824895737455806
-9.679922095889498
63.4676098862993
16.410586665000007
-9.524948426116827
63.44896416266005
10.775070383709615
-2.7147690414497987
23.29542604869771
7.402354636493079
-8.553389188731407
61.67977787903118
7.465807941463036
-8.477474178719255
62.12731137499385
8.427390622285014
-8.623447469211495
62.57533117744123
10.24950488988898
-8.923312543980465
63.49629130767275
10.477586495768444
-8.847004060790004
63.494837420713694
10.021175953545676
-8.771452753897378
63.498432087536244
10.401366248152195
-8.694975039889977
63.49585079734486
13.90012556448355
-8.919274153125759
63.46932502686988
12.98730644371341
-8.768171560009247
63.476521975578436
13.71692765361303
-8.844254494788824
63.951089316440836
13.139331725908143
-8.69194623535963
63.47562227216659
15.57307979595224
-8.68925397373488
63.45764474458697
16.18168148185443
-8.840694052037158
63.45269497604589
9.471622112440306
-4.320194208668637
35.48598363678933
10.131600756521644
-4.375805938375392
34.946688337453764
10.03044454456778
-4.357675388677951
35.05255965856965
-27.521432755247968
-8.188408845595232
65.24435964868749
-27.20891855602949
-8.18806314745109
65.24205499419983
10.248597905056663
-8.086692639208174
63.49879593677507
10.248432045122792
-7.934579973653133
63.49925133079918
10.723398329008846
-8.003474510878402
63.97572205177427
11.490734751959357
-8.002626144552744
63.970053915724705
15.420146547087493
-7.9288593832778345
63.4610452695694
16.71768975915694
-8.085389133479593
62.979229457704534
16.180855996259
-8.080130243207432
63.45497191941648
-28.21429981858486
-7.155033703035106
63.31406156803937
-27.041596305114822
-7.573934521789277
64.74492510674399
-27.490631159675107
-7.431863655413149
64.25982922773497
7.423018770365773
-7.2397706010294876
64.00239230265183
10.399800591822975
-7.249904467622797
63.50017696732175
10.294228365012609
-3.5982219236487185
35.26566456312711
10.185820456572655
-3.5261198933357556
35.26668098269103
7.729287605783302
-6.6255478079408
64.00195904732445
7.345453016036657
-6.472501537568133
64.00525256720077
8.72593836549429
-6.643304720517696
63.51435425659914
8.954103378423017
-6.643052807994653
63.51267266839208
9.866757593423944
-6.6420432113359205
63.50593110523573
10.45889784850879
-6.584527528651311
63.02996353823798
9.931103711045795
-6.509721814932007
63.03408732342269
7.5932760613507915
-1.9852100837157243
24.364597682890302
8.794803641039055
-5.613600613066772
61.67826883321832
8.500746802729607
-5.39355740705728
61.68109510968886
10.183684030941098
-5.625270818570125
63.98680745191497
8.124493158151012
-4.961830398503262
62.588506048411716
8.348688583756182
-4.961582388962657
62.58684996925683
9.028426221135385
-5.045785437293362
63.51689243663744
10.183100723473487
-5.088122671148614
63.988411730503024
9.952734305203421
-4.934907119418476
63.99057543026357
8.494046140515529
-4.245901104089027
64.00341624141996
-14.223357490181819
-2.041701217309504
41.7348745695926
-13.970111149199441
-2.0317589806015253
41.567311311608954
-13.611875618911284
-2.1656497692784167
41.56426416376335
-12.962345119081071
-2.1546737315410467
41.395495908305975
-13.229570185649921
-2.110438889260633
41.39760470094782
-13.567211296083427
-2.0760757284733207
41.56420344321424
-13.383333265455398
-1.5690758038072772
41.23804640083329
-12.627708901526974
-1.6274125268950796
41.558600045780295
-11.596070853024585
-2.08709929688016
52.99827624755538
-11.86329325581935
-2.0396022308853867
53.30825633044244
8.799066181760583
-2.4806466919045715
64.00642889165917
11.739404709353888
-1.3364974465227724
35.587713758347064
11.95202065385467
-0.8662563961809304
24.80697645019171
12.125707321986186
-0.895889921085187
24.548140412383987
-14.015746939641536
-1.226086655276618
41.57005599576503
-13.826859520109945
-1.0822562545155583
41.242779512632225
-13.586915630543782
-1.0866337819746248
41.40330232048908
-13.165426627172529
-1.090858877936438
41.56417582453888
10.5459717011177
-1.7736797167360574
63.515443500976815
11.7914586452533
-1.091544398552387
36.97965661319131
-13.61342847247348
-0.7332553785203568
41.568554298800805
-13.052998409013117
-0.6852690913280316
41.40055500455409
11.248259399482222
-0.9493452388716318
59.54528454719143
-20.715009219588637
0.3344523793972018
48.19354861341301
-20.683083120911792
0.3378310129618861
48.43523184636012
-19.61849305896674
0.2786490435442064
47.94639855390062
-19.564896298265605
0.3861380295199338
47.946319589094564
-23.486510816245747
0.8652335602486836
47.97673104356511
-19.009242822130993
0.8762473540958553
52.45909789178691
-18.459431652286483
0.9888042868988893
52.16024501621969
-12.316903725421428
0.7005750970053357
41.56325393127204
-14.082550258754011
0.8959311432013422
48.63311124804509
-14.338303011452762
0.957678623925793
48.88331287556182
2.861680460915163
0.5875552715715907
36.80842066771305
-23.821601606636786
1.4988407704027344
47.74518317009984
-13.232997773064351
1.0512193514246253
41.40706800143425
-13.010398856118481
1.0959960469600782
41.40555857891192
-13.253362556953025
1.1334237481989078
41.24515485936293
-13.12051214549804
1.1778716908276905
41.24430579550261
-12.475997924255589
1.052056873555582
41.401478128411256
-12.246963291027507
1.1102570155634903
41.72967788896854
-10.28497282004078
1.1616814337506969
42.925796961707604
-10.081722165047838
1.1474552820885882
42.56910811296058
-9.45723187964826
1.1133429539933553
41.709070795378466
-9.676471450407432
1.1511197826104782
41.545086162414634
-12.25392769162048
1.3233870088306563
37.41119012801724
-14.080889809465445
1.3144818290722013
31.24950578041193
-9.422430182793516
1.3018844711501958
30.14886111533904
-9.158729212661065
1.287491193939389
29.946301478519587
-7.475059138068836
1.321322035212918
29.608361482510446
-9.183744329726133
1.3263691051031128
26.095688175884085
-8.815588620595333
1.396838101574341
27.656906290817698
-6.553088403923477
1.3079448001193144
23.55770176130254
-6.458516277546471
1.3460943096293165
24.478386839434926
-6.320362149657228
1.3893887086021743
24.30399624051867
-1.6719894991558562
1.2396400675427341
23.190521183551596
-1.6362343942143651
1.2494619074488793
22.76401369603155
-6.695582313085672
1.377245724982807
22.12398819688884
-1.7400351376478589
1.3480729275963848
22.08728021316803
-2.4162372915772803
1.7631817998183656
22.0935158456121
6.555696042496359
2.4442117369223904
22.255677424985876
6.853921778351824
-11.852886386984155
58.46067763661756
7.8547247756257255
-11.876119472673878
58.829000548029406
8.801180108234584
-11.985456434541456
58.449763083018496
9.208154894576985
-11.874925723831602
58.82161889295045
10.143859743491259
-11.78284126216394
58.44286352925126
14.648711862390138
-12.26329154129028
59.55671950515893
18.00550657517167
-11.934838857232295
58.773469494607035
-28.998306142548824
-12.454924868493647
64.022139667192
-29.328760097973706
-12.411695767749992
64.48758228926046
-28.599956150237418
-12.747046654785732
64.9546528978333
-28.625753124330192
-12.782118176376628
65.4348987643728
7.0595635708459055
-11.767584114982448
60.38971602272908
7.002969786686538
-11.466383975272263
59.99221949149052
8.103131346389672
-11.861515699194346
60.78880688746709
8.320016125024713
-11.673150578230567
59.9845915288999
8.005875054538892
-12.286725966408845
62.91717644970568
8.389143792223777
-11.465161337448302
59.984655343075346
9.085856907143649
-11.765796885078924
60.37866265167594
10.297060076193787
-12.463036243982684
63.35206474703638
9.082290646350762
-11.533859070710673
59.98072593170019
10.062561940725978
-12.21145624743994
62.90610921655413
9.677798159278108
-11.937582419266008
62.035827783538195
11.112034807210476
-12.462316463577192
63.34761755138025
11.081679226076929
-11.955309288021299
61.184022800960264
11.260082618763828
-12.314006151213079
63.347123978110076
11.305657325060961
-12.451244992381536
64.26569013471001
11.993377573479314
-11.66991058770267
59.96454653377827
12.299978259361232
-11.762961955033834
60.3611236624614
12.963830152824347
-11.857228441296636
60.76227895163254
12.611544165901256
-11.787094244917684
60.76435455913164
12.047862003460262
-11.646698698711809
60.76772552090732
12.29979580303311
-11.553343939670695
60.36156927626358
12.85877392706734
-11.552850907919645
60.35851901455463
13.348060790612768
-11.762037513671181
60.355400614931234
13.548046857669128
-11.57671118760646
59.564184027901014
13.587356381938708
-11.529885489481355
59.95613863341799
14.07251744774873
-11.529457574207955
59.953494995323936
13.685375517206833
-11.37032308950869
59.56387215550073
16.130713548869885
-12.673158351386261
64.23888460048668
16.724487127817884
-12.818853550937323
65.18726257201915
17.031424424669606
-12.818582825078076
65.1855876601695
17.109439976707794
-12.706729900617823
64.70522342152549
15.571714088795986
-12.206596084888517
62.8760427678829
16.877889004906905
-12.741982902036664
65.18659205747885
17.641828158849513
-12.706259368143556
64.70231825925572
18.382260236067182
-12.338400508832398
63.763749376093386
18.9054572689735
-12.412673592949785
63.760739662902395
19.372283499183425
-12.5195197689746
64.22151564444805
19.53830638104344
-12.203098419694912
62.85440146774006
-30.04567398331858
-11.987755569323955
64.96415519454632
-29.81750900321199
-11.987553360704437
64.96290631896304
-30.12186265854202
-11.835709139578352
64.9648935910626
-28.626350462443273
-12.091497657345723
65.43636307578116
-28.54981744837675
-11.86122314895484
65.43643754993997
6.763880868943658
-10.946901428941501
60.79805746206032
8.526210726912325
-10.997686711636783
60.38334683356498
8.666014696812397
-11.124406001812844
61.617504537669504
10.098984358298294
-11.924583174336066
64.27339793949756
10.872220845949172
-11.951664069344488
64.74086842594
11.531298490516571
-11.847930110702789
64.26573810450374
11.655783652738402
-11.746462764297071
63.80172672289121
11.404477601143315
-11.799081938311176
64.73829043762811
11.655653552339176
-11.596994736718264
63.802044467603935
13.150311122382362
-11.595676413858577
63.79388834027468
13.748173768935738
-11.595149085051162
63.790625891424554
14.028640799392212
-11.620306966205355
62.88571336391641
14.667643377873203
-11.718285494830178
63.32978661807674
14.889780060671551
-11.569908880679982
63.32888875471615
14.148829711431311
-11.49647255081104
63.33308916316255
16.36389099761559
-11.667576509410289
63.77619378742233
18.223702417835604
-11.492879371655537
63.310853177921814
-29.63805701181742
-10.942378498550239
63.57328498706076
-30.046335996281005
-11.22719086457608
64.96577203138786
-28.5502831094896
-11.324073219730625
65.43757561825093
-28.320079204014096
-11.32387016640388
65.43631561452787
6.905557288919504
-9.846785257395016
58.83848999867581
9.347329797538654
-10.125854848742003
59.20434017431159
9.071163157209407
-9.980219394602983
58.82638552801617
9.70492275264803
-10.216427363608108
59.98012154054816
9.000679674347744
-9.769538690287536
58.45337422184093
12.298762851682403
-10.365500897155185
60.36409824678929
12.61588804725714
-10.213858862498947
59.964233016792164
11.991990014358596
-10.075789999632446
59.96793537483353
15.840239589039898
-11.070166766524787
63.78031941349471
16.21390350472082
-11.06983718623044
63.77828038426438
15.65250612287369
-10.222797358346897
60.34608995858777
15.45420835885185
-10.488051258395869
62.00737053293845
17.484296319624217
-10.99398306768031
63.771502738469714
-28.70442347499024
-10.556853746150471
65.44004818120499
-28.873433611060342
-11.141700675111231
68.51106053561469
-29.01688386978758
-11.186440611900334
69.61427614472773
-28.954723596009437
-10.898534372587061
68.51201623709193
7.114879185735563
-9.537674179659534
60.79912673634755
8.096686186992123
-9.827100075980894
61.20482735486955
8.087117422705973
-9.844552709285235
62.04895036700869
8.187072471713199
-9.308363976364463
59.212407667564776
8.086991198439193
-9.700109570751275
62.04925361757853
8.19066725344218
-9.101254074087384
58.83305245861956
8.935289613106258
-9.371287711384062
58.82841500589765
9.489691180024286
-9.44888032574404
59.590850784782994
10.014232264958098
-9.612324933311063
61.19481555602125
8.939477893051778
-9.243100563034282
59.59429072398524
11.109842172750847
-9.943271558019639
63.35297263107741
11.729021047946722
-10.027518821932103
63.80497296795524
12.34827166880407
-9.985238467221393
62.02539149417597
12.088537344782747
-9.666954282063955
60.36671985774579
12.998196586495284
-9.912443597397193
62.021998137405575
12.670745117422408
-9.922287931479653
62.45654192062966
13.149010122540588
-10.101000906429508
63.79706577726518
13.672140176689727
-10.100539493512734
63.79421113322034
13.184387451044035
-10.015531626037191
63.34149499053115
14.793197927176807
-10.174284288742047
63.787935168982685
14.803653852771294
-9.838628567400738
62.01229921196607
14.394548785334017
-10.111448710890768
64.25379545155818
14.735214059356865
-9.439007403730624
59.17638606199148
15.357117569077563
-9.741742934587139
60.75370178199114
16.451388688207846
-10.149043231898586
62.87560892793914
14.462260914535646
-9.302830075487124
59.178168696535074
10.14522776500409
-4.385430456061955
32.841123906953584
-28.474950492777634
-9.712558631996636
65.44057874442298
-28.056221758763208
-9.962784992109313
66.42431330402168
-26.786856410301645
-9.634333395081041
65.43153364143794
6.945413841470045
-9.120565806280108
61.63114714062571
6.931187160799707
-8.624751089422846
59.99863486582928
7.5224855147546865
-8.562255199070526
58.46400402825613
7.38808284523492
-8.42808616240212
58.465022279431025
10.084311868060922
-9.35636427572613
63.815370743633416
10.47376147588882
-9.43640230853918
64.2766297799664
10.717991787017978
-9.517989661499376
64.74687616716368
13.45612423807975
-9.667688194709193
64.73161193354983
13.98838097162077
-9.515105101912921
64.72903013263344
13.455925633858984
-9.43951840181611
64.73209698541322
14.770899823205522
-9.432612124119009
64.25317711097186
16.36968157144491
-9.420005098562386
63.32536669627397
-28.32228521926395
-8.791595943498107
65.44170645731134
7.13405223984805
-8.324827055420625
62.49015736716324
7.901026145117541
-8.069419014396901
59.99451868924527
9.997417564761538
-8.684730761348257
63.36171833826337
9.775021948776143
-8.536747180623264
63.3632424057462
13.337995083797713
-8.83076011863615
64.26227552272141
13.111765260948216
-8.75557089937058
64.2636737465118
13.036245288031393
-8.604858059577237
64.26440184934499
-29.780778393866917
-8.178997637376431
65.45096734310113
-28.859960802591363
-8.17818496982473
65.44593876271013
-28.322886351193
-8.100975435922964
65.44317460416748
-27.248537111902536
-8.176764141467292
65.43714927350574
-27.276422603324605
-8.243219284400128
66.42370775681252
-27.478872716031397
-8.023495643224388
65.4387317077217
-27.339946960818043
-8.01619256663299
65.92681634545654
-27.066472416150894
-8.471080153760191
67.44516721702358
-26.023572875468783
-8.169886463706831
65.91930843904213
-26.495259518890574
-8.086267698041091
66.41977651069907
-26.023703871274563
-8.015031132672746
65.91963380081351
-3.119349614381663
-4.506583202441558
40.69763736652451
-2.5212651809725366
-5.4649829071881335
47.657030169304264
7.218111190166206
-7.999945583713615
64.7692009523794
8.282889462599238
-7.99900547075458
64.76339061540455
10.774133238321808
-8.079127640271448
64.27786902953038
9.838358710158992
-7.804271642089897
62.9166772826796
10.119693604145132
-7.739523105847891
62.47510486881755
9.626200265260454
-7.795981698470827
63.365626009529905
9.774377056165944
-7.795851479919305
63.36481742948468
9.91168745049278
-7.657294195759241
62.916592567858835
11.401299936516395
-8.148368589873161
64.74605126034676
11.629466845595601
-8.148167341334304
64.74480618696
11.678729280171746
-8.002940044419494
64.27309268956819
16.11667776437979
-8.068152693502473
64.72047764283685
16.3447132240282
-7.91583793096981
64.71955593283083
9.608041664435177
-3.699287950995599
34.911041581841246
9.67571337048505
-3.699228267026277
34.91067421463083
10.447333067152558
-3.245045852929301
31.03824524494126
-27.750068878797343
-7.2838232921422135
64.48984893682434
-26.581708633755504
-7.606529653547657
66.9281106070203
-26.573931216050635
-7.4612896120722345
66.42152777526746
-26.424085789973958
-7.527542896996601
66.92742153983271
-27.633342048860747
-7.953989987873128
70.18090013850409
-26.50307161826065
-7.369917574018941
66.92819085331102
-12.804370860668019
-4.103819342067891
40.18400131492958
-13.348505666780726
-5.014642028122681
48.163541422624164
-3.1353224794155627
-4.106391650519316
40.843894875604946
-2.868790081345818
-5.255002094123348
48.79630539484069
-2.744582484217795
-5.223715665695574
48.56269185123491
7.521738081886141
-7.315167873509032
64.76899600925327
7.521538503182603
-7.086998073365941
64.7694772516888
16.061120769693254
-7.258545758813743
63.787198459721225
10.449473454436285
-3.279403902896304
33.57319065118657
-24.72399897097917
-5.751434763370924
57.91557044853832
-26.23859170387918
-6.249580488400922
64.02024484510105
-25.870065510774968
-6.621210502111564
65.92175154469147
-25.715184542849144
-6.679224519335787
66.41850275595903
-25.48307164068146
-6.4660151646387325
65.91997204925651
-12.86659922513769
-3.709387221756859
40.32497342003656
-13.867354309858554
-4.517077265490234
47.07110440511014
-13.401228570313528
-4.647854576676581
48.16460721012224
-13.31975565862811
-4.464647445980711
47.93997217624603
-3.712014228387409
-3.7182023230673016
40.41612667863235
-3.569938470620965
-3.6598680529724774
40.274328639050864
-3.6939663797404587
-3.5773388625329443
40.275180724717664
7.444954071660369
-6.478613018335409
64.7711895567304
10.069312827479182
-6.165620023590509
63.366665317428584
10.959001135948617
-3.1494416429814533
35.98789214741565
-13.058532106853237
-1.9929779906759293
27.53735104933304
7.475630982299875
-5.501101315475127
63.38223682760217
7.25330080985782
-5.427208019233229
63.38360338598665
8.453022389126525
-5.227237387754089
59.99753782015768
8.179590109392004
-5.11846093723246
59.60718364221937
9.462232181334391
-5.48225370975375
62.483477817063005
10.244314291994222
-5.667132931727655
64.28587339837058
9.698224528153261
-5.425051062616831
63.3702617965519
10.454594136982882
-5.469877421603251
63.82159304740178
12.238603275459205
-1.6781556644837938
24.881727585940645
-2.21931663009042
-5.654284130243347
75.69611065174097
7.674085139066598
-4.535525664887266
60.80668417206081
7.949995082839923
-4.500125329099601
61.21693088712118
8.882604903696274
-4.684874188646565
63.37628401797385
10.105575272056397
-4.95513476546151
64.75990120216913
10.243592486327227
-4.8378504598333105
64.28764013265582
10.379210090582966
-4.722605107784607
63.82358957691996
10.892001547030711
-2.076719289924745
32.6085629908674
12.253434419659605
-1.468448560350286
25.174516835350545
-13.4343084071049
-2.419487318622515
40.75837269989039
-13.013331620867636
-2.314766625739632
40.469874906283884
-12.537237127211531
-2.345562905487729
40.32606640433645
8.017259118457861
-2.744154700245118
45.92209045812349
-12.721600263913814
-1.1641809877494498
27.67153226088741
-13.013621675249464
-1.982616451637138
40.47058291605359
-13.22124856056067
-1.941280734443262
40.47180397058703
-13.221320848833404
-1.8582430962436451
40.47197858777361
-12.124338401364108
-2.014645213893412
40.32451631626762
-12.289647425884723
-1.973471604072263
40.325504118040826
9.896426078959538
-1.6580956465477272
35.296610257507126
-13.346165541775541
-1.526202782239267
40.473366273953424
-12.95117883200759
-1.4782247666022792
40.33016569670559
-13.53649590639066
-1.4493014499681633
40.61708216088483
-13.304719288896745
-1.4431285277721413
40.4733162379179
-12.340283158972412
-1.5935156696398276
41.04621662750746
-12.6769080871121
-2.1731518617664056
53.60764992126054
-3.2003521842431932
-2.2442707169058522
58.167897357107066
-3.373626569362571
-2.162623809919147
57.806636828211865
8.886633145686499
-2.598455781302891
64.77154997505663
8.733071759836758
-2.407307517906675
63.837490152143445
11.881435426040198
-1.3950947015596258
36.29919012571796
11.876952422533535
-1.3095022855038094
35.98678397390277
-13.143525542430918
-0.6961937964126538
27.674828075707868
-25.45396404182234
-1.2118080052663969
48.69516570519359
-25.505705044610117
-1.217987194974972
48.928436928250356
-13.097416699989996
-1.110795248058625
40.472889537681525
-13.561246689014371
-1.078035287725895
40.76191095600568
-12.972898210771811
-1.0691665668379111
40.47229621620674
-13.034211926782673
-1.023786734677325
40.33158285359445
-23.59210543571012
-2.0618464164315737
71.3396814362987
-3.4056837781195206
-1.987904455303795
66.81352047847149
-2.832546224056396
-2.223454131158504
77.1121776846548
7.300885479128953
-1.9002580734167838
64.30993063003949
11.588867713189781
-0.9684568819967513
38.985526429356455
11.691473862555288
-0.8863106088686827
34.81181117839569
11.314085187917689
-0.777195049522869
32.083362039004776
11.202592148756471
-0.7464880591881692
30.973449643819883
-25.98812685902199
-0.848618008756417
49.1677663534235
-25.612883524714903
-0.7376496702150498
48.93004082319085
-12.99318043211645
-0.6931969750003987
40.33206008326561
-12.70279080925997
-0.6558793389839576
40.6142160184666
11.54542715507418
-0.9393722291824047
60.793179333765025
-13.244467534868468
-0.18054793232041658
27.951690780389928
-12.471933638820952
-0.28052086104383933
40.75765629301342
-3.6592993547936965
-0.4366689238338182
73.71554553056724
-25.72050224969108
0.27035270388615473
48.46962363624654
-20.316911425951563
0.3147281259172007
47.547215622295525
-18.713526642696323
0.6004966391992524
57.896233929491224
-2.8576510303182663
0.36781814719391615
50.01798491132567
-2.441915075481971
0.49574218221214705
70.06130587707402
3.751245767753789
0.24499330039718786
36.34704744981654
-27.047299105324743
0.8558073880060313
48.70824887195337
-26.51193826658968
0.9023708262318558
48.47528443201568
-19.28774654290946
0.8057286386276931
46.69140918986148
-19.22162948370895
0.8762291874937498
49.13448845886279
-18.395962430941488
1.0154808909558042
51.93432567291921
-17.570526791370874
1.0239052864221394
50.35101807073892
-18.234086969350116
1.044275651635081
57.186267292209564
-13.689062106117001
0.8811089218329625
49.10429804918519
-7.024185424620491
1.1950104590638215
57.476830263636714
-3.4764967575349215
0.6539281822924705
40.855850484593596
-3.8294210545389604
0.7022859779830506
39.733733861009966
-2.8465607603718897
0.650049926738287
42.227322284331684
-2.787665310992494
0.6589561716604067
42.54997176763271
-3.1991854792490506
0.6938128159320758
42.22934189768512
-2.3996623976547773
0.6637946656612237
42.71186067720773
-2.05457646173999
0.7440869301342141
40.995028046352495
-0.5386214409521421
0.8320484967034291
43.7230836948133
-0.2613866517654406
0.8322930242577068
43.72157086519531
-0.14281080693229803
0.9432258803632921
47.22181401211837
0.6500200676691311
1.68495261230793
70.62539799740945
1.7221856769928818
0.8928151673591733
45.56727994483141
2.8915682484603953
0.5307148800907657
36.35234432502731
2.819918434146668
0.5664616655874437
36.35281317099532
5.664060547836261
0.6620414216167082
38.14616105745245
-26.45957757269015
1.324227801174858
48.475893404317944
-26.729546406790483
1.4927094873328035
48.707865271657546
-22.856614635868052
1.3554365824074592
46.71205663464809
-18.816154300207526
1.3904423092585048
46.279221370281746
-18.89809354173074
1.3642033743800732
47.982786278302584
-13.059991894444892
1.0186006893056723
40.76362379673135
-12.933258902763331
1.0898466341365436
40.476659288679315
-12.82947094454997
1.0496038071468283
41.5035461338872
-12.616717084106
1.0372885727411927
41.201509296109016
-12.82948508988326
1.0796473375004925
41.2027605845735
-12.323914855352863
1.0674184500673016
40.90502505657235
-12.239658063056572
1.067492766524525
40.90456527960397
-12.287154796078795
1.1384628352624737
40.615753130001586
-12.498980700996974
1.082274537813628
42.280928969206066
-12.47158948001698
1.2368231310946858
42.76805790036879
-2.2045792752361257
0.8243437227867825
34.98512034175526
2.739215043409184
0.9060648500614382
35.93887063498316
2.8801046605357787
0.9061891261014071
35.938098006243294
3.646242141104982
0.8238472619165078
35.631238167726536
4.01299640715797
0.8200476873481933
35.53001756503712
4.6901523676194
0.8533117976847566
33.28238426974111
-12.448724445775685
1.2879539254746872
36.75821482003633
-12.066882563274799
1.3644780596615227
37.42231790331829
-9.02233728153092
1.2079640138231456
34.20439922480387
-7.214136890852691
1.06334550199213
31.34435967864099
-7.860742396733873
1.180612605561628
34.82982998979798
-6.881331511210221
1.0267597283586545
31.208313532442716
4.506041942478267
0.9033128319630792
29.837585871867134
-13.279311023017126
1.0131589913067176
28.335923537290256
-12.328287552299187
1.3478017740880215
32.589739476608706
-11.8610164462642
1.3729808388611122
32.511629768329364
-1.6361754440281608
1.1247948859494847
28.983576239312235
-1.6612959761206976
1.1413307281356302
28.22414526479035
-1.4139942831227945
1.1779523363760922
29.697343617694962
-12.2529556568248
1.526804790427025
29.643581982020358
-12.0803438754166
1.5059940740669422
29.699256270673843
-11.513367065185191
1.4635144464785517
30.102606641767508
-10.515533310212689
1.491505463902004
29.805050254791475
-10.324925806615374
1.5128139847738347
29.74669620651443
-8.134977823229555
1.3180082163099518
27.606763056891307
-1.6268181122184737
1.17742121218153
25.988519736130634
1.7643176133486418
1.169392078994377
26.08086941534062
-8.895452767720936
1.401974355701085
26.21438950427283
-8.743711528334243
1.4285664057918908
26.064679722740117
-3.9919551395028114
1.1528396850786018
23.322131158022074
-1.6266403070907178
1.2146083389997768
24.182624138583982
-0.1762107933856038
1.2191029229112624
24.0344855009978
-7.277827057625996
1.4033676645635607
24.12937292935009
-5.430262047032784
1.324845255711415
23.330348271183034
-1.6702796368794737
1.3454889282450493
23.309865443436173
-17.228947518297915
3.220232762695265
34.88529655579222
-7.041839886212377
1.4966977650026587
23.339508036861687
-2.346597516495068
1.9860065085857472
23.314915869112156
15.587712717330547
-12.48810547163917
62.413413290487014
18.701338582560624
-11.939942862227818
59.660780632357636
18.644594953003146
-11.897537236924444
60.0349025832585
9.663379728859958
-5.242614686020026
32.62180750466838
-30.093914340091278
-13.260310593261671
68.05531150820143
-29.741924546843403
-12.985174026308734
67.54850155756709
7.5448996278772595
-11.38657125851707
60.064633986847824
7.341513618400787
-11.251783321341728
60.06559713872239
7.553155986243319
-11.097621770290898
59.69174990770395
10.26413279394258
-11.39979659016133
60.43749986934516
13.663936170619353
-11.34945257923725
59.67548303118844
12.958664344609835
-11.371737677888609
60.05102360090906
15.089704088336523
-11.47633510122465
60.81091082210474
14.334636142217747
-11.079040683387904
59.674701039312325
16.172656627097396
-11.797015928342374
61.59761392983046
17.22235148057433
-11.272559299586492
59.66676309761993
17.695706432976614
-11.35875733388377
60.039110706861095
16.953410866153877
-11.139008616035333
59.66789131010876
-30.355822769664243
-11.938269470363679
65.61511184427988
-29.211313442467375
-12.066384814053592
66.56370918076634
-28.72415914323236
-11.884759696001227
66.08292740714774
7.4845457983137855
-10.560659463925264
59.693730743098676
8.079577450131191
-10.723687056884469
60.44528822692139
8.89473883795631
-10.623938867449288
59.68995561406702
9.573212346597968
-10.704289654915593
60.06181297086353
9.230273188536382
-10.555876214310048
59.68934192593206
9.028475540517917
-10.422141547832824
59.690297524065386
9.43133626991559
-10.42103868599864
59.68928853016701
10.720479680972884
-11.04335005987742
61.61390843691469
10.962725762373587
-10.868845861428344
60.82336939948766
12.117621726522353
-10.615109215061613
59.6818569899482
11.916007478689194
-10.5485173563079
59.68258608522725
11.714210793963833
-10.41478270005993
59.68354549562652
11.848497711916597
-10.414415723786943
59.6832117052913
12.889143616754293
-10.695203119195174
60.05347279704068
13.057261344038235
-10.478246085203507
59.67994297975159
14.736211130707423
-10.60793337870397
59.675269956947645
14.8510779927116
-10.486810626122214
60.04922389603227
16.95194364462633
-10.601862326743634
59.66969953114797
-29.729065405650097
-10.724949549516992
63.37779194755131
-27.851425167240848
-11.0080535034648
65.14837718787047
6.849576510172195
-9.908542069636047
60.45113225370302
7.415200566911134
-9.75512496407751
59.69661378206044
9.16147863712844
-9.951771089991647
59.69154545191511
9.027009297118715
-9.884997188943322
59.69211336559976
11.91435686660172
-9.944228272134968
59.68462462378423
11.980949649093617
-9.742614938057594
59.68513915053566
14.967021257267486
-10.090929021162447
60.4300358318867
10.22745838565832
-4.376535557371045
32.48734669448371
10.835167753609552
-4.141637163685508
30.37020657129782
7.548204152585829
-9.284755471437435
59.69786552015775
7.749450621920031
-9.217059784341926
59.697581810092075
8.152310871878914
-9.215955970148922
59.69657282060962
7.34622405544485
-9.08387704095834
59.69904762196492
8.017657640014779
-9.082037342510652
59.697363430118095
8.891070813410753
-9.281075083656402
59.694485696889515
9.293931540203495
-9.279971268156885
59.69347670620829
9.024807515972359
-9.079277764039936
59.69482760688788
9.427668242765101
-9.078173948540421
59.69381861620665
10.23393796329985
-9.277395661076469
59.691109683868845
10.449252922589908
-9.348441158230866
60.06416322114538
12.208726968433862
-9.34362120966239
60.05974365590294
12.344070535388305
-9.343249417983834
60.0594034008502
13.365388081884138
-9.487160384918617
60.821958385947866
14.531113224412046
-9.26562150777547
59.68030644124373
14.396461423049494
-9.13170287621766
59.68109704715588
14.84756689650843
-9.20104565700187
60.05356517120177
-30.620646418647716
-9.520964543982563
65.16037101670857
-29.79559231287588
-9.453885093561034
66.09381077238811
-27.29922064853446
-9.759076719090181
66.56665597662946
-27.376583474832593
-9.529081680958551
66.56762165965519
7.479043761495449
-8.546363788235933
59.700525867332416
7.478493069270428
-8.344933446198967
59.70120156886478
9.291915081413133
-8.541396565923904
59.69596824807624
12.206692712227374
-8.599229154128174
60.06225482712976
11.910138648520693
-8.399935124348495
59.68983803305017
14.778045214985168
-8.524511100921464
60.05601436973094
15.116405569385186
-8.52358400196887
60.055163720459916
16.374449577585516
-8.931664299970604
61.60675112373314
15.975816847589643
-8.654946720863242
60.818173295934564
9.802201015691603
-4.269507343693948
34.90751978925815
-31.394228270363026
-8.925869064129929
66.09961832435353
-28.836023611206283
-8.995931180588691
66.5731028996307
-27.548608377920072
-8.838584070071462
67.05921140032493
6.953497959576809
-8.124355962554393
61.234795621888274
6.924746058890897
-8.043190373317916
62.0385657351626
7.526078429009736
-7.860404896854465
60.45632043546641
9.222753739259959
-7.803005839000761
59.69862859443132
15.519097036093457
-8.019641086059515
62.01695162260371
16.70280898584338
-8.214408301490106
63.26908042390159
10.433751076377249
-3.2522772773214466
31.04816587498981
-27.303414573552327
-8.22437554244245
66.5718370326803
-26.99647281060457
-8.223534993616319
66.57106155450819
-27.610773649583223
-8.071746513085566
66.57312259845925
-26.92015418869281
-8.06985375610922
66.57138635959394
-27.227307456954996
-7.993960490190532
66.5724207002085
8.092463219207868
-7.927626100267803
64.61250056117017
9.434256653653062
-7.241291368320859
60.45358989085666
9.638697872081616
-7.172522165248452
60.45330554839916
10.850491694307886
-7.47946456319398
61.62557840670021
11.19947375459456
-7.33876244250731
61.625171516702714
15.906991409886247
-7.711037044921014
63.27278691955597
-26.003413511450617
-5.957177651360908
55.72424861687047
-26.8457276883246
-7.225558153898726
66.57404474633447
7.81562705496797
-6.794323311139529
63.296289686777314
7.773608501439148
-6.579544530418602
61.63637180827951
9.295975176887968
-6.5595755723961675
60.45623384574553
9.171253960823597
-6.645587724608882
61.632619035568794
9.629239351584834
-6.440775790990578
60.076024962664725
9.43202185864181
-6.422783775759668
60.45635108227346
10.680184550569024
-6.2742272144629405
59.33205640641786
-26.81781068110701
-6.37172266886216
65.16137758401419
-26.15657543673143
-6.686520074138293
66.57412053995472
7.772272983270696
-6.090436759616046
61.638021787318266
9.42474475563961
-5.899956267118569
60.078361654994026
9.082964784488858
-5.7890771395844185
59.705757509000286
8.814208534849282
-5.7226697508186914
59.70666302929222
14.899295087129614
-6.070908419536757
61.620104216494205
-30.979211622758363
-4.743040402203193
55.74089130048833
-24.117627663947786
-5.327043786148357
60.930546782012
8.200903058527338
-5.198386675293773
60.46357951499576
7.769790892491986
-5.182092467476328
61.641086043094475
7.927507891699785
-4.994507223078725
60.46495573327606
9.08416625668607
-5.08882064643896
60.08195175663645
9.428481934703978
-5.126814113363628
60.46072678486418
9.701132317443733
-5.057857052336942
60.46026715080447
9.640421787531459
-5.0282820178555605
60.846364689574045
15.510253785687018
-5.5639829529620615
64.1539715894662
11.0042348640995
-2.621286034049883
35.42932728412415
10.805276335461372
-1.5556004238854133
24.490623582416184
-13.454841657689098
-2.797847355153344
41.65336866373048
-13.14186625592062
-2.7847145959768818
41.51147811030699
7.558646444704275
-4.6236863702406215
61.64349872091568
7.713971523167784
-4.552274385879901
60.852831941773616
7.983103574436531
-4.448124890324494
61.24457390288658
7.697819087609985
-4.413685434752369
61.64385071784447
7.90743763726207
-4.413111085141668
61.64332372978534
8.263447407849862
-4.344503295793842
60.85214113094681
9.592438449741397
-4.654479759423431
62.04323893219273
10.133270018778038
-4.731791149386231
63.73016272838598
10.351770562392282
-4.731192476201711
63.729617225384054
11.004761901386239
-2.0565876661168576
32.83653473805382
10.336312587634167
-1.777980829976682
30.325432807005967
-13.829415958961844
-2.4667231480247356
41.655428559769106
-13.829641820566259
-2.3836860744267265
41.65570867871628
-13.16175553911217
-2.443639270409579
41.372883819781606
-12.91536436126437
-2.319599597410929
41.37267969794849
-12.545047022666639
-2.4008278627754045
41.37147183225234
-24.851249540164893
-2.384178238503561
50.07148910568684
-14.204330487629871
-2.0110434472056786
41.65790673009093
-13.970390424438975
-2.0019198855281224
41.51620401337542
-13.433582337415567
-1.8764914187911301
41.51527367763059
-3.1822284965372414
-2.5574492923560337
54.181289917624085
10.032952912803408
-1.6235799289501678
35.70380460480762
11.703584571869957
-1.6911407206888747
37.4518338978712
11.787639819707794
-1.6256048543490418
37.55690966433938
11.739280978268964
-1.574137860131254
36.06772224238997
-13.41084245188987
-1.58077038728735
41.37641722754187
-13.287590225279434
-1.5393110376100478
41.37624580566331
-12.917722175456802
-1.4560546826972383
41.37559282048585
-12.484147730683102
-1.5433362526691023
41.5139957804768
-12.33735426677325
-1.5077021817192804
41.65489039483769
-3.504715176958236
-2.26801160049419
58.3106704201132
-3.295389167980295
-2.2989865198534516
59.01832288223068
-3.332052226221429
-2.5503877551950573
64.65942652342457
-3.0499409287986916
-2.776693760500644
73.65398884898765
8.89458835454388
-2.537178271790433
65.08417139218638
9.770230273858642
-2.208965070790232
60.85553235519032
11.848446058479912
-1.295425371687516
35.882924313906486
11.894149210473445
-1.1989600763271047
35.975501738697425
11.600453402398678
-0.9560814810997063
29.213546178201923
-25.91667903368929
-1.2421542797642433
49.16297117216409
-13.82329093640795
-1.1295639179141914
41.3789769536874
-24.14706190303117
-2.1400028552556343
73.70936196546569
-2.7912963645990483
-2.229328907965295
75.57345078632812
11.749093529279515
-0.8648982318218627
34.9140709954947
11.246080619398418
-0.722716131685181
32.03519151396816
11.190605778232932
-0.6942316228030899
30.996798198875872
11.367194027422014
-0.6940925583165997
29.2625635598916
-27.150715063645453
-0.8958014020891384
50.082298140701766
-26.073937229069195
-0.8779745416626894
49.16459400697277
-25.153378614347183
-0.7567305232732624
48.07942164974756
-24.0888454950165
-0.6909868802096171
47.05559317346077
-13.06487119750059
-0.7185435652897518
41.51824162180615
-24.220144457434653
-0.3484201163023164
47.45854003835868
10.852259104189883
-0.1438149191913526
28.320013075148154
-24.77894479816354
0.24022782130589138
47.060473273996976
-20.78706252173895
0.36375194623225326
47.863125401719635
-20.26242503313224
0.2872042748631773
49.37842973465945
-8.38229350820406
0.6001398611254042
63.362051283045744
-26.51786508166358
0.80038613855129
47.87905564785263
-25.862788395346136
0.8393650026312012
47.46668359877148
-23.26500027809347
0.7030805387589641
47.66389915520469
-23.265409731934138
0.8529815895659151
47.6644048387919
-20.614817003857954
0.6828114523641278
46.659069040963075
-19.08739272753163
0.7244284165112331
46.271734265405456
-19.219781163257604
0.7663429757960929
46.083597677164136
-18.214641126845393
0.8100307665460347
51.02717515127072
-14.050242569395746
0.9050041377780678
48.482563663441056
-12.79697901084774
0.7261292340036902
47.43333397869866
-13.213289643338628
0.928229214849871
49.138223965548626
-13.498630729399451
0.9716808540005433
50.52893026565083
2.791363855447974
0.5554066042723377
36.00437849558791
4.3693311956521015
0.48013696232027436
36.76590495446441
-25.91462600493964
1.1954946981369114
47.67224258430705
-23.330549664278614
1.3430889062052942
47.46198992287515
-18.660785960851147
1.3558840617772316
47.450249980820175
-13.152136726211141
0.9753045708424007
41.52416234414026
-13.465275151741382
1.0218548107435403
41.66625423513215
-13.23500062018219
1.057715987150108
41.524648873836014
-13.359070254546609
1.0986952040577274
41.52510179974274
-13.152588175451102
1.1405801373046969
41.524719892875765
-12.945993229314318
1.1411462023169945
41.5242005062572
-12.614989102995708
0.9767762227566285
41.52281193661181
-12.449827530021766
1.0185481643943508
41.52253772637242
-12.3816161752899
1.0371801263312959
41.949991020020526
-12.573896220018229
1.059527277549109
41.52298683481594
-26.016060269247998
1.7448581501501668
47.67434799247192
-26.111407404554765
1.7707268451794556
47.268563215953634
-23.909239532519127
1.7046331878522611
46.86589945463268
-12.494294715475853
1.3423058970706707
38.05734338506709
-7.892636356682362
1.2294163390769344
30.879347506992122
-11.941121278768904
1.4811079518242853
30.610525304241797
-1.6344503743692729
1.1465325062217229
27.173736366171696
7.320541943939687
-11.88215370611055
60.87458294676568
7.656260575218934
-11.881389605686845
60.87434459481038
-29.670637911542492
-12.752788475132311
67.20081515437623
7.789324309952442
-11.343936841349517
60.876103396473106
7.319013499712532
-11.210721264981107
60.87691110936166
7.721874897632874
-11.209803186407575
60.876620514056775
8.662191787511754
-11.341947681770531
60.875477587183376
8.661733253843279
-11.140518136205163
60.87617489089987
10.541907541308333
-11.203376616673689
60.87458253018544
13.160357601426124
-11.13026624648525
60.87292990609716
14.369402236198809
-11.328941551983387
60.8713608150902
14.10052069162997
-11.195266926388982
60.87201941668476
14.839100239041128
-11.193583781613064
60.8714866583965
14.234655298328098
-11.127818035506953
60.87215498482553
15.980694025423436
-11.258125409030825
60.87042705665824
15.846102795181729
-11.124144763200057
60.870992605531555
17.391016515323773
-11.389198811275781
60.86894510147053
17.52499923464269
-11.254607067453229
60.86931691706852
-28.172909399401775
-10.71561631891608
61.65810738897905
8.862094993134649
-10.670056185981801
60.877656636765586
9.197812188953874
-10.669291121952735
60.87741447447012
8.92893159310399
-10.535615527319676
60.878069264004736
9.465928556346686
-10.467249522556134
60.87791804752475
12.017691986625893
-10.595720734586305
60.87560892737187
13.42786258914702
-10.659651283890739
60.874363219641374
12.823263848758957
-10.526741722325399
60.8752639835314
14.904868837965898
-10.589141176706363
60.87353013983794
-28.00129237641664
-10.082627047718692
60.9065666732932
-28.804366412183516
-10.782946520346249
65.36839149778821
7.5848367175853255
-10.001530031512061
60.88090120794547
7.718817523997631
-9.866938265637733
60.88126539557244
7.920248697622674
-9.866478271598176
60.881120100877425
9.391862479252225
-9.855027058152489
60.51204993901993
8.857212505815955
-9.716050668855685
60.150541254897675
12.217747082409714
-9.990972104937303
60.877555544170285
12.083001098210593
-9.789848586287551
60.87834971321771
15.775902652734464
-9.78143286691391
60.87568973369819
15.910188195921926
-9.781126844344929
60.87559286974308
7.247131584635453
-9.129433084621224
60.884161207894486
9.060468795295373
-9.326732224838533
60.88215622028486
9.261746651033816
-9.259129381118427
60.88224717407891
12.01448224877564
-9.185712961962597
60.88049005668871
13.088933743181723
-9.250407612777394
60.87948270125745
12.685918545586349
-9.184181875891701
60.880005734023335
12.88719544704241
-9.11657997481184
60.88009287053051
13.357201047063871
-9.11550888169384
60.8797538422162
14.767678288139914
-9.313725143558576
60.87803945218097
9.987068186950713
-4.340765916992635
34.744678422014374
11.054873447629813
-3.6620607804739915
31.244513469736162
11.04092266351599
-3.6420240488827154
31.140679969046094
-28.313677794214424
-8.806074418776465
61.664821088061295
-28.563829094648078
-8.805058292469921
62.44292020639363
-28.900015666387795
-9.234956045928966
64.50086432064718
-28.308892979362156
-9.555313393489586
67.21088959712169
7.589851775272563
-8.460048587162444
60.51819077514124
7.245602663572503
-8.458000644578439
60.886489370834425
7.648311690628949
-8.389939210919566
60.88642739563456
9.327362406126065
-8.587543912245314
60.88452308899206
9.46119036823118
-8.385807865104582
60.88512352971622
9.93134881317062
-8.451880112786059
60.884552066279525
12.08025085048212
-8.581270370255101
60.88253735280355
12.684543901034225
-8.579893250221485
60.88210145915832
14.899977807103335
-8.440557132121464
60.880968053850424
14.765536555201406
-8.373719807211716
60.88129354031825
15.437433299061873
-8.573619706057954
60.88011572228191
15.437125699101017
-8.439333015606426
60.8805767792291
-29.33083595015402
-9.103041568322581
67.69337011508597
-27.873210268244897
-8.946249334583394
67.69285352863557
14.7643147544818
-7.836574045507911
60.88315683198152
14.69686677097337
-7.702440850939853
60.883670132209225
14.96543975973884
-7.701827834589918
60.88347259155114
15.43559820467828
-7.767900082271397
60.88290112811445
15.972748011753495
-7.766676941474266
60.882517478162754
16.300846580651317
-7.7577648466724565
61.25614410099237
10.24014180686067
-3.150150082071982
30.88840378751746
-28.718698618977097
-8.334290887470203
67.69558751660557
-28.692639831358473
-8.035059176892757
67.21642968458212
-28.160243132317227
-8.03384541100908
67.21604183878037
7.242699091308542
-7.182279075633963
60.8909056312132
11.494878430150944
-7.227339036753158
61.261480197217445
10.160401977925206
-3.1861192429465253
33.09238606248755
8.469478716431459
-2.15922470207694
25.682437812138012
-29.44197918686756
-7.053967998624746
64.94158229253846
-27.339903423740473
-7.256851150286464
67.69830633099951
7.644032519055813
-6.509928541645124
60.892939383486926
9.32277611034241
-6.573246074599622
60.89149613509835
8.986752271015636
-6.439724459203049
60.89220316832651
9.32247041772474
-6.438959379801461
60.89195719066972
10.061202812835589
-6.504419589024228
60.891195811932484
10.866926559566153
-6.502583416504641
60.890610805961394
10.060745232838705
-6.302990041285543
60.89189311496107
14.962842354146634
-6.56039294615774
60.887423981341186
14.828249216561744
-6.4264123046736055
60.887989531590314
10.829395811193347
-3.2291262708814745
35.6851856567952
-24.87108916765866
-4.816014549292143
51.191176493832174
-24.650953367006952
-4.843724232100452
51.42683388708984
-26.327344913263417
-6.475394370407389
66.2848081758385
8.916248653194097
-5.7921017121014815
60.5264549510697
8.715923177223589
-5.592688311701039
60.52728720964002
14.960855375165542
-5.687530482629864
60.89044944930434
-23.863857965455697
-5.200572835092039
60.552405404516946
7.640669457280862
-5.032776475642466
60.898052951571486
7.909091514509633
-4.965021557844821
60.89809165438133
9.25242312297717
-5.163390837513999
60.89642569838738
10.058145918817853
-5.161554680366933
60.89584450777761
9.92370562336923
-5.094717366483072
60.89617380823094
-12.41053871263175
-2.750750619794892
40.57323730675507
7.907868756251262
-4.427875308282063
60.89995113370979
9.384722635834436
-4.290222561261945
60.899346671535355
-26.436470690564484
-3.1646531173260626
51.91472262077582
-13.29404581737082
-2.2923508350995556
40.575467687915705
-13.161441010522768
-2.224011701088782
40.69726463039943
-13.025645596099492
-2.215003585729605
40.57553959721686
-12.373392402851668
-2.2135170437849294
40.57506720164086
10.928990382080855
-1.849691918473041
35.77172705908895
11.549030373706273
-1.7279326076602473
34.53046416962082
10.054489943618924
-1.4959033310918504
29.636938600826603
-25.465062495384366
-2.5082805947809006
50.96659530055011
-13.841063681121968
-1.9633434618939445
40.82141607320887
-13.277673506703424
-1.9544976972574037
40.69828193809035
-13.179903163021097
-1.8700451299746679
40.576845679765064
-13.026431655018639
-1.8696952654095087
40.57673497684411
-13.410195382945734
-1.8322019593953538
40.57714264630953
-12.412370943524248
-1.9450314729210525
40.57602461620989
11.607200737960651
-1.6813895587305052
37.168199230777645
11.559990472230906
-1.5804637117603622
35.528464509593604
11.652239103017553
-1.5037331812340382
35.2901911686493
11.565601492534798
-1.216423382962744
29.256988141727064
-13.372526939748091
-1.5251739809477802
40.57817753001879
-12.370935508520189
-2.0725331330948342
55.069546053597776
-12.547666599990384
-2.014070298847227
55.069877216408905
-3.07575574187192
-2.149188677300104
55.93572664201136
-2.991598869924393
-2.742864391793899
73.01573769114843
-2.7948938052560153
-2.870794072325318
76.0862386103181
11.769247495069665
-1.2121846076028673
35.69148106129596
11.5277035537112
-0.9331346984648108
28.474545732361804
-13.395136150880257
-1.145429083603848
40.70116706370136
-12.951354882355972
-1.1405365042600486
40.579201295494634
-13.143280890812996
-1.102606152760554
40.57947440125761
-12.951529560619393
-1.0638013749250668
40.57946884258803
-13.105088408652513
-1.0257835821167338
40.57971236569682
-23.06020296212756
-2.076723393017002
69.20648874512007
-22.537604710962356
-1.981232100976137
68.69959514927581
-2.6828744114921
-2.1711693476932785
73.60738009524862
11.058087690359926
-0.7205835727430144
31.519888386562215
11.38538070255236
-0.7020664297243174
29.25889929525222
-25.390642147544348
-0.8677829861728403
47.98824711782741
-26.428487572948065
-0.7805784984897388
48.58807192194001
-25.049041865802945
-0.7693410866148422
47.98833863856858
-13.105788081076907
-0.7188429809475795
40.5807749256178
-12.607006394440681
-0.7177063101676657
40.58041514029946
11.769669291492875
-0.7888654992325959
60.54168596983837
10.965041707720816
-0.40533105071762227
28.703549344546705
-24.519796911214222
-0.2799397545662631
47.7945688824005
-12.416039216857733
-0.33359335752669556
40.58160305200297
8.01447052413248
-0.18494005769518734
25.68960086172177
-26.41833124027883
0.10650927510766917
47.99236768562
-24.758051941061318
0.11029287626320375
47.991170079267945
-19.890948980077695
0.27107233481549625
48.18548224308467
-26.712544799152244
0.642987591165276
47.994438506663336
-23.673597951247086
0.7535596023121861
48.18991006303135
-23.487742527167658
0.6224478536292236
48.79501084757675
-18.76252112776219
0.7647514144537468
48.186371379283734
-13.167668992235752
0.5123018746887558
40.70673903833206
-12.878375218096759
0.5094439985397721
40.58485719966265
4.302632534258763
0.42725214184460014
36.37460926538066
-19.255177529531046
1.0933055173728503
46.66978393915876
-12.533851096991281
0.8555391184750205
40.58580540422922
-12.188715599809695
0.933061246036362
40.58582005487081
-12.610848395232514
0.9704669871867787
40.58625730795356
-12.073698593109935
0.9716910948492449
40.58586984662983
-11.752357037822764
0.9668914413442945
40.46504320767117
-25.543138270164157
1.7687820336019016
47.99748113764677
-24.766885735132238
1.6131744284268763
47.8012994552649
-24.621439184954163
1.7106174964216312
47.801530557879516
-8.448732665230265
1.7579748930979868
26.06420027828106
7.329658436794506
-12.136662767490956
62.11141852414154
7.59823357845195
-12.136188599318446
62.1116595010062
7.329420826277685
-12.002376435915735
62.11200768741936
7.597877636954761
-11.934760556885056
62.11254896202183
7.732163777292802
-11.934521551146636
62.112665642934424
7.866451348121523
-11.934284467060381
62.11278613136676
11.49221194410178
-11.927884173980518
62.11604312606436
11.626498561258055
-11.927647091577969
62.11616361364102
12.96972783025427
-12.126704280507408
62.116475220150974
13.30521057561247
-11.991826206705188
62.1173694162405
14.178197163289099
-12.057428796864128
62.11785609869337
14.601988281545344
-11.964953043326853
61.750603435211815
14.379390425393296
-11.922786873702714
62.118633623508934
16.097754263529026
-12.406782892312302
63.25747804329063
16.311771307653963
-12.309693185629184
62.872248176796916
16.192390010576435
-11.986728904743678
62.11995991454074
16.03857117375167
-12.105549204566534
62.87290695567971
16.183698826189225
-12.011715971343461
62.493682120191565
16.72977790609561
-12.120067853637407
62.11985270078109
18.475157044143316
-11.915555816648617
62.12230851684448
7.328469895489965
-11.465232131522905
62.11437959452577
7.59704455862372
-11.464757010528722
62.11462057517376
7.865500890777105
-11.397140178676366
62.11516185355956
11.289830610743424
-11.391095494033367
62.11823430137797
11.289593000226605
-11.256809162458147
62.118823464655776
13.169734936922511
-11.320632670832207
62.12021381327878
13.304021554078787
-11.320395588429657
62.12033430085544
12.766753416637743
-11.254200288896932
62.12014883905555
12.901041939433455
-11.253964173641169
62.120273138790935
13.438191269075897
-11.253015838979854
62.12075509166458
14.512847302054105
-11.452548163228585
62.120829533468594
15.855600392933326
-11.383034631719676
62.122327086573264
18.339918067396102
-11.378647626669698
62.12455612464335
18.54123013898637
-11.31115029136585
62.12503715417398
18.138249575766967
-11.244717890896204
62.12496836614788
-28.326261974079646
-10.722461914803512
62.08595162895742
-27.82184525499186
-11.234168372757017
64.41908638842081
-26.731061748588072
-10.885087048418582
62.84025700708786
7.327045163998512
-10.659515212006081
62.11794127344696
7.662644334679655
-10.591779806092969
62.11853516587617
7.3939503818306855
-10.525110356922108
62.1185944947438
10.06913464083174
-10.573876451545036
61.75271277353605
9.935651752053131
-10.440866801406136
61.75318541265094
11.221141862316179
-10.518353451189851
62.122024596556145
12.667558852841026
-10.635912104478017
61.75475370566721
13.168666627139402
-10.716345700233976
62.12288602318986
12.533957127341246
-10.436279505263172
61.75551672104719
15.65298144397776
-10.711958683384443
62.12511124403437
16.257039327600484
-10.576606458260384
62.12625023164711
15.518338403407686
-10.510766787382599
62.12588403591521
16.794187705275935
-10.57565715476858
62.1267283732177
-27.496902236257142
-10.283597498279173
63.228078110451655
7.325619483915
-9.85379923098582
62.12149913264277
8.999674318665996
-9.901218249192134
61.39235588345119
8.60212631634212
-9.843615700227934
61.75463376845165
9.19765577885426
-9.702537551799974
61.39340961831776
9.944342106496434
-9.916318778569186
62.12355216678792
10.212798440355272
-9.848700976202638
62.12408963472634
10.749947769997714
-9.847752641541325
62.12457158759999
12.630090662053536
-9.911577101895208
62.1259619328675
13.43581418138643
-9.910153630230893
62.126681051302754
12.764260378756099
-9.844196381931209
62.12637891322927
13.234264495868432
-9.84336657498791
62.12679680594469
14.375706463731454
-9.841351364464007
62.12782095548032
14.912856747046343
-9.840403028118988
62.12830290920964
15.51750771432016
-10.04076609780758
62.12795563857284
15.718818830568503
-9.97326588634619
62.12843286522275
16.188823899647826
-9.972437048233381
62.128854569241234
10.981557091208888
-3.5965186545946213
30.625472474352954
-29.353589903463867
-10.005231789907102
66.11170355328112
-28.803595920065884
-10.344744545885435
67.91774106493406
9.867025092640398
-9.308400251982711
61.758123056383525
11.4873399145787
-9.175018044782576
62.12819534350636
12.763308020852632
-9.307052063213266
62.12874700439363
13.300457350495073
-9.306103728551951
62.12922895726729
15.986206858019168
-9.301363020708461
62.13164253464992
16.85919153497597
-9.36696370690776
62.13212922381377
9.310854036828506
-4.1777418031252305
34.99577010126592
-30.743148518751582
-8.914493786649752
64.02175486115848
-29.450457202463966
-9.511211589570888
67.45730007903336
-29.45977698307012
-9.280341952064955
66.55498595272108
-32.354011226616244
-10.878007758601278
74.77362915964612
7.400787970482643
-8.646526793375795
61.758857018485145
7.726104631875475
-8.510225770819948
62.12778655715009
10.009347850327202
-8.70762529363962
62.12894538977825
10.143634464090557
-8.707388228087739
62.129069692013445
12.829264211849056
-8.63550291721972
62.131775949166794
12.627595718532456
-8.501572227782699
62.13218819488249
15.783705761502294
-8.69742975458745
62.13413020439276
10.384446776069698
-3.2026986159356485
31.19014518148217
-29.975981562646783
-8.087823729944464
63.23557642042825
-31.245391398035505
-8.767046456654128
67.45899082303619
-29.786326332880705
-8.838700382878795
67.92351970218823
7.45657998654606
-7.973555648924739
62.12992130333391
7.590511137353904
-7.771889569583419
62.13093125656519
10.07482690786471
-7.7675025510501845
62.13315647826539
10.343402050365885
-7.767028859709438
62.133397453024465
16.252403957470968
-7.958026168638935
62.137809472402665
15.71513677199691
-7.8918318379367
62.137627821905824
16.85311670271429
-7.8825438112562125
62.512513701752816
17.60258038096758
-8.00382350483869
63.27826208617503
-29.97575485264017
-8.306130079257784
68.39745309075275
-14.385432398811272
-4.3125395839068625
41.77925337579531
-28.046446465638944
-7.817921978362365
66.12253210463028
7.455391917841088
-7.3021245521337415
62.13288619091011
10.140783102254053
-7.095953388205969
62.13618160838001
7.722778518193992
-6.630219747993181
62.136088238159
7.857065613030224
-6.629983141580541
62.136208724057916
10.27423902269323
-6.625715173097977
62.13838133003696
10.274001413020143
-6.491429318354519
62.13897049120919
10.88424832357759
-3.072282937445805
35.77834388654361
7.721472116821186
-5.891645986680486
62.13935342768417
8.861429507200311
-5.779168188562263
61.77282229457235
11.006281491701943
-2.655032838025381
35.27959430136309
7.7874273575380855
-5.220096825519977
62.142378556943115
7.921596124804859
-5.152716567220777
62.14279171968508
7.8542147229315695
-5.0185492882217835
62.143328265958225
7.853264268136339
-4.4814045061553385
62.145700175598066
7.98743303201019
-4.414024264706807
62.14611715299857
9.867694252497191
-4.544990929601293
62.14721101308124
10.069124182468261
-4.544635765978562
62.147387927682104
-8.064144742072251
-1.5000215097674179
30.49318119672592
9.839366082171747
-3.724612557998763
61.063537475111175
9.642432030051124
-3.659354425865707
61.063650581312004
7.796596918631657
-2.7095112566823585
48.817155996973646
11.68100009166839
-1.7388943138466975
34.74033626933116
-13.737387775371506
-1.932604662164136
41.79034277353091
-13.909473328688861
-1.8661133784444712
41.31452072591847
-13.843239611600309
-1.8800843879063394
41.550392585486144
11.855274051101656
-1.5143487034663996
35.71307544822996
11.884907178428762
-1.4548200210681987
35.713364764070086
-10.03987740881641
-1.2163980441274547
34.27043937574777
-10.48574287732847
-1.159904449185389
34.85644561452473
-10.12319625905247
-1.1333741075723691
34.2707339212978
-13.027312662380842
-1.5038111965894987
41.67229039193451
-12.456169476961687
-1.9923383152835823
54.906990362566845
-3.121149966617235
-2.1923227085184354
57.16591289001164
-2.948212803449902
-2.276857903218025
59.02688008871533
8.453874372232692
-2.398902373795034
62.15543351912069
10.733587957410862
-2.464690736151753
63.688691717063584
11.887927979510726
-1.1972254836477247
35.935079092598556
-13.278467361383921
-1.0877074269486298
41.79448125420774
-22.581923127559214
-1.9955172971377122
68.91207791461858
-21.88257408385148
-1.9643520149066847
67.96091220885967
-14.317371345400751
-2.605085034846669
88.76787069177364
-13.936669146235795
-2.576338324712238
87.87543629412309
-2.6484662083826165
-2.0740604556882736
72.54678404212572
-3.021120109872423
-1.9290907405483204
70.42316241080525
10.413464182996233
-1.8034359364343333
62.53363952776262
11.078787276593753
-1.7016802471290102
63.692373049212954
10.332472777900916
-1.5898661292124814
62.160674404736795
11.43269459331423
-1.2432164813448283
48.44752225547491
11.884542689771937
-0.8430485689670266
35.14965675403195
11.539093320309847
-0.7376846023008696
32.45749824123101
11.406517951794442
-0.7529721787897274
31.337605761876592
11.407657064434192
-0.7253483573696726
31.201998585087775
11.782139378732614
-0.7017735437362965
29.730905209613894
-26.106054895728125
-0.9418797793941789
49.18277604008126
-25.909742860070153
-0.7922157284485397
48.9885299826297
-15.095531623270912
-0.7916210083315671
44.4539671482848
-13.20234206808951
-0.7422647214461584
41.79607490370085
11.46424799388666
-0.8102169087498357
48.26293388407335
-12.876482940836532
-0.3958298719238898
41.67731888462108
-14.458435408771868
-0.299241654798564
87.88503093940312
-25.620043608883645
0.13085204146129964
48.992868979214464
-20.212903235469298
0.23457234467515958
48.80524818063881
-12.515613008096073
0.02366220372804853
41.55998103613707
3.0928669403159468
0.05351595395441466
36.23417982172929
3.063470367595852
0.08746893103799463
36.46602407299173
3.428217122556789
-0.006844747053975864
36.23421146245034
10.994791481015296
-0.002556167289187214
27.299060966137304
-23.950419231038612
0.6788805745533635
49.389162406282566
-19.65878628521444
0.5970553362419884
47.87452867188779
-19.551609370819552
0.6858710808619299
47.69453735510139
-19.741829184802032
0.5931045074189891
49.592102347783296
-19.716039738005936
0.6166498390007178
48.61664871125054
-13.258137180023027
0.908970043900189
54.91908932965735
3.459350666040341
0.31848602666402986
35.8602394734303
3.615968042861344
0.32469906106755775
36.08408326571272
3.3879231491958293
0.3462500015054857
35.78677717905711
-27.078607404671608
1.1964999655027908
48.9962790066561
-24.318505572335354
1.09641463288784
48.805403537726484
-24.608288085042233
1.1441856086380375
48.80535681366543
-19.091854096568834
1.004363537134108
46.320198607983514
-12.668044103527285
0.8701173847514401
41.803674490322905
4.510998935179459
0.7439757129265546
36.62747979905151
-25.574891784079696
1.673590136675474
48.80683563832703
7.2923150290698135
-11.913332645539082
62.303786747425974
7.479984176508511
-12.002816097883017
62.660557178503396
7.737187299728023
-12.093634051926589
63.022988300198364
7.737078810440082
-11.9603902823287
63.02365229423247
8.869781250147096
-12.092727955490421
63.02521044093692
9.202897042418847
-12.092460197987714
63.0258590810954
8.669804535190204
-11.959642329629071
63.02547916216042
9.002919367106472
-11.959375545458812
63.02613161036905
9.869129568040945
-12.091927581018172
63.02716397839123
10.616902546563063
-12.049487807278382
63.3968831780566
11.40146237170922
-12.090699416506569
63.030165253841865
11.489771037626065
-12.048788746552708
63.39859280317321
12.504399388053491
-11.998792156842827
62.6703981414089
12.372123921862997
-11.932789226242777
62.6704667159285
13.133557778685333
-11.95606741013824
63.03422199654793
12.636459544347288
-11.80035694961811
62.671643586092905
13.999766064046097
-12.088618512469228
63.03525818020254
15.296251520313627
-11.906922472976875
62.319463485671534
15.61149350211312
-11.864085086260367
62.67714290996351
18.79663700124706
-12.084777760179113
63.04465346367725
18.463465305043467
-12.01842169853532
63.04433110475251
18.130297423528592
-11.952065633836428
63.04400875329932
18.263488590859595
-11.885337026336268
63.04459982125093
18.663229822378966
-11.88501688258237
63.04538276582568
-29.14604055200739
-11.1727185453439
62.5930837816093
8.534903912371767
-11.379725042016355
63.396133101668454
8.93776746738578
-11.37940335132677
63.396922156988424
9.072054046463517
-11.379294850565547
63.39718517923802
9.793216858959862
-11.20764374499971
62.6690236590622
9.915812683288273
-10.992756882997629
62.313477407946785
11.153562857229026
-11.444771408322929
63.40092930036292
11.556425457797838
-11.444448764734823
63.401718358540094
12.599977344450664
-11.223646752439286
63.03680909904677
12.733223467951607
-11.22354003861843
63.0370700787038
13.132963745798799
-11.223219895628306
63.03785302141066
15.398206616946519
-11.28802860496022
63.04195959003203
15.731268399264183
-11.221138971920812
63.0429421349961
18.321548784905918
-11.266923397744153
62.685396020755526
18.652104906903396
-11.266658681687476
62.686047272059675
18.129755494024806
-11.285840950053041
63.0473058648956
18.37899239685104
-10.985977959213603
62.330053637789604
11.290339043836195
-3.9143327755419755
31.11594009673676
-29.239814706139295
-10.724175030198364
62.957502080366034
-29.938970530270822
-10.739107710885365
63.324104859600425
7.280527441236671
-10.614664854047287
62.66705116781392
7.536129571867451
-10.628099094019895
63.02985887950434
9.305726310928925
-10.102248665368938
60.942174894116036
12.799414990147291
-10.690506738563629
63.039837499748295
12.899935873142937
-10.610164377430177
62.67805368674945
12.70144372135496
-10.411992929544738
62.678647892325955
15.517358202761269
-10.769846351761403
63.41280413986652
15.73078237960252
-10.621536181052953
63.04590916016569
16.73018277851014
-10.687358694026383
63.04754022828292
10.899338793182302
-4.368469155517555
33.83189479118064
11.240910196261797
-3.6914874112512526
31.079249633637335
11.283669042376426
-3.691453405069657
31.07933338115096
-29.67099412987528
-10.000319293309287
63.32828647805378
7.526715252785396
-10.104814714161275
63.400477414304206
9.934024995553019
-9.959953612451882
63.037865082865665
10.548126517795346
-10.035252296248052
63.40672801322388
11.152365509788734
-9.967625756096629
63.408248084261224
12.798875906747398
-10.024282090301671
63.04314224623448
13.131937689838082
-9.957393410924562
63.04412478647346
14.664324496777141
-10.022788094518335
63.046795967036545
14.173885153780725
-10.032347554111675
63.41382953220414
15.197308990780913
-10.022361239234902
63.04783988566466
15.596996226485828
-9.955418228469252
63.04894911048384
15.79680997050186
-9.888635329684629
63.04967448669822
11.027842971837083
-4.110360337978877
34.046208247238695
11.200324230492786
-3.638215740477926
31.62489991177614
-29.940004603235852
-9.463390794493948
63.33042562858648
-29.268729248967922
-9.261424299675404
63.33273492768546
7.345566152618523
-9.292411583568123
62.67373173304453
7.279294934965925
-9.094135177675422
62.6745810909286
9.857719701625946
-9.224289816734235
62.67897595170857
10.111141595280113
-9.155648262826702
62.322964405314906
10.386605312594433
-9.223866244153957
62.68001184214749
9.659280184324112
-9.092229101064172
62.67924259790373
11.689079298806254
-9.4300519330561
63.411957719994135
11.95749108392054
-9.228408120402191
63.4134855883343
13.064720125048291
-9.22459828113827
63.0476215106557
17.127606495918624
-9.29140915643288
63.42327533721606
-11.753548421433555
-3.4286091551521074
33.951387593536325
-30.79875809858281
-8.859169019064582
64.47119654169256
-27.401182009169936
-9.442277760504123
67.79918682962352
7.4303428061971015
-8.504418052984787
61.96951042371764
7.212594531619423
-8.36697770776966
62.67805469900402
9.999621538646311
-8.694072779744547
63.044259712261876
12.864310433345036
-8.558533685846886
63.05053097021139
16.99283199998644
-8.687230494499612
63.42600636816408
11.080466207125413
-3.6853842259659615
34.66058009663742
-29.667543701879822
-8.039968214744597
64.09162101030347
-29.424104035977507
-8.308033007846838
64.4766189123446
-30.14988607413342
-8.294436142513383
65.67076877380711
7.860583156572472
-7.821684791395807
63.41244962240422
10.613583590140315
-7.953766185372719
63.417172354851616
11.150732762717048
-7.953335536760914
63.41822824755898
11.352163586165362
-7.953174215348748
63.41862277571362
11.553539992502591
-7.885870280972678
63.41934615928752
12.663847684586852
-7.825846260592726
63.05377434116564
17.059431986974943
-8.015746507037129
63.42946841532412
17.806347080729473
-8.138365109855311
64.18392860450787
18.326925953089887
-7.954556134566225
63.064205808789616
10.277642908809815
-3.2054823808141095
33.680111330134395
-28.080376729364396
-7.300960588058389
63.71861233644307
7.333451754773117
-7.1638896600683735
63.04663225109839
10.411607556797271
-7.282497771230563
63.42010835899643
9.087806962581881
-4.582231157786649
45.45398910626839
10.96311272068237
-3.215478314952728
35.95437740298425
-25.5020108780933
-5.340925161936546
52.49119122537355
-25.00126035759295
-5.01939321017578
51.632369863369945
7.725370407062169
-6.680361068906921
63.41783821486744
7.926747760001762
-6.613057629504601
63.41856541258981
8.396808544829643
-6.679824301780198
63.41915712268138
8.799669244737395
-6.679500687150967
63.41994236720475
9.798077776597937
-6.628935545613896
63.05410494366114
10.478261976196025
-6.67815683575038
63.42323391908841
10.612549510105472
-6.6780497647188275
63.423496936118255
9.723193555976476
-6.38166477503583
62.69280180004051
8.859103507783672
-5.66268115070122
61.64023320583043
8.794592573004987
-3.814252457330385
45.314708887122606
9.000629968227935
-3.796998251770663
45.174053241768405
7.464970729101098
-5.031863268965689
63.057460026967064
-3.539566274689857
-4.997511533752223
70.18666186307517
-2.2553154142891274
-5.821664230988702
76.69628440987958
-3.0047115838330267
-5.847895367365614
77.93491486114131
7.522252889583866
-4.599090530206253
63.42775651628179
7.731030482489505
-4.498669422112227
63.06061891799176
7.522143086003836
-4.464804389192674
63.42842185926375
9.996273346567408
-4.563478627181667
63.06472929889371
9.929488752420442
-4.363664154640809
63.065589091117985
7.296079542112773
-2.103731922080957
35.82206066160117
7.655886840140317
-3.7932671046299884
63.43201541375745
8.663150291195647
-3.926746143227102
63.43331889833417
9.065959413412902
-3.85928092372407
63.43444444308475
9.267335811907293
-3.791976531423227
63.43517164366433
8.46155619327207
-3.725478728804385
63.433922385091776
8.797274550050068
-3.725209621113943
63.43457993382008
8.931563029982115
-3.725102329809418
63.434846768542215
9.529934571376835
-3.574033465366048
59.67955160784132
9.278199337923766
-3.4277813729580524
59.36749742095914
9.33489911724605
-3.4052646678854313
59.05986559524537
9.42768438649135
-3.48135024629424
60.975228203243404
8.275875246128921
-2.6426977505877973
46.8097551241576
8.32300310738349
-2.4891520349110596
46.50057768734084
11.724568795081417
-1.7195629862248996
34.904591057961696
-3.424512037775647
-2.825655667885408
56.451785642352355
-3.3558791294983457
-2.7440042216313514
56.99981378945282
9.065414210781244
-3.187850930847798
63.437771161922356
9.065250943569051
-2.986421937690964
63.438765363372745
11.606649124121105
-1.5167545914001517
37.37183712826469
-3.2131836664158264
-2.2158011229649603
58.14330985069921
-3.544774669057184
-2.6249910520802735
67.00664616736168
-3.1308270932680866
-2.1897259940001574
60.29991881509431
-3.1186019738900734
-2.8645522431932395
72.20768632917296
-3.0465367372771617
-2.774945077078229
73.8159715856587
8.661952943755354
-2.449600491000803
63.44063768223248
10.67631845675265
-2.515130364382877
63.444254111600785
10.17116382196169
-2.26703319166171
62.35722352546121
8.380203469626851
-1.7694740390125272
49.72774042058112
8.383481111190441
-1.7528841239494244
49.35682158853597
8.29944988604593
-1.7130357563502612
48.464054230915735
-26.32847869221127
-1.3141083811613798
49.47562760507623
-26.479550571077333
-1.3256961124694469
49.85041371767982
-13.24633119331037
-1.087148153139862
41.24840894602075
-22.429794732970468
-1.974711694831354
68.7492371172247
-22.752335020317044
-1.8527699618600577
69.68451560078353
-2.6639827029547987
-2.1376317933169915
74.37638923558079
10.608630918061051
-1.8437543827078682
63.44744932236276
11.853652831475362
-0.8722860446067265
35.20859605587708
11.467485872678836
-0.807548201428907
32.445931114037606
11.443930920878104
-0.725480936320467
31.284739117332983
-26.3287481029836
-0.9817320179308412
49.47727060883138
-26.183739172827234
-0.8361388590912652
49.2937980868113
-12.888551350235575
-0.6929558563163446
41.251062004885775
7.519368363096463
-1.0405121430969813
63.44539194788804
-12.924592996074788
-0.40650780027808586
41.25240936065926
-12.602333281094133
-0.3704401036638797
41.25321993697517
3.418220784871184
-0.28232694724856205
37.064750039025895
3.284225238991895
-0.25275078825815317
36.77557955239634
8.88668802750325
-0.23501605513042728
28.530597939514706
-24.816348251904127
0.08876023641372066
47.56195361812922
-12.352010774825768
0.05947573966301187
41.25584000871229
-13.08367105339535
0.2608607771660114
75.51367425900797
-11.81368475486184
0.4571345422547107
71.1840677547189
-11.51239219843187
0.5227232425731487
76.10794133158838
-9.29921833813245
0.5227876891792143
70.20276376856413
-2.6975377431567757
0.3134695771345387
71.70802161891892
3.4214402286711256
0.03552984391805124
36.358241373025606
-19.31096516523813
0.5855515670987342
47.575175087354886
-19.599752196781495
0.6085225077095807
48.42102705656793
-19.696706183748624
0.5476013062893559
49.68434366997337
-21.51707068478758
1.27250151058344
79.22592760383883
-7.99026484570263
0.7645076665111511
58.14874348338138
-6.88693240482175
0.8804023328976314
55.930305002806165
-2.7653775841104182
0.51693790406945
44.62117171175436
-2.148368225006018
0.5698340399025867
45.034106638109094
-2.0441667758277795
0.5860299096992241
47.12198086886888
3.2115206383280874
0.269664197182038
36.49678221167264
3.263172822245504
0.3160154492970362
36.08921679432876
3.4684260937476
0.31236307260947715
35.95721275958411
3.383590011494326
0.34056587042492065
35.95718671448007
-10.883344309950017
0.4339574411445265
33.00979737058685
-10.788250797504688
0.4665108373360226
33.20412851296364
-19.385272751953657
1.0109432323673366
49.31624139852063
-12.388460704249633
0.8472581253410741
41.25967321926098
-12.888337461204689
1.0452024002017646
47.75572390224025
-12.61639214786388
1.10488491876665
48.09324503880075
-8.465123621741176
1.5470670789113081
61.30111066598293
-4.010530477317073
0.7381381376927911
41.06624257190644
-2.0484761306661388
0.7709285070847831
40.966898621552374
-1.7906084517383816
0.8873415398423247
42.849165165851744
-0.6210298490214142
0.8267444432157197
43.21289620445444
-0.5080655849585336
0.8317628311471952
43.335900583782745
2.0382214268295664
0.8288741682509321
43.21810659716125
2.8245473611691003
0.585864520781009
36.42846587297409
5.484203293957179
0.6507503650976009
37.22097321495282
-24.104435272636902
1.4321744737777669
48.41630417341355
-23.8229650222785
1.5314052072089808
47.73676208937976
-14.270619718886717
0.9978944744703269
38.27776140580533
-3.796847139778254
0.8545324554529157
34.71171442102874
-2.7521978728380936
0.8229742133040988
35.560669307698944
-2.201579743509141
0.8264146726540076
35.12887608501731
-1.9883171333068868
0.8451370998078362
35.94918534801127
-1.9689417593726768
0.8547906778692745
34.263324515777796
2.1760743217799075
0.9703857541318262
38.146690216413305
3.682322521950033
0.8460278522462732
35.894732686627876
-22.145924586546684
1.9236596579166596
46.31020123292977
-20.74096342941435
1.7551011253831368
45.716316528416364
-7.868133129043505
1.0929903079757328
35.11912112387914
-2.6582875994136304
0.8810416675415103
31.18840748138782
-6.979985836952997
1.2264459146914464
33.215338812048195
-1.6290770131376662
1.0717896625386727
30.67506282787624
-2.035806910344899
1.228455750866353
28.212727161330676
-9.677345351629146
1.4129353620925569
28.198704887977208
0.2988749194538386
1.566443541360952
29.00773720510797
-8.074033490544586
7.201841491644938
48.1323419301099
-29.569924280706353
-12.155496632483992
64.53460210852882
-29.246313789005377
-11.841178670496218
63.80623387684248
-29.301406053253643
-12.021096120505616
64.53576157175897
6.7139488188804215
-10.899344269345868
59.63791727899391
7.014452302904055
-10.899216662235682
59.63856427133729
6.8941984679560475
-10.779067144582458
59.63882230401673
8.145633255201219
-11.125590435665348
60.55067917136404
16.70482114536203
-11.733633111477333
63.548696563653166
16.92882589498704
-11.030052603390024
59.95860730978866
17.049871677424402
-11.029999847767419
59.958864115801255
18.282042393156818
-11.075390171327223
60.884986697288184
-29.2465160547765
-11.37840776204038
63.80822366470496
-29.301611479798673
-11.551093567246902
64.53778245370881
-28.82059869827674
-10.984225868084392
62.41539893553059
-29.24660082521187
-11.180075856863551
63.809072626828815
6.786866146561852
-10.228966691724215
59.345837372132706
9.604703271714808
-11.112528820922192
62.8384960017626
14.887372020723932
-10.294845571426979
59.65809970612852
11.20366391464564
-3.743602261203286
30.961409003294328
11.078741121533811
-3.6473609782472747
30.807066682158244
-29.052563712321543
-10.268771150150446
62.0820431091131
-29.416731033548402
-10.572463528181327
63.454473613284335
-29.740559413148148
-10.66480786452542
64.1726073741725
6.916577586904488
-10.31704580690551
62.159212366940146
7.043901860871008
-10.316990381633746
62.15948650547581
7.654014797134181
-9.959426736896436
60.554636881225775
7.894036661945239
-9.843239066132503
60.867939073704704
8.755496253423047
-9.626294533375274
59.061614676126496
9.114226525014375
-9.571459985022992
59.35367170983409
11.882077362976752
-9.695130283007256
59.65421388670596
16.988767771226456
-9.698510465582057
59.9644589597134
10.886094443311396
-4.152428603715595
33.82828542535468
11.251706321336961
-3.747388564312657
32.260876134981025
11.181621859228864
-3.641310549923278
31.616446414249538
-30.767753734070833
-9.792411741041013
63.811768199875985
6.917004432691115
-9.16169654290712
60.55647837956731
7.265453775306615
-9.28979674785979
61.18578130640715
8.218742634400348
-9.034696668534556
59.354053783127455
7.920247527359662
-8.855775563242409
59.35418113986526
8.696235107040783
-9.094175642202256
59.354825166472004
8.996931942851791
-8.97516167452602
59.651103701834444
9.177234128383079
-8.975084538019864
59.65149189990609
9.423019290848345
-9.096512915891456
59.95077631513668
11.108791268171869
-9.826432504607416
63.19341992982544
15.35527276380122
-9.817688691850213
62.856439124805746
11.190796603251805
-3.8489520271494975
34.299249430107956
-31.04825790251069
-9.470399848373495
64.54296961867654
-29.674520175964787
-9.332325681286031
64.17847999831181
-28.83260345527425
-9.268023490890466
64.54861010566584
6.820253672365573
-8.552915513274892
59.947511257781734
6.89320074879989
-8.495259738167356
59.6486420499195
6.685266807715913
-8.48950963210735
60.25101727315768
6.965081403725237
-8.31903922678324
59.354438523358255
9.372329761409079
-8.669542681183982
60.563880683093785
12.553011364292171
-8.787619075067626
61.84691754571
16.11696009297739
-8.72678673506941
60.8904297272414
15.93141397562828
-8.603206205536393
60.89056205869964
17.16922977156882
-8.545976510438516
60.27332754492325
10.898126143147465
-3.6053690061713914
33.922397114135066
10.462657041831088
-3.226411242151136
31.58247828709891
-31.317126398346648
-8.799082819521063
64.54528215322989
-30.847118672434426
-8.798881725390897
64.54629028465568
-28.586809279664283
-9.680678543106591
69.91437339174321
-29.200803456667348
-9.777995481691626
71.32810145364387
7.043039295211609
-8.343477550252077
62.167968254141215
6.848649360865378
-8.454114360113966
63.898444232576196
7.653129367159447
-7.933620632836701
60.563347291331404
9.79740391831675
-8.463066595533181
62.8503088057643
9.898612490854251
-8.22001235932852
61.84364848559016
12.930919058565406
-8.649842750679964
63.91068665794167
13.129193568975309
-8.517537929886558
63.91168599991461
-30.31493881001223
-8.182802276913291
65.3036982643498
-30.14542770593628
-8.245564497368488
65.68963882814569
7.167513440387083
-7.984108654494126
64.26353668204447
9.582393293768998
-7.651403897923085
61.845413629288245
9.788530777324771
-7.568458293006449
62.51314884228337
9.98094269014977
-7.568375975741938
62.513563113099345
11.298178375887971
-8.048964050362162
64.27213602382112
11.56467247680151
-8.048850532644794
64.27271360927588
11.764541158930149
-8.04876405517312
64.2731401242555
11.83107732067185
-7.8488678027419105
64.27414675864642
12.18795640913793
-7.621995603772797
62.859064716317775
12.60536042324196
-7.6772094407226845
63.20588625632023
14.0132534830882
-7.7984497892663445
63.559830367211156
13.854556212964415
-7.576623459415752
62.18592299743665
-3.0705384334251753
-5.043748270300352
48.63240878594861
8.890033708460987
-4.615110610797658
46.38924556949998
11.030342489395943
-3.233161628405279
36.11473729007351
11.0035330411218
-3.1528520443022354
36.11502500222239
7.376668495648595
-6.4705811508763205
63.90811443613108
9.715987429070703
-6.36882132437279
62.18221445525457
9.84322775184212
-6.177782003332616
62.183309771085725
8.929878651715363
-4.224412037345697
46.251216535724126
8.806478550246858
-4.14222262532873
46.25130645379637
16.964952923077533
-6.485075232706941
63.57182845241417
-4.178913036207514
-3.221330351586879
41.26577327143531
7.1237321809623255
-5.767623844760021
63.55374352209935
8.268662646020925
-5.319291266404103
60.2680575260861
10.219110569754141
-5.7421521608825445
63.91735801664302
8.972292051436199
-3.7473784841092623
46.393152442202165
-12.505727733085852
-2.8773725841590583
40.872533061574934
-12.539342915403234
-2.7766722499007237
40.872893827018444
-24.19249857879203
-5.745538454744739
69.48518993246961
-23.781456597698558
-5.507837061624012
68.5991467216803
7.761801032371152
-4.9924182824108385
61.20533063757787
7.713122488591058
-4.741414461886131
60.57720496023873
10.230985603528431
-5.251266137204562
64.28187605533978
10.16430383790554
-5.118048985712195
64.28230553186026
9.176229520010246
-3.360761261857005
46.2554607593577
11.344505295322312
-2.2715160486016215
35.886542523510386
11.35876838640079
-1.9438110616067692
32.15743825030701
-13.076654364493898
-2.407614314867848
40.8733251566248
-12.8752235794388
-2.4075282665773865
40.87376075226889
-12.33807353282363
-2.4072984559601878
40.87491535122691
-21.585710658458837
-4.563991859703379
65.33803607223481
-22.446478877157613
-4.529519485312238
65.72218228582747
-21.6859691850604
-4.462983196444295
64.958485852855
-2.1957714587105
-5.42139017928754
73.41455584949873
8.172883664483436
-4.520668749119029
63.561363195372294
8.500913460402582
-4.5205284120937295
63.56206945710642
8.76333729734631
-4.520416619306195
63.56263446444348
8.631450414177701
-4.417683395927945
64.65006252614977
8.104210497518382
-2.8800529462617845
46.39501700842417
-12.875354681563213
-2.105383810532374
40.875057985172276
-13.128343706648176
-2.045083024876016
40.96786803670804
-12.5732085020072
-2.1052545551830306
40.87571042574396
7.8319390421213715
-3.853215245440345
64.28272777228923
8.362670920048627
-3.9477957434684443
64.6515051570106
9.097750741383974
-3.7860508689375023
64.28573963985582
8.429726166799737
-3.7463373703422675
64.65251199673413
8.964475521402843
-3.7194850468916787
64.2857392153499
9.535474350291773
-3.565911004873868
59.67552559393718
9.355146850100468
-3.5058879084270473
59.67539581241953
9.370075939124705
-3.512944111639592
60.58605264130873
7.912004056549104
-2.683566811277611
49.3325915061078
9.867843698530463
-1.6627631354669214
35.166800316054264
11.968502693414711
-1.6578777557154434
35.11830201060204
11.956955346850279
-1.6230340973933894
34.654810057972
-13.076946877247789
-1.736182248786483
40.87621213223315
-12.386969685086607
-1.8088429244277406
40.97047696394918
-2.8413885637664706
-2.7182922040390953
55.61800284017764
-2.769141569720922
-2.540999988477881
55.37701272335204
8.497879793194814
-3.186702885582798
64.28702297714588
9.6971257184784
-3.252812444243323
64.28932229641771
11.7842236086171
-1.5869272256655576
37.1821250427517
11.893258895132547
-1.4604553218445866
36.48482300868014
-12.472815920533103
-1.3666361712499864
40.879102941172064
-12.8190372894783
-3.1685342062057087
83.91327027443384
-2.9664894649511586
-2.0974658908934787
55.13961657557397
-2.7506428086856403
-2.186140184412906
55.86546935128928
-2.7870422535069244
-1.9884884865133292
56.36569754068391
8.372384171454398
-1.788147140468892
48.671027977817445
11.670979411526016
-1.2194549415923557
37.18345989974448
11.889427233243008
-1.2107487535605652
35.83491831470005
-13.095068132533452
-1.067674212859632
40.97214312773433
-14.86752369300097
-2.4355578047157103
87.79465199049636
-3.671372333071328
-1.8841274191500696
69.54593783347195
-2.9273580053652544
-2.2997994151221066
80.46009196588089
-3.1227042978893844
-1.9845281754705413
72.91111274888405
11.316024853638545
-1.730806002770168
64.66739294819891
12.012083523685147
-0.8837870244162167
35.49969516423798
11.449263765112168
-0.7628021899545275
32.31164813470022
-12.825439081773558
-0.7823201386462434
41.94667317587431
2.886152155861747
-1.455153431503737
89.51953653836851
-12.639580361189328
-0.6059619666985929
81.11282741063644
-12.328293296013474
-0.42381114146531607
80.44793665814952
-3.465367920863373
-0.3304951076387957
80.46740010290314
3.156477031240985
-0.29062489891367754
36.78222602610626
3.4264988214897385
-0.28996543102113487
37.2356977363243
-25.382566239835597
0.06768105543718086
48.606395574288726
-14.00507461073378
0.27915196744989085
79.15545246072212
-12.51247637234411
0.5191480670385344
71.89711456878194
-12.270130187741842
0.5346650011890945
72.90226900022776
-12.018723198089
0.5507620268201651
73.94499391737284
-3.728972036736538
0.2852003384223105
71.42617493697641
-2.347797783169916
0.4392614140032189
71.42980868629763
-2.391726683984497
0.48039980286836326
69.11109675250748
-19.335570351844595
0.5721358006100112
47.5195079420634
-19.669712533855776
0.5997020161569598
48.458665409666885
-19.705140159961946
0.5377356599138232
49.45806532348035
-19.77908116578802
0.5469694064492076
49.80552613263704
-9.381046450978493
0.7740005021288734
56.1120626301741
-9.458241657550076
0.8132795086962696
59.653499717900225
-9.05384124034755
0.7811955758659062
56.36412787852657
-8.619893806562883
0.792405599544824
61.194965089902055
-3.287940785370498
0.2846519757975402
40.999056137734556
-2.8869659127159144
0.5324656743432366
45.97064452088636
-2.2388170529493965
0.5272562391601119
48.82215656051822
-2.1152989879616966
0.6024754958800452
48.335799751910045
-1.828919040259286
0.6871757036171521
52.919810361755964
0.09150385275698816
0.6649287649084675
52.10206287164111
2.5901950562690046
0.7307298102894786
56.3889556958329
3.16699384358895
0.24578950944474315
36.171944365005054
3.2475547543501566
0.2726812839525132
36.1722333202902
3.7310009590742728
0.24603080179629114
36.173158695679895
3.4892717489610026
0.2727846948146059
36.17275374698896
6.8816245419435536
0.40092447020073835
45.45524964404211
-18.935405295329055
0.9677345687719576
48.78813127739721
-18.970579677351044
1.0055587130977557
48.62422254772942
-14.190606164013067
1.0145265531744905
48.79854144049493
-14.06254609834603
1.0174986695424528
47.83969119036006
-14.075133919249797
1.0311569131322345
48.15290930267393
-13.87726863926643
1.0146607237910816
48.79921606967351
-13.310235698105595
1.0384211114000086
48.3135901361711
-13.11047760206823
1.075418311478058
48.155176733646485
-13.045811247488544
1.0826077728679242
48.314348998507654
-6.145810951296017
1.0555757207567409
48.652026315976485
-2.065489126669955
0.7349673793885749
42.078004385599556
-0.28358005590241575
0.911796759395021
46.25348373913607
-0.6226614939002735
0.8319576760446598
43.483170020788464
0.045637791594023217
0.8945682422997232
45.842652225351586
1.3987931451673645
0.8329497623512501
45.31445207728778
4.2536305490327155
0.46844531152826496
36.354965325219496
5.682156120501465
0.6504518342231549
37.929113628745576
-24.581678092036086
1.5820510860913828
48.614629337969866
-19.465126398855347
1.3400017333142713
45.93845068495215
-12.3196675449044
1.036459567196355
41.85475381936526
-10.008961570071572
1.1012679186159104
42.3725271872142
-8.977165985796203
1.0029477290203044
40.621847018874945
-3.787399090954763
0.8468288142407516
36.83562121385249
-2.4078712539537923
0.8165599439421599
35.870239172871834
-1.9974528267072735
0.8503596264762335
35.98704864205952
2.176569628929529
0.9509122194736104
38.065415748350404
2.7352367762247742
0.793133187685095
36.353095328261354
3.641280004839129
0.8087839947271755
35.712192374591936
4.3753569742276275
0.7565949842443971
36.17674060118256
4.02017867869811
0.8123795792425477
35.76968137159126
-10.731289611088624
1.2241132180113712
38.62916977419103
-9.49579903664017
1.1469123484673367
37.5505962106152
-8.57134936156911
1.1737112166935577
36.76329472840803
-1.937865143114697
0.8744286138055237
33.731583713137915
3.341289872934423
0.978642485160013
34.1596720803615
4.256445653633237
0.9205511344776716
33.70011049957849
-8.469742774425592
1.1981245072170303
34.230574714803296
-8.027970801129767
1.1509943822962816
32.94549225935849
-7.592724790690859
1.1870476651383328
34.37748833370793
-1.6486955105931946
1.054955200307631
31.67794474387165
2.1737202543206253
1.0660671395331862
32.96707290885579
4.144343283579988
0.9846841937392865
31.79469901179658
-7.055169283821398
1.1636720727255596
31.165498165093428
-5.002031847020673
1.068717898702018
30.264170154655723
-5.006326493470716
1.1150198217025955
30.18022401681825
-10.45492756174664
2.754883966286671
45.82806589674534
0.9413265804747231
1.0934348120569242
29.97375745125146
1.3007396119818233
1.1116085038128058
30.138284073289164
-6.977123211915077
1.2413616820019506
30.011455347816387
-6.648078371951636
1.3541648363042809
31.102960530189314
0.8520492300257255
1.2590148855010264
29.432599486688503
-3.936625151226355
3.3537423466861385
37.16955259003612
-4.1473108955245666
3.61624387859839
37.50451789485277
-14.572403280796767
13.272445271472337
80.50201214565791
-29.77107561715374
-12.137767542216489
65.38526516831172
-29.571210866049032
-12.137708315417935
65.38574721252039
-29.67396373558213
-11.981034664530117
65.02371301955382
-29.637892531543947
-11.93785872601162
65.38633586984527
-29.79120185810064
-12.672626739563173
68.08619262432774
8.066416151082734
-10.853156286528154
60.86922390509845
9.085012297167165
-10.779905390761371
60.576839986476685
10.721735619163168
-11.750262387633601
63.72653589748454
12.4273103022397
-10.898264808701404
60.58445129064627
12.874500824930063
-10.971909774560281
60.88037116225189
12.30792359742919
-10.838617363659218
60.58438447465502
12.994664294976035
-10.85167237605379
60.881114013772276
13.979036985634089
-10.778431785173131
60.58864755262409
14.158086911198044
-10.778376904132754
60.58907558668628
16.563225446177785
-11.664044411959992
63.4050022719047
14.87428562447696
-10.778162206104989
60.59080296130314
17.619768769262727
-10.956383753599173
60.596749885287615
17.858482842846527
-10.896630403990889
60.59755056932366
17.44068182600481
-10.837071873981118
60.596767835072676
-29.71459749809974
-11.137356890503996
63.97235237665317
-28.707759866189065
-11.735767246052621
66.51099413897634
-28.912408401365802
-11.667619685610415
66.510753815835
-28.481397062096775
-11.510783663138714
66.13261180536702
9.383280400376517
-10.30235141174227
60.579358910833854
9.081757294952144
-10.115254435509632
60.28829193765033
14.754770270913967
-10.300734024171353
60.592314246262404
15.530634094192887
-10.240817981908753
60.59441046927503
14.874099537538298
-10.18133228965634
60.593051937160176
15.948416597293734
-10.240692185110444
60.595418106372804
17.44053372882387
-10.359608689149203
60.59856320006443
17.321758573144578
-10.369566503265313
60.89336252697851
-30.13560134582902
-10.502930163500602
64.31988529665394
-28.79591327510353
-10.68518713989891
65.7611287812788
-29.710550260124553
-11.633292486473904
69.77885112443153
-30.799059811187043
-11.980304191321896
72.05371621311288
-29.963701125143157
-11.777974727282134
71.12119577591005
6.7812099604951985
-10.556923085517091
64.40867845535703
6.822490020518808
-10.266417384043145
63.3867913450154
6.861993270624305
-10.050819706886617
62.40909744164139
7.759422459179273
-9.837796360958649
61.171588109197245
7.996935104081879
-9.72216158764136
61.47611975176929
8.725980394805747
-9.641190393143804
60.289217164566395
10.57065911502849
-9.788337341090816
61.78993168521996
11.972581200584564
-9.649973687657939
60.88317918910839
13.083418098649153
-9.585041502015123
60.590982470941206
12.813972616686517
-9.58962020824319
60.8854350304744
12.99427279668584
-9.589565918785851
60.88586989107472
13.859281921928073
-9.525125459752523
60.59307869395383
14.857409829704196
-9.649105048587323
60.89013702081708
15.112648898347155
-9.584431442211022
60.595876708294114
15.351381484488531
-9.584358604740817
60.59645250385784
17.380647403141985
-9.703113384457188
60.600896945291396
17.927387522111804
-9.713687606437079
61.19656814040449
-28.909583693867773
-10.977549786415162
69.7832496920019
-30.30253720184998
-11.199728442526828
71.58610207823547
-30.151783224994766
-11.124293733745207
71.58675363082824
-29.664998890391082
-11.030550809573633
71.12473287421133
6.803744154477128
-9.050526833407751
60.872977779412516
12.633539076045418
-9.168971710361017
60.88658545780356
13.08533077937359
-9.230957099654889
61.18671461294289
13.360654834943343
-9.232922950163427
61.49089417747846
12.39308068235887
-8.988742765792672
60.886685050886165
17.2013753266169
-8.98697158810333
60.60316387323361
17.380427150919374
-8.98691862820091
60.60359571936792
11.076701196785594
-3.682980293831943
34.150120607956794
-32.35494167359931
-9.3433908696179
65.75760607466785
-29.534887519498703
-9.409685654790172
65.76415461641899
-29.619408324241853
-9.637820528027001
67.69306487363826
-28.03090508701524
-9.92472244787689
68.10078532889898
-27.821734313755446
-9.484598888107975
66.52161084705119
-27.494630784763533
-9.557498475626932
66.90797369781778
-27.89005909422637
-9.783789971440966
68.10165985403533
-29.06735878774242
-10.283035926226253
71.12899097539096
-5.786193594593454
-2.8618574966006216
30.621001860483826
6.948415972488741
-8.74582767021022
61.78512858719489
7.532526081523026
-8.452736342394195
60.58186834629612
7.5921726783738075
-8.33335257868628
60.58246209035143
9.263358707652253
-8.51189855710371
60.585817945726696
9.382668507012129
-8.332812972901523
60.5867805353743
12.693453970625649
-8.567950462154663
60.888998932882544
12.307147936356873
-8.331933348406547
60.59383399606534
17.621703086582713
-8.5664665226386
60.900881414538325
17.678673879669184
-8.449681276902696
60.606339536077854
17.201171680200517
-8.330459251894444
60.60563774705034
-30.400033331017944
-9.44434945222576
69.35265725266683
-30.255592162262552
-9.444305974504642
69.35300944067394
-29.588279541143002
-9.008519915450895
67.29706641950435
-29.847328574339052
-10.011910228870494
72.54360156581998
-29.126524228760285
-9.698114635131287
72.06634972078467
-3.258262899305792
-4.389822629594409
40.711387792568395
-3.008558055462352
-5.5744577132692905
47.72320869985637
6.688659523112865
-7.940693259038771
62.09982258536023
6.9359803982376365
-7.940618789251228
62.10041909116643
18.053647163908103
-7.951501515945541
61.507037357518165
17.74886155737529
-7.890640087221551
61.50652816932184
17.565981862215676
-7.829742443110363
61.506316815223585
18.053605543753445
-7.8295951398837405
61.50749290196356
10.467347016342769
-3.282933338652655
34.27347832765068
-29.689695652756498
-8.310259175534096
67.69790276182475
-3.123677297752906
-4.1013786388095275
40.87829595006866
-3.1873492786812916
-4.069566778061254
40.878264258590164
-2.967193793017645
-5.076221646263661
47.72518433955742
-2.3028678915217644
-5.15905888843339
47.726475550993065
6.79890380828939
-7.435167415297628
62.418807437393276
9.507731008993263
-7.306802159107214
60.88606839360993
11.329502027694264
-7.173683324370828
61.19023554490619
11.128101724600569
-3.2999809735526915
36.28172567250742
-27.25645230366378
-6.714317413434435
62.02261206435553
-3.8064941661146525
-3.796028054673157
40.961473118945094
-3.6148176756932777
-3.732071757470338
40.96217815590851
-3.696764817931024
-3.6877491100508135
40.87847333846673
7.677121049859096
-7.342060742812242
65.1312406724706
7.677079558892807
-7.209839989278476
65.13173890637646
8.925122611422427
-4.330463495742817
45.528607021203
11.070341997632932
-3.1149185693986516
36.22986945577587
-3.732551081076918
-3.3156715306200546
40.71429092801162
-2.79364323124864
-3.5341479672190137
42.11212440474017
-2.9549333758021556
-4.241906593084529
48.014778265167465
7.365958107201917
-6.5851158338439255
64.4250538721255
7.967183050558204
-6.319038047251523
63.4044245729238
9.266954734222526
-6.104867260910076
60.890017983041886
8.848267373791321
-3.9468106692062026
45.52986771340937
-12.766447676691678
-3.136257337221013
41.545948112321
-12.652377500435255
-3.125649468064914
41.45807021714379
8.15074772280712
-5.8271827696186165
64.08364568318824
8.963263642527602
-3.6014670758074954
45.53144652305531
11.449620621403218
-2.181886746351959
33.53006014315322
-12.947341695783237
-2.8506098305049203
41.63546050868413
-22.349827076188586
-5.190174881722193
64.01252154280644
-17.704217061411565
-4.27075651318378
55.847676161200575
-18.25534151036932
-4.290716435862181
56.55406214712282
-17.926118219495788
-4.21231703506572
56.31627256750697
-4.333672187070681
-2.7648443116005192
40.88041821651056
-4.39736367252472
-2.6693706080589106
40.88062450919713
-3.081264232359346
-4.183901139092949
56.11625199330057
-3.0009031093652747
-6.0907987178256375
75.69440803326015
7.68383786659081
-5.254900929754333
64.78227003227178
8.064551854244726
-4.843122750797992
60.891878579799865
9.641118452223164
-4.723534258116242
61.49892303855327
-13.507251312629442
-2.455635548241023
41.63559744738484
-13.488346865696366
-2.382008964029218
41.54705053192944
-12.309438652166222
-2.4412108351192705
40.77935609532615
-12.277754767608139
-2.3460606672644735
40.77978918601314
-3.5534681730402573
-5.003566369694012
70.7548405797576
8.602362825292513
-4.4361557394611175
64.43613384807742
8.73186131958189
-4.340766937504027
64.09065264171429
9.580032187679782
-4.296882487538344
61.50038380661715
9.305328903867455
-2.708374616374325
45.4150610182347
9.610907182185858
-2.7082828505400816
45.415799939767666
10.462803738448034
-1.850058119963452
35.0613539794858
-13.450998910292368
-2.138765816489248
41.37233727404549
-13.474435299761856
-2.093411868917496
41.63704176246363
-12.735639091450802
-2.1251431734327078
41.20103670576772
-12.734831450108759
-2.0408871101577164
41.37443457183576
-12.132599923906518
-2.1798377342312594
41.91069405577575
9.13427260676479
-3.8648180152643787
65.51023602543437
8.93438243065084
-3.7982549712522493
65.51000120146716
8.601246208072114
-3.7317325540005855
65.50945263291939
7.9939673917242935
-2.7757170784823977
49.72756315646123
9.631366752646526
-1.6360088636054422
35.33842222386106
12.243126838271428
-1.7019610246975023
35.58356418117534
12.176102732407058
-1.650466820306486
34.93050634557815
-13.09681745711672
-1.7694299996859895
41.728725993740426
-2.940177315634501
-2.542649809240539
56.35869260122827
8.469177470174612
-3.2429784887000794
65.1485955482077
8.601377794467943
-3.1768282993821124
65.14916356519599
8.799689488112076
-3.1106582035373416
65.14989103421459
9.923570369272237
-3.110319557897832
65.15260168972634
11.882059333100617
-1.3953339392387243
35.73057366842251
11.934700501852081
-1.379650639994806
35.88001692832821
-14.18774662407012
-1.439206696279671
41.72734255621219
-13.01495045628163
-1.3766707464384929
41.820648841335434
-13.749228240907653
-2.87980864141201
71.19382135412694
-13.226091730806269
-2.8796508691037306
71.19507927761391
-13.568698828353083
-2.8265065526500037
71.65800121861142
-3.0324810244302234
-2.1896393293995033
56.84058311390311
-2.90666331428458
-2.2131549066291423
57.33390957514519
8.468972399521915
-2.581874720313362
65.15108672348734
8.92949711162499
-2.499085521146979
64.79566334289856
10.188976619556065
-2.4071612975224665
61.50897408249737
8.437729026398866
-1.83759406210294
49.57152636638973
8.435623111528598
-1.80849012386382
49.89458266895691
8.483392770502082
-1.7788417839321966
49.25546944857804
11.987148847785003
-1.196033607593071
37.29088370323558
12.037453066174685
-1.2269522617618491
36.291731027497335
12.032783614575294
-1.1942090085060177
36.13551341262976
11.987884652866391
-1.123919761836159
35.15950027093943
-13.818966915574645
-1.0170084464069375
42.002662247988454
-2.918212071236605
-2.227017053487602
74.13125406965187
-3.1548036962843153
-2.0693936204321846
74.13127397062257
-3.051002268834524
-2.3018576684206726
81.68055119852272
-3.1371576051146786
-2.4791004085128323
87.43450144798842
11.684745252524952
-1.8421985206529379
64.80478129335248
7.689493247076249
-0.9347111479746566
35.82142192950602
12.141272579368138
-0.9039651210280847
35.683865217905534
12.18003010943823
-0.8536850144009153
35.635241339690445
11.619081096434131
-0.7623174505434409
32.51865503888354
-13.90677824311374
-0.7510446040416243
42.09582296764829
-13.28399155758067
-0.7493189344990928
42.0049627487089
11.359652346566937
-0.7828904720133117
46.9489227009164
-13.067608388006624
-0.347931778778482
42.09936339023734
-13.880715087995537
-0.6267370796082605
87.41558304812872
-13.088459330480585
-0.4278821095924634
84.41572520983694
2.072446727309671
-0.421031198563126
82.36634158347594
2.857054411251627
-0.42006472971974773
81.7018901642137
3.7318841569914603
-0.3173206519293883
37.51168907635201
-14.014679471834215
0.26517782681823077
79.13167351007064
-3.029718624166814
-0.07633588662048586
42.12458762394154
-3.7267421705863586
0.27289477593466893
72.16515832925292
-2.894080735140837
0.3082242624497733
75.18297688028892
-2.455963558865269
0.43233334332994305
72.64899876586614
3.4677597718766684
-0.06253267838235463
36.54223439666212
-20.217396274683328
0.5620496401389813
50.50084604666141
-20.140223270808313
0.5974392547587687
50.16447310712621
-11.273485542352086
0.7690470538672827
59.71002424398882
-9.440714323106544
0.7857034144812909
56.355565937999074
-9.279569588843561
0.7857519361199047
56.35595459815393
-8.97042985416203
0.7671749572058075
57.58185038110082
-8.526848629697213
0.7673086413611208
57.582920241810726
-7.912802996398788
0.7189681158924096
57.83880997881192
-2.257964306418751
0.5598459672158905
48.77566760038617
-2.1510116778784805
0.5690911080393402
49.08288244899091
-2.096653388052967
0.583281151131697
49.5552549273298
-0.4053436142783786
0.7606167211293156
55.45086765918505
3.574898536106617
0.1398106945105977
36.43559583899625
-19.505942769549947
1.062848658196686
49.51509511626985
-12.933643781183328
0.6928306283343556
42.1036108363667
-13.639398385194246
0.9822802812410971
47.72229260261995
-13.431804126882966
0.9823427891078677
47.722793292989714
-12.366192480329996
0.8239278111395489
46.89777818161125
-6.88525491540376
0.9110021277457759
46.12965345401791
-3.8205597414197605
0.6246136329294546
42.032952957849275
-3.753677090243845
0.6246337716938066
42.033114270111085
-4.188433762646492
0.691384995194615
42.032319676563006
-4.121561241647378
0.7248460881424009
42.03260509445185
-2.761362433182249
0.6287501265513831
42.12789008898798
-2.358501078995584
0.6288715425241411
42.12886364600382
-2.7396264077992787
0.687773889390436
41.94414592354116
-2.1417877613967544
0.6688203648374491
43.09452357185489
-1.8162805050335067
0.8197744142895886
44.92976932519901
-0.2129623678972123
0.7430609191063811
42.41595185983246
0.09295511122180317
0.7474968830713019
42.51202104461158
0.5464780937815483
1.5719012227966085
60.60280923190186
1.8078021515558662
0.749689861017522
44.15111127909944
1.664229605738545
0.7981330165510981
43.61670930372133
-13.202301966126836
0.9613231498469966
42.10397510857642
-12.900154988740988
0.9614141352875059
42.104701940474826
-13.202333207361972
1.0620381863753199
42.104354623595526
-12.564437825503898
0.961515221723532
42.10551164663898
-12.497304043639675
0.995107038610945
42.10580009441882
-12.66517303901559
1.0286282139718521
42.10552174649284
-13.30057488665842
1.1165557700477575
44.90320419540818
-8.447796461684987
0.9059621654488681
39.4776000589697
-8.846057690362118
0.9820831131973197
40.23595620849484
-3.7467972024900607
0.7470063805788926
36.802750536675816
-2.5870310422705405
0.7052874298685772
36.53053177809339
-2.681518672625413
0.7276896711193723
36.47639847571345
-1.979049697869916
0.7850492085382771
38.382158663837394
-1.98876343291442
0.7870847045955781
37.93219868738164
-1.9184968498083768
0.8222931128212562
38.0589764266575
-2.0803022167550074
0.7858013090696843
36.58636911608521
-1.9315719023250217
0.8087754540698636
37.38284082121714
4.593340625852256
0.6949701494277413
36.33375424677597
4.722342264744226
0.7012116540951512
36.44047791631031
4.492810896372513
0.7266451618705465
36.44002043468623
4.529393041508506
0.7424319338410222
36.28105360142277
7.693494017250034
0.43439182761490597
30.66592218310023
-11.091616628440928
1.2445296215122124
39.62006224292917
-8.977579738988275
1.1189579820855606
39.117041340428926
-1.9649538952004875
0.850713108676833
34.996082309204375
2.769160747089447
0.9114201498606054
36.1729213977799
4.507058135312594
0.8126026269016232
34.15122658329449
-3.6303423008655
0.9389822179514807
32.390839300681044
-2.2981589215825853
0.8660913635343508
32.01702712517041
-2.3065057001940543
0.8404475386328845
31.321126449983517
-1.937964338058819
0.913855113619251
32.33059291114039
-1.305821112883399
1.0328741450323624
33.180394185496795
2.7757300557124793
0.9948172896035474
32.770624841540666
3.0994700127173345
0.985439136815575
32.670196487250166
-7.723876597284335
1.186026036279655
32.47936750725176
-8.01311222847612
1.299513289862987
33.921551480585315
-7.020580883199173
1.1925777943128308
33.312536907129726
-1.8540588123453299
0.9513364695784985
30.64485390220903
1.2595779375920755
1.0378618318831716
30.95645927146908
-8.363226939095359
1.2076836252312844
31.03853566629209
-6.841200315988632
1.227481910726879
30.91175736132871
0.9702357426559501
1.1774419774824953
30.6525137559957
0.9182481758407397
1.1947537449623933
30.652454628677813
1.022207237609239
1.212112349691897
30.652771623910205
1.3514328931867192
1.1948841830527104
30.65349846024418
7.141491502143308
1.2937194180973839
31.890333716698585
-7.6068809196095515
1.3654599533676737
30.632546183938224
-6.983105631884953
1.4003022678727868
30.634181260043633
0.831535987448504
1.4373100370406264
30.653158818363348
2.113768071172647
1.4203686999135117
30.656186089229934
-0.7279666128419873
1.5581315973480503
30.649855595169683
5.054738691029172
1.7228627057323351
31.71001026598937
5.416791096632201
1.653984655606645
32.00811180913811
-4.946754089056379
4.26814896952277
37.938185818760445
14.261570473542017
-11.373212720245698
61.811164354660384
-31.163509238556863
-12.226628625240213
66.95653295664835
-30.588465042796557
-12.134793089132724
66.5903536737015
-30.98825492718812
-12.001702753593689
66.58958431964653
-30.655139746580655
-12.001573250584764
66.5905240892243
-31.121528372758952
-11.935132462071255
66.5893925492688
-30.54557361682437
-12.706785164398498
68.8869408225307
-30.545661131875857
-12.497167389560833
68.88751100914311
7.457522248871594
-10.958094355566166
61.793168651001686
7.815621699399546
-10.957955057053322
61.79417480446284
9.844825082110608
-10.897476705572155
61.8000327096747
12.470909295412035
-10.956131790962214
61.807258632661544
12.769300417473943
-10.896331324350575
61.80825345535304
12.47086070174117
-10.83676557466864
61.807575167918486
13.604865483641401
-10.896005023050707
61.810601149281794
14.201696310721978
-10.895770316363006
61.81227807407633
15.037285191342226
-10.95512665168228
61.814469407650805
15.335701092622209
-10.955009764745071
61.815304055439654
15.395336037104505
-10.83562019344706
61.815795913596816
15.574384818841049
-10.835549103815937
61.81629517681854
15.156578937235315
-10.776029151066576
61.81528150749641
17.484294932494265
-10.954168252763719
61.82134098352459
18.558567550047453
-10.894063916911854
61.824519623809486
-29.621508652288373
-10.54884054621838
63.20818005811546
-29.99119527538102
-10.913110682831778
64.5015683808804
-29.04098560884438
-11.642127834114396
67.33789925428339
6.9201119482011455
-10.301790121294765
61.793421360257256
6.920064774321894
-10.182423914682927
61.79374171420197
7.6362860696582695
-10.241826990923844
61.79559384464166
7.8153119584701916
-10.182073295026079
61.79626091490262
9.298264062257644
-10.106268932069039
61.2225154446363
12.828744769431673
-10.29947596343942
61.81002291182095
12.410892190781924
-10.120589803891464
61.809329597783304
17.90183873459924
-10.357172639668917
61.8241165960131
-29.41833442235638
-10.815929246513505
66.96521833200345
-30.385728922519903
-11.69832659462851
70.98362286036361
-30.910485723504628
-11.67091456228955
71.870164936828
-31.123862367852823
-11.96999403069198
73.25960794292743
7.994146789017117
-9.64485475313073
61.79820176490665
8.053782697883992
-9.525465171217203
61.79868981107488
8.532042462603936
-9.580841551201937
61.50883987501557
9.065485685057883
-9.580632614151282
61.51033488169104
8.709808908569258
-9.462228720661836
61.50965762415002
10.083081848145175
-9.70371924264145
61.8039108270851
10.620230070076271
-9.703509818410293
61.80542005587701
10.142716803722275
-9.584330614772238
61.804398868014346
12.410725413090852
-9.702807604568271
61.81045083318033
13.067239800133502
-9.702550476062932
61.8122954489787
12.709117478489839
-9.643008101495928
61.8114494706604
14.201220756866839
-9.702107298067858
61.81548160536478
13.66404775609837
-9.642634096295387
61.81413254891608
18.020943763927814
-9.70061128676067
61.82621773841505
17.90150516850299
-9.521608251264533
61.82636288147563
-31.874182594184994
-9.99566549402752
66.23010597425983
-32.388140809176384
-10.003558895517704
66.59102114977388
-29.754321180020902
-10.14462499776139
66.96608085970516
-28.747220549799465
-10.00994318858486
66.96926725514521
-28.8815356110165
-9.942853554348067
66.96907395360742
-31.53082839939829
-11.636475305038045
74.22836183379025
-31.685712505230818
-11.559110282667103
74.22813453448109
-12.887960524745635
-4.8722472269637285
41.810794880984275
7.701956028394233
-8.86990740786825
61.508413417807844
9.963453603532862
-9.047251381071467
61.805337383245
11.216823597254873
-9.106444079223667
61.80869874637581
12.649170886117936
-8.986516865184527
61.813043715024506
13.126637455047216
-8.986328908353181
61.8143852607311
13.544418557434875
-8.986165281428113
61.815559104955895
17.662604163200555
-9.103919543653118
61.826809527951085
18.020655962252608
-8.984412131373581
61.82813603913607
9.806573419762712
-4.365859442837721
38.72584369552443
-32.78813964514148
-9.337483879475066
66.59168221991362
-32.84321900819858
-9.407255732282767
66.95938496060805
-32.57469992441157
-9.27286319379528
66.9604961552363
-29.486014617298487
-9.473084052778603
66.96863364769447
-29.62032966818212
-9.405993454629
66.96843653404767
-29.486068224495053
-9.338796712923832
66.96899404533482
-30.5585851848152
-10.768493679468614
73.74459635176586
-30.474107359368677
-10.360540402194294
72.79400982348635
-30.439963076015328
-10.448597161629152
73.26561358311754
-3.149464963961071
-4.54289485653532
41.1285938631113
6.919302351414518
-8.272562714781992
61.79887117566847
7.34616048036537
-8.455145533024655
61.508527703774035
7.583223115019471
-8.39578108223947
61.509352919687565
7.396791326099782
-8.332058328316855
61.80004872510508
12.648981236169043
-8.50905013176907
61.814325133242704
12.529591245700244
-8.449414732830713
61.814149922538725
12.827983310718526
-8.389614276087567
61.81514856257823
10.125589096165607
-3.2375638413285954
33.785144985333844
-31.988956895650897
-8.60431671670613
66.59589914814183
-30.762116774076777
-8.533573751771883
66.96757200321329
-30.712363793992616
-10.001198786380824
73.74622455077744
-31.172838093220697
-9.847907728616512
73.74534280652246
-31.427979376951807
-9.863366777138706
74.73112626109673
-30.405545573478875
-9.69413676096053
73.74791072983709
-3.4115934379656703
-4.285400467667822
41.052401326111706
-3.423887528946263
-4.207760764307373
41.128720998016
-3.1800511451541937
-4.268618433019408
41.129244361966684
-2.5138389203462905
-5.530111069998272
48.379126053481585
-2.444189466943973
-5.513598587852026
48.51651304082007
-2.239594020758458
-5.4316672627039
48.51730765727525
6.967206170633839
-7.906935589286142
62.0951022313524
7.863238001237766
-7.838445534982278
62.39707947244678
7.621118867197525
-7.778016589163637
62.396561687950616
9.972207871101103
-7.8456578386838185
62.103706782907786
10.6194438319547
-7.733964074548604
61.81070588281666
10.201637940015566
-7.674445085712051
61.80969602560354
12.35023179041137
-7.673603086653291
61.81572914029974
15.155388621711044
-7.791870652218169
61.823290334257635
15.215024520054168
-7.672481557382047
61.82378219381461
17.90081424271486
-7.790795386846408
61.8310041872572
-26.257946871765295
-5.9288092812897295
53.46020523407648
-26.25511552396523
-5.754891216084463
53.272064823772745
-31.232393686557952
-7.862322098709171
66.96805721436867
-4.092237145700576
-3.922774864113121
41.43768327616077
10.022349971512533
-7.077682738930247
61.81079089978867
11.156401450456775
-7.256288394110909
61.81349652586751
11.57418350632456
-7.256124289976924
61.81467037405157
12.409748572111313
-7.255797035006249
61.817018070539774
-25.22478431981341
-5.232580278371314
52.0125613560632
-26.840495974653276
-5.380663038846238
53.650769443918534
-26.20496540653519
-5.2504970199009335
53.08703126661496
7.575150104147415
-6.601175835126317
61.80520073695416
7.7541988967884174
-6.601105212088594
61.805696184227706
7.39605225152406
-6.481879754979815
61.805018010209054
9.425304715645686
-6.540768086198865
61.81055556555556
8.589715824311336
-6.481411761121596
61.808368046649555
9.962476762362973
-6.6002403346740435
61.81190462188416
10.201209093537837
-6.600147310302688
61.81257538949848
10.141477883051627
-6.480804002530648
61.81272804981987
7.694278015876862
-6.004297575562121
61.80713788570563
9.241857081128991
-5.964996675581469
61.52053787322778
9.180487112947826
-4.060256329958621
46.623833932481084
18.287392303684815
-5.9762889950395035
63.04273178096846
-14.069103388133128
-3.116394124993489
42.39798870780295
-13.140514358700933
-3.1093959744128963
41.81481862421607
-3.9909557514271796
-2.991806722113309
40.90355414205304
7.514990524399421
-5.407535705428964
61.80823275995081
7.753651368407741
-5.228392427991183
61.80938787370045
8.82801929829437
-5.407020971582883
61.81192199282727
9.961928778575265
-5.22752753027938
61.8155886806802
10.200661109559778
-5.227434029072622
61.81625944957424
-13.505099182734854
-2.771926428072509
41.89653992740753
-13.935676167179336
-2.749127339994099
41.977835656156515
-13.568305816711913
-2.7403543957332612
41.89644716926765
-12.148615627541101
-2.650323779052767
41.34011949059658
-4.592252503299885
-2.751136359452603
41.75854745256463
-2.9279278058467617
-4.024686513874147
54.70830467254724
7.634046959676428
-4.631607182556337
61.81065044016914
10.331540083677977
-4.660186972695773
62.11326869849088
-25.77856576776101
-3.462869722703538
53.27956095520229
-14.0626561995437
-2.432041068264156
41.97833035769834
-12.79527326266434
-2.325521828715767
41.49644311444874
-11.638553125013736
-2.370313100372171
41.65912832703797
-13.338062597480866
-5.280349502575512
74.29652850291204
-13.26069684098228
-5.125464952587062
74.29715401720792
8.221966399631468
-4.17296932348548
62.71144713798684
-14.463152352925036
-2.039551618305142
41.81397430307218
-14.107619246601324
-2.0275049889084094
41.65311205923665
-13.631751152482854
-2.1084395573610752
41.897965601658655
-13.8529564105286
-2.045332266128566
41.897515655576164
-12.749195585518034
-2.040347980606213
41.41842104909907
-13.076308624784332
-1.9958487947733705
41.65609365345753
-12.209888549674336
-2.107882674811243
41.90196062487827
7.666268363092431
-3.6476886153247436
63.01915272062416
8.328202174699063
-3.793134682165499
64.96425099038328
9.295152590147953
-3.8183180169525714
65.3078899433511
9.514118391105209
-3.546715298732186
63.336898725243636
9.553552337620651
-3.624358385568065
65.30913264795188
9.784174681140403
-1.556779144975571
35.448739797399746
12.05041887576469
-1.7143061444470837
37.608477249379284
12.30091786124697
-1.696501035243399
37.71625076036161
11.939396527730334
-1.663619315146295
36.27831062479897
12.253000300754522
-1.6730024181366632
36.09868391893403
12.449653455686498
-1.6764068348712138
36.14397956897076
12.252980751589249
-1.6264202487853399
36.09880893253725
12.122666238756223
-1.6064720345099772
36.14324894119687
-13.613259749678535
-1.7873689204363012
41.817040355013845
-13.141054744577565
-1.755702698615432
41.81844973143886
-12.8577607670365
-1.6611480460414025
41.81950118502609
8.160551190778829
-3.014885648436526
62.71438398351637
8.402659649820926
-2.972127256797716
63.02303480840396
9.575726521101743
-2.9902203525213356
63.338565895312215
12.228057110453245
-1.4724534489320547
36.99318486737377
12.122581378269727
-1.3962834064859901
36.14381303849717
-14.295553251217381
-1.445162826880924
41.89788203983922
-12.826368069850549
-1.4407670046718417
41.82017915032796
-13.126502663851245
-1.3499140009074206
41.9014212386531
-13.200551574434197
-2.7330460265402534
71.05596106385588
-13.346249046703354
-2.6602695702255352
71.05574724682792
-12.977691850773754
-2.445186706247012
69.36881716041833
-3.4837365110219047
-2.781871661974589
70.6503443408202
12.182719812853213
-1.1267691608579564
35.37463158436313
-13.676511074858473
-1.0633250406977122
41.81880668966413
-3.1090832270859696
-2.388834474155269
83.55380964270047
11.410199758909032
-1.7431807087707845
63.03478156453443
7.749536368869031
-0.8848605971918599
35.40372364504351
12.382294962911198
-0.9029632366113944
36.0566043188658
12.270720315103636
-0.8455145533410426
35.66641615100396
-13.221534303847928
-0.7496084702105938
41.90276608800778
2.9223537655918808
-1.5421527145251483
87.12687535756733
12.315874012338872
-0.6692091069671011
35.968740185478666
-12.968909577342805
-0.3703456792254553
41.90449200053054
-13.513632186436697
-0.31216474857621185
83.53016245890616
-13.158290880634995
-0.4025084575212788
84.90659969887722
2.9211445334660793
-0.3961874990562846
82.90975547003079
-3.425253599208939
0.21538349222958128
67.82144879268542
-20.789954888850062
0.5745599037978586
51.030316828366864
-12.518079090037052
0.8842504414851938
60.90759736221972
-11.599577849010906
0.8096712777257344
60.35506775537927
-11.56211894360289
0.8178672358159437
60.63077459541954
-12.091828750549949
0.9059933309872867
63.60498305541237
-11.578812228983958
0.955342196904781
65.26207125706549
-8.269158599740802
0.7492777910781807
58.28600449012192
-7.600172292395269
0.7643672106945756
58.7873784122782
-7.146398757705649
0.7281712702308042
57.56333437935339
-2.553171002957092
0.46975993644344183
48.810525422056095
-2.143036095155733
0.5869638012582833
51.246719959765116
-0.9555248447361846
0.7286989669957573
61.50987262305112
2.8769147399718173
0.7459437243901348
62.106846118855415
-21.239252412587252
0.7774677541820836
47.418652482261436
-19.834746822534374
0.8063341592210777
47.16925106737726
-19.459092074103715
0.8123668809657131
46.436966061396575
-19.18576037735064
0.8233455732280662
45.855735219722305
-20.205614314437586
0.8056283360245369
48.07600933674464
-19.73005639029326
0.977326563615579
50.08500423617694
-12.575298129300295
0.5111686593613423
41.82612698158411
-18.287209565321923
1.0448784050150262
54.88300594717528
-6.8567925010776305
0.8665328114119273
46.71259447531206
-3.7429850337533854
0.6127742338980237
41.93304596898186
-2.6082259410536284
0.5861947164560659
42.78891706553599
-2.3564506213387024
0.6604732862960515
42.27053452540345
-2.7826481712264637
0.7013141205206991
43.14834857549193
-2.0136702706794165
0.668028661345659
43.90416309748137
1.8174541219580378
0.7709561576925107
44.61544042452357
3.2559895450568694
0.33043388902263787
36.16854246639285
4.406238041490558
0.41293856495517833
36.92681257812911
4.480481998239242
0.41759703270723036
37.0262527291452
-20.153403003895125
1.3873626358346531
48.34815334680718
-13.56979420285425
0.9880893307039859
41.90645349095559
-13.03263241422295
0.9567028070460099
41.90787792586162
-12.4322785122708
0.9253409138175094
41.909479912033454
-12.558691785772323
0.9884854502104059
41.90929630436764
-12.414918366190358
0.9936709573847701
41.992155989808076
-13.256083231145192
1.0722592478906348
44.99246660892702
-13.272296851186399
1.1019209073573395
44.886554322105795
-8.739295496787554
1.6505062268296982
54.10845281719653
-3.537440581435876
0.73540808997177
38.233097952179946
-3.400896936921348
0.7892130646784468
39.58267136421307
-2.4844034786149796
0.6765098526694555
37.68109512484274
-2.3565110222060652
0.676559942655006
37.681454465704476
-1.9820378285010425
0.7887434817210156
38.23760784192964
-19.69885833947783
1.5434276270505367
46.55776892539292
-13.085412675950787
1.2019031489347916
40.96435013487198
-12.749102053930518
1.2605618091432567
41.74640674360447
-12.558791734266155
1.2412612672167591
41.90997279431147
-9.353826806809073
1.1857065922055698
39.969507903169216
-2.0509706049348426
0.8301769332981487
35.38080110926768
2.834261290535013
0.8454632236776396
36.16874077802707
2.709901424033469
0.865396667047407
36.123448411559885
3.174836173901035
0.8322170004544505
35.99113068511522
3.328145008847349
0.8289770248414242
35.94751919550728
3.8466430932345563
0.809314616428221
35.99295607143426
3.684475770534976
0.8324164851999353
35.99256262485615
-9.13786488417349
1.224912324227681
36.99016908269759
-4.111529416319225
0.9284039019261836
33.593143273500495
-3.6844473501811916
0.8919381599098539
33.626584234923584
-1.9172910037606017
0.8916328679112718
34.0659572692349
-1.9741538433632952
0.8869010681724874
32.95276700197873
2.218297405756808
1.0364768359955123
35.434452458995224
3.36807541715404
0.9732085733477117
33.843820466875385
-12.223665717460056
1.3547601875215731
36.12781559871949
-8.813369776604459
1.1754112676989539
34.04735044829893
-8.504609557425923
1.2206652440180201
34.65870485970986
-7.6603929833718105
1.2050685701953692
34.51283104000747
7.232809790789434
1.32021466124437
36.227612115152006
-3.2835252248406284
3.635848441663347
50.6057551033052
7.618764683297635
0.9924263865359053
31.875950811947234
-7.3695492994980665
1.3331036789824293
31.834769378498603
-7.109631414309445
1.315878110870379
31.835453150417315
2.20980375394411
4.405199457021478
53.56790724483288
1.9133737431300721
2.968339067518221
43.167624839916286
1.6302272803645268
1.4366429449795945
32.19009344280586
1.7014022144115706
1.436670466079009
32.19029246917735
1.808164432389399
1.4367123994660245
32.19059244049247
-13.731005595165485
2.6808570298696095
38.860658779106345
2.2774190632435207
1.7070163534724097
32.54064789283301
9.357835492952324
3.5459068320597775
40.736485133665354
9.348183782892553
3.6213051137260144
39.62608117136662
9.36925316835307
3.582086233787484
39.43069055714644
10.402083745685694
3.628477327319044
38.2230096690098
-28.865166650236326
-10.925226968077698
62.90134637189007
-28.969418781862192
-11.07318984459119
63.49482122315677
-28.80546775108509
-10.805869289564042
62.90201863943448
7.271179837156306
-10.657157594405122
62.1491671235917
7.570624411484392
-10.588051824578553
61.87101680611031
9.726707700228669
-10.715948944729474
62.156261174841
9.960567635461071
-10.715980057193823
62.156956024162604
10.009560370662829
-10.646446148624667
61.87806292220901
12.942667401363273
-10.917605595460135
62.73525323648899
12.591511369320367
-10.59940030693795
62.16530370383619
15.37281514669491
-10.799387422167317
62.74300770068322
-23.421755962796322
-8.347215807420508
54.4878463041141
-18.4712794249529
-6.790661031900544
47.87731168245205
-36.73505990524277
-13.00517790523175
74.92698296802524
-23.45668721617789
-8.247460480597153
54.67677104597085
-43.488020195576574
-15.012649958267735
83.94182102755242
6.897064509339239
-10.146274869790417
62.72038011436047
7.262017672674748
-10.256325387891772
62.43395173084102
7.963938037990606
-10.264959504176272
62.72308073799404
8.454890705906328
-9.342411633551643
58.79919480824603
9.218187841992412
-9.348710390768563
59.52722040659937
12.28288912301736
-9.99478951347285
61.34006359569047
12.501081648004623
-10.021561612374382
62.45057790043767
12.622805691449368
-9.891886161616014
61.88899375935155
13.86805523226622
-10.15503799454973
63.032223683662984
15.372886724294318
-10.206674361294743
62.745456648277234
19.120163621050324
-10.215420388731626
63.04767137983329
-32.61027831879207
-10.895159391811417
68.16554868343896
6.897122704571553
-9.672104449631178
62.72234614165045
6.837872150191802
-9.494282646619924
62.72290489326312
7.262096798524981
-9.608807072757903
62.43663510554721
7.845466043944986
-9.672230664397581
62.725175532893005
7.446716680287726
-9.487883252335923
62.1545299057146
8.898757219584054
-9.246453912256648
60.79996765012733
9.835489878569218
-9.485026395716504
61.88234854774267
9.793323037368907
-9.550278951450997
62.44444079833642
12.736594432994451
-9.609535763339956
62.45299034155302
12.7057539241804
-9.49506368335625
62.74043156223051
13.689069490598122
-9.617867428223688
63.03391158229954
13.868127295449858
-9.558208926384511
63.03469347881126
18.988527931480355
-9.555171266144637
62.758956294794324
-31.165536564117094
-9.731461474450324
66.73597577053563
7.31209463717095
-9.079446614644405
62.72603461726657
7.44678679595442
-8.90323440809698
62.15694929529462
7.46250981691453
-8.674057304547189
61.6030324084529
7.492695511985497
-8.458365065381658
60.537717036449195
10.03858438729596
-9.079809527834918
62.73418009221388
9.809744872735727
-8.960839652019743
63.025038511950754
11.838950019871465
-9.140158666238841
63.03035995219682
12.73421890984159
-8.9612289181827
63.03377547125977
10.0035465139186
-3.1982434903630725
33.74987391776823
-32.382257770765435
-9.01505204040128
65.71221987597943
-31.040752480747344
-8.524042368551806
64.11055790672944
-3.398516392727661
-4.26811666295955
40.79332716636289
7.79765529853724
-8.260167260852995
62.16065480994962
9.801577874167027
-8.427793620679545
62.736169830987805
11.421241167662895
-8.543273988766845
63.031581613557094
12.677884574032523
-8.314490296327056
62.45816978051148
15.432393486492334
-8.250729201798082
62.75372783646061
-25.13437479846216
-5.971499267192455
52.38245288348165
-25.85712328954492
-6.374631275985909
54.67734398693385
-25.713077074993684
-6.326637649837806
54.677972998597994
-32.30630097866669
-8.552379770121577
67.44572998363051
-32.14000403588818
-8.679495014654384
68.17612195400912
-8.757945896579795
-2.7475227802412236
33.94702599066994
-2.6635839968371986
-5.2196947226708055
47.93104868806777
-2.256384005194601
-5.500515758798186
49.06677650053962
6.825725653270307
-7.826467593740516
63.020815859663635
7.49006672491285
-7.7755025373804925
62.731961917157335
7.840346242691659
-7.76691935697569
63.02409403054697
7.959711877921557
-7.766935245303719
63.024450639183144
9.801648486640328
-7.835081052297481
62.73862258840705
10.453636450309347
-7.835168328676438
62.740574235918146
9.979478395823147
-7.716561634837683
62.73964437258343
11.063221135890078
-7.88671445963466
63.033232369441805
11.242270792220971
-7.886738276501002
63.033763471309896
11.481009268987615
-7.827087241707153
63.03472366770242
12.390792437816163
-7.685201485343537
61.897431380228404
12.538497964939962
-7.694170545068676
61.62225448948084
8.510021207303673
-4.935381928061179
45.947680310443175
-25.315681387631802
-5.45287469666989
52.220057320748886
-24.88310597067621
-5.780985330311084
53.40501093976873
-25.336034803660702
-5.851540565263827
54.12144594193167
-4.1135416830287586
-3.8844255123708002
41.54327250380819
7.3123379621965325
-7.0642227381776115
62.73437400691476
7.780741979257083
-7.110400009934415
63.02663249638728
10.34710184844788
-7.230107217847905
63.03380184835247
11.144542441783901
-3.0626357762621113
36.393756134034895
-26.45781369644445
-5.345198576369385
53.57872013603942
-25.393293555555633
-5.292655475432105
53.23078785999941
7.661433040869499
-6.632921153047115
63.028251719836675
7.371674396017397
-6.5307888870830295
62.73675856999199
7.959856015629739
-6.573277570021976
63.0293864128589
10.526217292471078
-6.692985286527701
63.036563396419695
9.801814042514941
-6.471841525554642
62.74426394243861
-12.883385565051356
-2.7918962324260828
40.9703324604847
-12.927984571580714
-2.8649663644908054
41.592185068956084
7.964532048741646
-5.345442167826014
62.74343484600523
7.363183982830036
-5.2601748614516755
63.033040723766504
8.49958898616008
-5.337016901681816
62.174847757756
9.92953709975205
-5.439564912447296
63.03997072733124
10.227960063056234
-5.3799218220396074
63.04110923302781
9.929551523764228
-5.320199273763104
63.04046087092402
10.46669949349293
-5.3202707873726975
63.04206943226946
11.182890878314208
-5.380048913641103
63.04395830456434
11.324345962332874
-5.25331403230366
62.466791935604775
11.446479549617466
-2.2621149368639824
35.78696465770417
-14.02489157043024
-2.674225934421334
41.73322652660629
7.557013625970165
-4.723024814842842
62.457732899030844
7.910207237087239
-4.7230718271671215
62.4587880761907
7.312623750050073
-4.693371511427503
62.744185050510126
8.79441242377664
-4.693568762744989
62.74861575603868
9.810242119997671
-4.842719924194885
63.0420762802745
9.929608220664115
-4.842735828370761
63.04243670498282
10.048989687556734
-4.723386586606834
63.04329108880739
10.394744215110174
-4.69378176133637
62.753392983542554
10.513286356307699
-4.693797063219008
62.75374713393713
10.287729129449485
-4.663735059322476
63.04424747537468
10.565524974805117
-1.9427111285580205
35.358020799349184
10.868811077181837
-1.9537031498371489
35.46347810680125
10.87859848576277
-1.946385976766447
35.39364097491628
-13.546001361339142
-2.276230685528325
41.59277447444462
-12.538492620803321
-2.261672518754679
41.10860477122165
8.079518528892482
-4.126295343880152
63.03987299618318
8.616666498621184
-4.126366857489745
63.04148155752861
8.25874527892936
-2.609501960799172
46.16582106416197
-14.439715350399782
-2.051821892175069
41.734562403704835
-13.853794118768775
-2.063226773535862
41.88179095997771
-13.8057665870582
-1.9683355666670364
41.80931285763802
9.094203975133048
-3.529601327233085
63.04537398112138
9.392618778460331
-3.529641048148363
63.046265504848655
9.595888695778427
-3.145691068562189
59.30902921033628
-13.880935035793135
-1.6245454553270635
41.523439642231764
-13.135703853448119
-1.7260035228083541
41.73980708022812
-12.421351071913051
-1.675478564148932
41.88767565600159
12.184884828115036
-1.4124819222764635
36.72834114358384
12.197973733740971
-1.409910263476823
36.687068602739124
-14.251774669776228
-1.4032506371098161
41.81031837647045
-13.32670727394557
-1.308020166551003
41.66895491389717
-13.017113286951854
-1.340755941678883
41.74175552931145
-13.070505818067902
-2.5719969778188054
68.25837882000606
-12.869058265066235
-2.4377372096511287
68.25953249187017
-3.2934654706637865
-2.6579072728845805
68.66107169880897
-3.4964577616950687
-2.45486451659062
68.66130529836408
-14.122252331422233
-1.1082646705931214
41.884940259649284
-13.6746291784605
-1.1083242599851668
41.8862794554131
11.06396244423149
-1.73937651980411
63.0586674358554
11.362379154898878
-1.7394162409732674
63.059558965280914
-13.210848959718763
-0.719410806451789
41.81625836442717
2.9483593481546557
-1.5235805288830764
85.48326882195785
-12.92850282762926
-0.3922288115433411
41.89147011955933
-13.40594808922996
-0.3346604203574527
84.09244001874048
2.9770630973064236
-0.4263654573365069
84.14101816414136
3.6561233744630175
-0.44732961136917715
37.30885440299739
-19.71868900416867
0.34264920951138256
80.94255737159301
-18.777342028545387
0.42108365747200394
75.03620157360812
-13.85349558156467
0.29206954562637605
84.09369601463882
-19.905612249962246
0.2916451227981425
47.30997537300818
-20.51239771520708
0.3392012446590557
47.66062801982717
-20.664505404214392
0.3772495253035277
47.66033094696856
-19.774924769812962
0.307513868942313
47.902789261740224
-11.270999459853275
0.7888094766151108
59.75607080089652
-12.057299585205131
0.8989150737267093
63.295616276796046
-8.30458478992749
0.7508365537625118
58.554968718879884
-6.953734384084837
0.6885868325238331
56.56043054895967
-2.8149246851800007
0.42751896568139647
49.489620607980854
3.0341154622567874
0.037680336013233465
36.38235010267407
3.552627668488876
0.10220883414429172
36.34451694208346
-21.17910215255653
0.7145507218162399
47.54172964873726
-20.434670040672323
0.7172435284271664
46.743112499596066
-20.603616299351305
0.7489983384680597
46.63222585115288
-19.774880350823814
0.6911896731863468
47.90437698138875
-19.865863038684157
0.7954515964472825
47.66444780723046
-19.727625829375487
0.9419405916060584
49.992476011151965
-3.707353542891577
0.4719457740882529
41.922599486708414
-3.69443595708524
0.5580645878186645
41.84998017424013
-2.4838420189822763
0.5314658485114176
41.92650172443039
-2.364472309463168
0.5612913579526835
41.926983731375
-2.3047890150131933
0.5612834137251991
41.92716203711765
3.585812268493458
0.2886283117247266
36.1116779549805
-7.087292449086535
1.0266288449479513
45.219783175879854
-4.1151735074413685
0.6053342227138943
38.134558590711904
-1.7323043226042283
0.8171558637875861
42.2271288246738
2.895008001572061
0.5703098435980374
36.464048736230176
-19.27856439907441
1.4764732753764345
46.100446303899446
-19.14356180126343
1.4843907960478024
46.20682752393695
-13.368995868769145
1.1085017392800203
41.607308843562436
-12.584251897153077
1.2208548211881705
43.14041389860938
-5.51926647811761
0.9425109845995354
39.74986325601159
-2.9579581039135956
0.7518194512708528
36.21000668299146
-2.490983680606303
0.7155950796795618
36.018941219964994
-2.5937269631793813
0.7681610929551449
35.868427668493496
-1.9155249754739427
0.791117839455542
37.34208305169676
-1.87119464437261
0.8078275559162776
37.569748480326055
2.596719632824751
0.8294763451488151
36.6676464267913
2.909881357585566
0.8197251101323582
36.54586052260194
-12.414880120631343
1.2594771338062458
39.671775358784046
-11.821180633799308
1.2699013530876864
39.7915483061041
-4.243820376442972
0.8774465820095074
35.18828795391649
1.3625444728320182
0.9160092946192248
35.41191426291056
9.639567060371503
0.8056202422768568
33.11502225734168
-3.5406061350322977
1.0825117838060174
34.29929077597309
-1.5282240126842992
1.4213744701597502
35.65418153414076
-8.666301342646065
1.2283270316928419
34.225087155853814
-1.813780375802492
1.1363634270049214
33.08216726949536
1.2360216276046903
4.373275026987793
58.13532509139964
-8.398159341660275
1.2931852475644592
33.06314150389322
-14.763236898344456
2.9616255070684825
44.72442046944714
-3.471627862432434
3.249557234248443
46.04994588855658
1.700348162549018
5.025226621972329
57.91207417527262
-8.191589949068637
6.8433527401
65.51912507837068
2.2408769904255554
1.5863331164660408
33.0961448207168
9.07846821256893
3.4249292430204012
40.04264141243824
9.705477497508477
3.5186171644755952
40.10556855386383
9.884707411418965
3.569140139412748
40.3528697957499
9.151548503055976
3.490914696817488
38.85205247096734
9.280556312162282
3.3566748302740654
38.235440368243175
6.986790524340774
-9.948587991416622
60.00085024108725
6.706346781015025
-9.95425966019441
60.23880903685876
9.242818044628807
-9.895145626162622
60.00831403229961
12.250846118554538
-9.895505515978298
60.01787471205199
8.379169160759751
-9.582899978418112
60.73300497881556
8.327987090109566
-9.359880105695941
60.247137676871034
9.70697562098571
-9.700934085217567
61.2360545201627
9.793055737276767
-9.832230138932397
62.27423725559055
11.713742715560677
-9.465727270676163
60.01845967179847
12.598133133430792
-9.468496503224916
60.2601384692064
12.760290312705516
-9.468516930735875
60.26065788254873
12.922448457977808
-9.468535430686629
60.261173494476985
12.143477062962363
-9.304635907162346
60.020685865804964
13.593771080856207
-9.35852483603213
60.025010700203794
14.560627336418426
-9.466068802625172
60.027511780655274
14.560638401669634
-9.358639874455532
60.028085009102654
6.791741912770631
-8.9258213211133
60.73145855927281
7.900053540061008
-8.87441207242992
60.00948601402381
7.73892021070637
-8.76696476592606
60.00954685391959
9.583530818359716
-9.035637471179037
60.739755154154
13.976406446946434
-9.678840004960918
63.38348912220309
13.009595763631017
-9.264931513550376
62.55580174764618
-3.2850839668521625
-4.485863459270806
40.947077050939235
-3.0976678852708943
-4.485885942998861
40.94767296928435
-3.241664502059316
-4.417921062759496
41.00673902200876
7.309251765649101
-8.283484488039448
60.01076383352766
7.953834411602057
-8.229847331524102
60.013096165463445
8.974404193675934
-8.337398695623653
60.01576803127084
9.246981222050556
-8.38705185269078
60.2552547448844
9.762549503991492
-8.481106635391965
61.24274353611638
9.30544657182242
-8.27412583003556
60.49794545469118
13.417557136982994
-8.977639779288102
63.106116515367965
13.639889594550679
-8.86394031211303
62.55994196453095
13.21644383949998
-8.860244682885732
63.385436065296716
15.030617458203999
-8.33369361664675
60.27392929180317
14.86372664639296
-8.426271321166787
61.25925554326032
-9.641792313370079
-2.7652502937163623
34.25642805668196
-9.589809696882112
-2.765256529910198
34.25659334343074
-3.1610704188599485
-4.203073597811215
41.00814357337231
-3.3759239994632684
-4.14933359615784
41.0077470086259
-3.0901846671866737
-4.134034992578569
41.0682687769772
-2.9454335591268874
-5.486346423396318
48.433278084077074
7.05095223688037
-8.118311727545533
62.54296554859184
16.730804233073798
-8.17095572826941
62.8453786792578
-24.74808652954667
-6.078396151635855
53.590209348784725
-3.993613663503719
-3.853830642789184
41.007357339372504
-2.968306401135235
-5.14309345705828
47.98337173328113
-2.7846658970595786
-5.14311548784197
47.983955646595085
-3.020128182682687
-5.112672191095988
48.43503238626944
7.945698637853545
-7.968035819411114
63.943662108642755
10.375830645835658
-7.968327354837226
63.951389088272165
10.079478235166377
-7.909020833263087
63.950763033744494
10.257292784467426
-7.909042144770392
63.951324607874184
10.435119531535344
-7.79052153991287
63.9525225228148
11.739091850441623
-7.79067797344174
63.95666870397386
12.305526523855317
-7.519157998921559
61.768474133773765
12.314364897251709
-7.641908437784916
63.109738725864396
12.462521298605637
-7.593645337378664
62.83488455605344
11.157465871016896
-3.080599753412314
36.40147595523854
-2.6986531652053825
-3.6798158942793324
41.75231711575077
12.154048335382992
-7.25728903266633
63.960834315273345
-2.6300057970109516
-3.4075820604866074
41.25446850648491
-2.5565425544165765
-3.4169919027127467
41.31570352722894
7.590198256366148
-6.723303276685971
63.94916904045027
7.773755547814091
-6.680339868291938
63.66291671880374
8.009217962937251
-6.680368136344727
63.66366922254099
7.353130521703774
-6.545461452298052
63.94936398060429
7.471673069648644
-6.545475673481146
63.9497409049237
9.73649153044328
-6.417275319305497
62.29227805361822
16.843949201576574
-6.4810623228610345
63.13033789886137
7.95041240354894
-6.091711104155449
63.66661920240597
11.443494093363144
-5.899718497300553
63.1162646554954
7.370291125247918
-5.41013622396987
63.38525564665848
7.853381874631931
-5.310940900980438
62.56049640038489
7.42070158525391
-5.326403013957153
63.66902172640292
11.36467976325468
-5.444606036531413
63.68093024415087
11.521318118061727
-5.352169560918762
63.39876641889839
11.404399792133795
-5.235226713559486
63.39901853952763
8.487661432764842
-4.544215165819522
61.25969071401987
8.044087808229362
-4.488715162167143
61.25857614279877
8.65527434507676
-4.538923144895011
62.29885770653699
10.19833357806049
-4.886216601617167
63.96726556067489
10.553974850166206
-4.7677173489732345
63.96903267899256
10.257622439496927
-4.708410827399096
63.96840662446489
10.441504673426643
-1.8935215310471067
35.19822640259808
10.752427297852774
-1.9089653173429795
35.170844393578385
-13.003713203725704
-2.2089512749844205
40.92831754571809
-12.148076802948221
-2.0116129964610976
39.615087770670186
-12.909242989599559
-3.3198652808717513
54.84021833753401
8.896426128739865
-4.260374266201961
64.25751608686795
9.87391813125778
-3.8790171358215186
61.267648620931496
9.972828339253917
-2.5840920692940923
45.713952797378795
9.49102412088967
-1.7023661408161472
35.1397687214027
9.57327599960881
-1.6573342217324174
35.2536694091275
-11.205154322430637
-1.7064255681647313
38.25385144131135
-18.21794626543981
-2.511761098301321
49.10831915496834
-20.400166459323327
-2.6406917205446807
51.90725810876742
8.836811205578128
-3.6038589499820075
64.26082936928603
8.956177234970276
-3.6038735287254093
64.26121272538191
-13.54745586336932
-1.6618062367463007
41.16839618846937
-13.62878022850308
-1.5804623214461555
41.16856966082621
-10.966441304683368
-1.463053688488297
38.041541910279626
-12.955950848069614
-3.1900571043613932
69.46903530354355
-12.284516983568942
-3.1901376542068958
69.47117023110158
8.657463497195977
-3.0486319651330906
63.97217349406618
-12.923031828467316
-1.3465923578379522
40.81594930110485
-13.828760582716608
-2.6528091587261535
69.46912221436286
-13.358756985076988
-2.6528656831672985
69.47062047733785
-12.788733152224669
-2.502574107258577
69.10518993298629
-3.3949097200040987
-2.703568082517724
69.13399264174832
-3.2872404361951753
-2.7212167743998172
69.50228617347635
8.833771823918038
-2.442188154562984
63.68890078606729
9.441269045919602
-2.3510072595378166
61.786939918890724
13.517786667420767
-2.4565055702286918
63.990786262300716
-14.16542037878142
-1.11787013973865
41.92359529751518
-13.021616108479526
-2.4315504078798305
83.38049425972861
11.541647257127785
-1.8538630732505148
63.70065548430405
7.61442512100384
-0.8851532506485287
35.02669803487229
-12.726718588557201
-0.7284960832193815
40.42077210392769
-15.184308775478991
-1.4840385135217744
89.51719884204896
2.9541841163271028
-1.6003074523829108
85.35402137989013
-3.5990839420334493
-0.6343646120579688
92.69922418972968
2.4809364523328683
-0.7023512378158953
84.70469548627102
2.954294994784191
-0.5260214990789354
85.35975746209459
11.124988401585096
-0.4802248352436791
47.94255956014232
-19.373058673480283
0.09225180039166597
75.29673491953407
-19.071485221686185
0.24299254467031117
75.29849829783903
-22.100409746268895
0.22818079018635462
88.76232054161105
-18.874165919278408
0.2879317845527509
78.78682912292997
-18.7641624220865
0.3533294155122813
77.7454011675408
7.746417205225204
-0.2589119359379869
35.255319869651146
-18.928773683703643
0.20174293167524085
47.206793828983024
-13.716072881934057
0.5862112557240193
56.53829349123754
-19.316361330903366
0.8575493002211078
75.77275597538898
-12.837578988760873
0.5745200237674346
56.15305515566935
-18.875052394077485
0.8691198478646367
76.25439785488156
-18.261171541679676
0.8690461821215176
76.25635359842083
-17.947332119494625
1.0094964748902284
75.77791679944039
-17.795218021387424
1.0094781070244288
75.77840046904677
-17.48823612374872
0.9966875600054832
75.30755869412081
-4.2462719984063275
0.4096222648915576
53.690028351358734
-3.5637220384013775
0.44044911768581513
53.20541185472625
-0.8197957367679005
0.5788385460510524
56.38418835927851
1.370528263471615
0.7551215984111292
62.303940566159525
2.6450796176300853
0.04298706585078396
37.720926916411386
3.140208572093112
0.0056028730176838765
36.52894927505184
-19.384148933355323
0.6071561687375292
47.525363044591984
-19.41086550592258
0.6746788034826792
47.418799968995124
-13.094631965542623
0.9076176319688669
54.86218472548724
-13.194354486246581
0.9375220034990347
55.58798184351185
-12.525693209501641
0.9048762418389373
55.965078765742895
-6.597964601037195
0.826009573818848
54.01794920689363
2.564417914852101
0.21017298016488267
36.99037670553586
-19.461346200189073
1.033148470069879
46.797842218471445
-7.37333754034671
0.9737611146961778
45.86323272976209
-6.908051819200128
1.001731940058126
45.77176795471339
-5.312022122033456
0.8436826309147425
42.70771165312641
-4.116928550379821
0.7318037478226163
42.29750493389504
-1.7228823407794918
0.7719049364813976
43.522194978526564
-0.9993743266878972
0.8016822504858955
43.00631520609226
-0.618458477455133
0.8103042875766898
43.15309851257835
-0.49909225710605215
0.8102898483725702
43.153478055255206
-0.4425668077681141
0.8190720244125645
43.30126573946195
0.09893826390270656
0.7673966340035254
43.452350369518996
4.306616046786091
0.4188381897261908
36.6040940965711
-13.517097418211884
1.0517576558657271
41.93723332990193
-7.240367321716931
0.9852919384746233
41.44757054581943
-7.185451223947654
0.9852853401828058
41.44774706735562
-6.984987393440675
0.9618250496059566
41.89241129088115
-6.92881531295483
0.9618183006377746
41.89259180600816
-6.566799971594145
0.921558540616159
41.3260983148576
-6.817948876488341
0.9716559290566298
41.264517199543214
-6.785064024878457
0.976151643328878
41.325695455574156
-6.18794837349869
0.9043675788348113
41.0852996647008
4.500597577013038
0.678026241798625
36.502494288277276
4.613598064824694
0.6806915942549725
36.537237062252956
-8.710151465260832
0.6510245032908953
34.712461549186166
-13.341938944571666
1.2548675677822698
41.68094408087559
-9.987189373400092
1.2501118779196034
40.72335889966487
-6.306814137453582
1.092639977190071
39.548701315073636
-6.4244312410761335
1.1219396278273086
39.599099875132026
-2.33927614227043
0.7490042570421553
35.22862314472849
3.494850318533712
0.8226667467540734
36.06768129745169
-12.76375031169543
1.3145595977034477
38.80365511822739
-1.6789420838550493
2.3266004588945055
44.564564400634474
0.3155855520526528
2.430696507541949
41.79450627432476
1.6206491808426937
1.8913498672842535
38.57876752448108
8.250585766352428
1.1283398777206786
34.586211369134524
11.462094403118506
2.5745676348291555
36.43261918985635
-13.639275722452924
2.902835910132353
39.28626958946563
-7.854926222350791
6.84465318095763
59.116856308485076
2.3665539044560076
1.9982874173571885
34.32003521702955
3.66668751409924
2.376591744052589
35.19946201860161
12.684612650390127
-10.330560788061748
60.77400795171184
6.9351977395608735
-10.070866990958189
61.22396248168647
6.612969593987374
-10.016786267136354
61.22307381156597
7.687203494804797
-10.071719993116242
61.22658799481083
7.902182201865385
-9.964534375375631
61.22781505095931
7.6873833259300675
-9.910576445730962
61.227297634829874
8.700790485242216
-9.563051289184134
59.209655784379564
9.513623459892443
-9.966362220745307
61.233437337063606
12.253013459163382
-10.023184754581452
61.24276897293312
14.885154046595925
-9.918740913287316
61.25243136555657
6.88214400199938
-9.479946072388472
61.2263769653475
6.72111960529121
-9.37233489017895
61.226287445264646
7.043408331063115
-9.372700463150544
61.2274126670777
7.311981713967181
-9.373004152998046
61.2283503541794
7.741579491445254
-9.480920932384015
61.22937755296447
8.28420569404633
-9.316217542448125
60.53294511877982
7.956557735009155
-9.37373529731861
61.23060079281113
8.918961662644062
-9.42441445650518
60.764832707670614
9.138221846862475
-9.42879088167686
61.23449005221339
10.051311147444057
-9.483540867236044
61.237441627919054
10.481029130583966
-9.484028297504251
61.23894192255994
10.588458864785917
-9.48415015534174
61.239316997052555
12.468411958513487
-9.539996857111332
61.24564422987342
12.575842646383327
-9.540118716030568
61.246019307695626
12.925312134015055
-9.597346045451769
61.485873307833344
12.361103382574182
-9.432446604902303
61.24574225036646
12.62967628757722
-9.432751247873403
61.24667993160362
14.83191858391064
-9.488963523155462
61.25413238790235
9.75036708506948
-4.377762733842959
39.102658688876474
-3.1222820788315913
-4.512592359724542
41.00058571918218
6.8826844490430785
-8.996515431314384
61.22850588873424
6.936519997572755
-8.889147965320715
61.229166519301415
7.044069461669678
-8.7818395198351
61.23001469218478
7.593444063455373
-8.733242767911495
60.76323550367738
9.514824559641678
-8.892071589479372
61.23816827969289
10.105687620918458
-8.892741807044688
61.2402311877375
11.212875462857056
-9.054614180747683
61.724179219983895
12.469134142951154
-8.895423624479935
61.24848279573865
13.865715919237052
-8.897007770958552
61.253358747494744
14.88641715597832
-8.790736086458235
61.257398860673064
16.27735316585468
-8.898467356001692
61.50066433921154
-3.474143693187764
-4.367911871541822
41.26363186654851
-3.193615600840229
-4.368230066914674
41.26460938015272
-3.2797454224397886
-4.328529578350301
41.31815464905414
-3.2190325113255227
-4.291693892298715
41.264859170931715
7.151979539017327
-8.352246364821852
61.2322821379365
7.313123187185902
-8.352428673664102
61.23284474844571
6.937240753109208
-8.244573300569987
61.23200508647186
7.25952898817637
-8.244939366616862
61.233134119157285
9.515366437187213
-8.408640950027907
61.24029720807401
9.408056907580018
-8.30109069673713
61.240395225237464
9.515486641781967
-8.301212554574619
61.24077029973009
12.60226554001127
-8.461879494272445
61.48973592252902
12.440168147152404
-8.40764328637689
61.489407807739155
12.684713890057562
-8.251092674863312
61.25207151022954
14.833120636794225
-8.414673369803511
61.258863331761354
-3.4993320754451327
-4.087356102542608
41.26477820942422
-3.473743959738574
-4.010878013082433
41.26520416806349
-3.2027523833300817
-4.098411552664947
41.319436333002244
-2.9602701398048574
-5.379972757914373
48.44425363151238
-2.8292507660709796
-5.364701713024853
48.54984686877839
-2.1847143299025293
-5.401242473589505
48.551937703837766
6.8302918399539845
-7.814735476758166
61.23352238910287
7.305782516066929
-7.861294998176865
61.473863938907314
10.683665544134566
-7.849443780201689
61.97261524792857
12.386720011628944
-7.8670583024939456
61.49159944069251
12.46535218659321
-7.804961373603625
61.734052801687675
12.494946844183557
-7.759076400510723
61.492456759765986
16.27279545994946
-7.972463809049043
61.74662792034863
16.32193778321343
-7.910579680997954
61.99205574786754
-3.8418122388440175
-3.739589484665048
41.31877882823569
-2.972089091600458
-5.0064425188453825
48.55092375296096
7.144168981700966
-7.374640122409125
61.47543628865071
7.306387322911641
-7.320771326692354
61.476244289445084
11.792686739651902
-7.379912948649655
61.491665877715945
11.160368840913652
-7.3683249070482
61.73141128429173
11.414501386675823
-7.2173264907932895
61.49106278858167
12.256017651842024
-7.337458638087558
61.254592517763825
7.3455614572966885
-6.860319486249258
61.9652961301262
7.17245682501153
-6.8458155401498075
62.212881800554655
7.126781154790123
-6.695849138970271
61.96525484903015
9.316424102878686
-6.698332363244876
61.97289584003519
9.307118146897404
-6.620359842425933
61.48631742782704
-4.124895298363602
-3.220712133576441
41.107288710160134
-4.186901581329898
-3.1939899340679947
41.26630493247811
6.952704931537221
-6.2946474383589655
62.21453854375847
7.037395088440606
-6.185366106318003
61.48029944135658
7.017850387450138
-6.203056641768728
61.96704221504592
9.41040091104981
-6.206224587759877
61.24962056712744
9.518010953210974
-6.045202898752961
61.2507052833039
9.578468649201413
-5.6477245554323074
61.491545633368574
11.358100170813447
-5.385613059524964
63.7921778174336
11.279679609582942
-5.335370944237807
64.33961487404117
8.015742406147094
-4.485776117335611
61.25231794060275
7.747288276037287
-4.378042362040247
61.25185334917708
8.443923387615264
-4.427940459067082
61.73485099351945
10.223939396180695
-4.724937881766842
64.06302758099089
10.149890989797525
-4.64551774367669
62.23297294906105
11.255427086109261
-4.460473338106215
61.50263260221447
8.4363684871109
-4.261469302912071
64.05881301755481
8.899982000180922
-4.2874149585085926
64.3359055211514
10.057621912145772
-3.8435172212980495
61.262282899390755
7.737606292818402
-2.726768366528709
48.598398745400885
9.208183823937416
-3.6767804210963946
65.48027086361199
9.9058495076738
-3.692922191740146
64.90452406115676
12.348554287567707
-1.6240084090274343
37.90648690975971
8.553240061584459
-3.033314268309982
63.79272089648795
10.259700963914566
-3.1046708181005553
64.90835329196705
-14.191574190007714
-2.7362363513203922
69.94745962231153
-13.10223483938856
-2.755011166656716
70.31356097366974
-12.90236704382805
-2.7552381324521886
70.31426259515582
-13.568446525399803
-2.621236904372957
70.31252334470692
-13.168634454089554
-2.555067923746611
70.31421235796915
-3.3752934677723467
-2.766044462510353
70.34752110236946
8.554609475546814
-2.397105673493455
62.488615703875915
11.522332563632874
-1.6876428533561412
48.511135489822514
12.307044923608743
-1.2754485304006737
39.72406523408587
-23.970742848150525
-1.9905907883519056
71.78643259181855
11.23203042176009
-0.9607798222228257
47.80156877518206
11.299665592995316
-0.9313892457075343
48.10199003914816
11.147097178399513
-0.8774969621020291
43.35361765094687
-13.657599432353443
-0.5838693866920255
86.5150731805075
-3.451595631819692
-0.601468270942162
90.02888753960951
2.5462365093599937
-0.6917737346098402
86.57125250079186
3.5609372892078204
-0.6849595631459383
84.04268955591343
11.571619088206305
-0.6183439055094782
48.62108055116174
-21.066591665845234
0.2284831775385659
73.41352272710122
-19.666884859967475
0.047884404109597434
76.97331928649544
-20.04708056551799
0.12437173419078962
76.97233034319464
-19.871216693286726
0.26976240054742906
76.50182912163035
-19.66662764931894
0.27605226274218153
76.97432409556902
-19.24232867699033
0.31726269061322754
79.9916806038744
-14.16773036986906
0.120524243547946
85.22448305664692
-13.516190375207877
0.12591111745697825
85.86607326922504
-2.883822234887928
0.03344854094482694
77.51211381476233
3.6642091019252403
-0.3189219440341632
37.37344914524639
-19.82422282699276
0.631796727308138
66.91578844566517
-19.638732514946067
0.6315863251464917
66.91643605673107
-19.742003762136093
0.8845861233671869
76.97673802738524
-19.28566603396354
0.8840683958411709
76.97832744558806
-18.920639900983495
0.8189902640307943
77.45949996572385
-18.460228116786407
0.8184680177011957
77.46110742307852
-12.618741467383508
0.8184210203963189
67.25861416266275
-11.790539826673529
0.7171352229870023
70.70147191263978
-11.674877603998691
0.7663823546532416
75.61356275820495
-4.106139619504023
0.44486585527317785
54.90128782629917
-3.1909589910832477
0.3145499752751473
50.503900446433775
2.7362009109122436
-0.06157254040929103
37.95032640876008
3.4396714139672193
-0.0718009638492199
36.370946053807
-13.71146868264672
0.7756054592681394
55.034872628761235
-12.923802333279502
0.9024891168332332
54.8724679677585
-12.476180202499767
0.9019813610429817
54.8740345866772
-12.804976329616329
0.8583634217080025
57.171416371815795
-12.727830916492632
0.9459903458399047
58.147657730093755
-12.666209244427431
0.9699469706206609
56.43030772443408
-8.445066389732713
0.8283300179125956
55.39021204430668
-7.218476406607309
0.9168040876068423
56.44912101726905
-2.124656584076913
0.5701003986461795
48.3691546884596
-2.049730122657003
0.6428954649039442
49.22826910355453
-2.0508801181061687
0.5835141869743743
47.08924857295902
2.579647350990574
0.16854609568088968
37.114853234818
3.4954245944718276
0.09483620304287746
36.371873214576986
-8.454717982848969
0.9558825537625338
46.97540162355084
-7.713115849378373
1.0039070634615743
48.98996777932
-6.867105851816941
0.9991492299054529
50.25182053615856
-6.6417445983371275
1.2025841966512736
52.4610083628851
-3.751243973973915
0.5994514306387149
42.06613591143503
-3.804430062110896
0.6261196283447122
42.066067291602906
-1.7700496662456437
0.7976654865009699
44.50799629334266
1.6793415604703252
0.7510330091431238
44.821251529367444
1.4598361575787118
0.7509202387127722
44.298510298662706
1.5463469824057563
0.7546876177396917
43.87113590063015
3.672900978965664
0.27819348108440567
36.34513421882549
4.254983477693728
0.31975188162655505
36.43221723049062
-9.124904684248413
1.0253632605075165
44.190197164665165
-9.021808799936544
1.0323828621598152
43.49206826125412
-6.851824997478162
0.976445715937079
42.78291947944139
-0.3773368888860938
0.8559193070142485
42.37488937935616
-6.339285820366777
1.0653080442288017
40.96207373048529
-2.6973164166152492
0.7079461835594455
36.29670750044393
-1.9155957896638232
0.775917616616822
37.4908424427169
-1.928603446416058
0.8080903432733172
35.51106316144931
-1.8070409597939823
1.050534482741708
35.512555862280315
-3.6504767225010295
2.9236658508894036
47.668214365258706
-1.801077886658745
2.341990257225453
43.52307648367906
0.40354071238223727
3.905234100444486
53.81890334316873
-3.087763019382799
2.6841664951459436
43.3195186393298
-2.2378105549274294
2.696872488077406
43.59086104901545
-2.508671671393281
1.7209060965593592
37.103892940213974
6.979502835701464
-10.068828295675335
62.53926941897626
8.1612225030887
-10.06914399816905
62.544593041035796
8.161248773214576
-9.961714897606912
62.54513246967408
8.345921151178713
-9.251226500326299
59.29390695939803
8.193994228507052
-9.302374450531612
59.69442961796645
9.978893227089788
-9.956976204796277
62.317429455139525
10.18258374514637
-9.8457680162394
62.08590625046318
12.512097921419274
-10.070306356939344
62.56419364259516
12.673242427227182
-10.070349426678298
62.56492340986689
12.780670854862734
-10.070378107581373
62.56540355796895
12.673268714309707
-9.96292126062851
62.56545901910612
13.69383120058515
-10.01690798611051
62.56978697872766
13.53270076619833
-9.963150862326314
62.56933074228749
14.889935005022165
-9.958288234048295
62.339557408966215
14.499562165007406
-9.9634091834818
62.57369024708809
15.370350523286122
-10.01179782833417
62.34145368879065
15.842398672192676
-10.071196063932348
62.579196576904366
18.039382442127724
-10.06589116909813
62.35320964390783
-3.2460414407257483
-4.508778040617259
41.0528383080228
7.256572242656226
-9.529202766079685
62.3073131075698
7.970001264694349
-9.258210805183134
61.17494929839696
7.842003579900135
-8.853635982125876
59.89932826467252
7.787340359400226
-8.852061068023305
60.105709990373605
9.978997620010958
-9.529931048853616
62.319581386103735
12.594687340208658
-9.423867327062718
62.33189716198528
13.47907755263484
-9.587135136908694
62.57097675447467
13.425402752484203
-9.425977612870126
62.57154391368154
13.962547665473313
-9.426122067561671
62.57396373534429
16.064457427086897
-9.371413045200423
62.34779638460289
17.82211150392606
-9.317296139004586
62.12298541532506
18.146312981976067
-9.371970177293537
62.35717509497314
-3.3393953142784767
-4.251858165319658
41.05370740204781
7.0095725293975395
-8.680506523239996
61.84731532686398
7.226597046098672
-8.39534085472461
60.31453370218259
7.3351423972785135
-8.299090784708
60.10645205051528
9.872419540396594
-8.782570795498609
62.322849157367244
12.701579673279728
-8.890089117808317
62.335058500003086
12.541462605234141
-8.783283844096054
62.33487313981415
15.530765913512788
-8.890843995817306
62.347803928849046
15.700198826037782
-8.733166114717536
62.116355818508666
17.610009653363868
-8.892830175436764
62.12416049955483
18.420984751974977
-8.890168577746087
62.59674544661146
-3.376868140698696
-4.032126137590658
41.00988848609025
-2.499127024834988
-5.475429372167426
48.09222587756527
-2.365881721445977
-5.475464969336295
48.09282614483341
-2.5990447705102997
-5.408780305228338
48.09211020458186
7.10596577953201
-8.359510672789431
62.0795032610894
7.033650496602047
-8.296268208400154
62.54841194413264
7.636505331662114
-8.253549845880316
62.08242598136884
7.844061888744492
-8.301602438360794
62.316123262335125
11.27707171130995
-8.404830490975849
62.56698915888361
12.566207130912252
-8.458889443931014
62.57252703148465
12.834779110691105
-8.458961194318267
62.57373694256219
12.727390105317617
-8.297789320253202
62.5740621204128
18.36739998970249
-8.353010154892749
62.599200592671245
-3.9662889053160577
-3.8676727770059984
41.23428418021889
-3.767034518713497
-3.8114705822661765
41.18972305937667
-3.925793386100237
-3.842448769111301
41.4671215496428
-2.753600713307045
-5.211906343679246
48.27642343152544
7.1502673141145605
-7.660847823863227
62.31621348661078
7.678369718803026
-7.705582283247281
62.554286402284674
7.893214375485947
-7.75935421473919
62.55498080307636
10.417770055919695
-7.867457293537113
62.56581456502022
9.988079806079103
-7.759913411148601
62.56442194453017
11.169759608751678
-7.921372268377087
62.56893260926799
12.83491046097068
-7.921817122000976
62.57643407857071
12.56636378023004
-7.814317243608992
62.57576740165709
18.25343932368402
-7.87733670450526
62.36516112557423
18.09894716138182
-7.869509855536235
62.600421917401206
-2.621681509559147
-3.6954609846345945
41.712833509338964
7.2487845836124425
-7.168322913972652
62.55504386233822
10.203083036715478
-7.169112646846993
62.56835291187059
12.620197171640587
-7.330901575872994
62.578432996782794
12.727664969852045
-7.16978759789496
62.57972991227462
-3.7027690353083846
-3.3333154790260595
41.01192800708293
-2.5803638531234747
-3.4609939279048865
41.762829534502686
7.839748782211306
-6.738765793273276
62.55986337751605
7.732333966237789
-6.685023515878787
62.55965294109267
9.451171340363315
-6.792911323728096
62.56685314445284
9.290054977514185
-6.685439669067522
62.566670441238514
9.499274905014751
-6.64724070580359
62.331887326738574
8.806636468219509
-6.631595471547843
62.56475849395018
9.872927670844035
-6.700721301039277
62.33330264501949
10.203188116869176
-6.739397675091841
62.570510619240835
10.418046845089785
-6.739455075707375
62.57147855325835
10.364358892686356
-6.632012121099792
62.571779812756546
11.331194055865865
-6.73969902768645
62.57559226209223
18.421497017797137
-6.795307792420264
62.60726427153782
-3.946317322639522
-3.0839918148301924
41.05683528216707
7.034189492075929
-6.093978818620632
62.55947401206158
9.228553522909452
-6.184976616243114
62.09998480892878
9.119278929662446
-5.939329572658594
61.87058345987743
9.934734352190356
-6.255896879499502
62.571728127458385
18.159156752513173
-6.077917943104576
62.848569080383996
7.034294589536083
-5.664263350884431
62.561627907215644
7.249191769280902
-5.503177100401982
62.563404979894344
7.786297754146704
-5.6644642524018565
62.56501566553637
7.678907777918758
-5.503292397231933
62.5653446537012
8.644546039845066
-5.5393674567545395
61.64311378998811
8.803040577934278
-5.46471320385632
61.8715410342963
9.451474399542679
-5.557480482167354
62.573056558934965
11.277754732367294
-5.611682936151799
62.581014257987334
11.761171351872418
-5.66552568351861
62.58292238925559
18.95891681286033
-5.667449075110254
62.615348077634806
-12.73353410980636
-2.5944054336368
41.62443371306544
-23.843072721340096
-5.560083229530795
66.0651459935968
-12.681918784328564
-4.087302316432323
54.28843478987656
-12.659732457172565
-4.104877944165938
54.435195557104834
-12.764944364430686
-4.037501535460667
54.58326213186578
-12.805005951087436
-4.145150957029893
55.503510169192026
7.30301105465745
-5.073476478673325
62.56580466862085
7.631347621433537
-4.991938205851587
62.33177590166905
7.955618099069004
-4.9644575440766125
62.10037574408389
9.024546606694388
-5.102537430746114
62.81229834650223
18.851659157766417
-4.9691331287279015
62.618370391493926
-2.9674460671719696
-6.054762689173954
76.92168548117908
-2.459629318271703
-6.175718076975863
78.79441523679706
-2.269973110300041
-6.12227906105112
79.78209091187358
8.270017909546894
-4.482876635166448
62.573127211040585
9.988854789591963
-4.590764700453851
62.58033122566596
9.93516779085314
-4.483321746101044
62.5806324894604
11.528258167915235
-4.565933367335919
62.35147905067983
-12.430475248364967
-2.149032166607064
42.596063394300515
-12.360621087331696
-3.196924266805582
68.86320930071027
-12.208722016929219
-3.0530169670515948
68.54317109309363
-14.282294704791232
-2.74552431395577
71.24537028214992
-13.154333146441639
-2.7121086931775027
70.5423262170041
-12.893884790085263
-2.6470702156215555
70.54383019836494
-13.119980145940438
-2.5017831839867233
70.19737956741676
-3.440226526993209
-2.7484209475021433
71.29421356893616
-3.333638848648805
-2.6324551111839187
71.65766146540767
-23.78664808345729
-2.027388431788362
71.56853118730413
-23.73918581443496
-2.063347076053676
72.69022932332598
-3.0880180525287213
-2.1143063780906277
76.49314829023055
11.224972160208297
-1.7979467214462663
62.599921932727895
11.101317595797667
-1.2321352998838608
47.63947762282194
-23.441143628239043
-1.3420852621482877
70.50285209616885
-31.994343984662688
-1.628996000985641
91.94780845792003
-13.068476632608082
-0.5627568748295654
42.494129837103515
11.097325057354213
-0.6146005196829505
47.90715126413714
11.143668001360554
-0.6139465850225402
47.73029636592221
11.055003449013165
-0.515846744740819
47.81858519125505
11.312206956484447
-0.516324376128565
46.966973560348464
8.543943505615438
-0.5030961134131855
36.86438704495815
-19.732022418296612
0.029727369012967464
77.33223787560982
-19.858230647446568
0.09912171569663564
76.87645981265662
-19.561839322168787
0.24722020158780023
76.87853892349725
-19.144532816159174
0.28889108010846315
79.73823760052154
-3.666084257581638
0.09915621736562005
71.66987264531214
-3.5328229182844217
0.16574314896871695
71.67081125475075
-2.867267322350745
0.030033061326835475
77.87179087863213
-2.5873343552760404
0.1990912648934752
73.97328052169267
-2.3731939929347337
0.24262804727743653
76.95597340585918
-20.01535226682183
0.5019975682862129
66.11282748487415
-19.45780938292641
0.5757072824004621
66.69382906618908
-18.98450612426982
0.7768583546337722
77.33935713322924
-18.88028749080303
0.8281356308987184
76.43675477294906
-18.98114542629103
0.8661040792524782
75.13795364527634
-18.317688589485552
0.9136661533423536
74.310963077026
-18.73333953351137
0.9750075777836047
76.43815428674601
-18.386642356460218
0.7766987323031349
77.34205431212013
-16.227918362955048
0.7412120987409215
73.12400695619093
-18.31187090923541
0.9261447228375901
77.34313768277109
-13.583896802404913
0.5216920136935231
67.01514695586044
-13.51500726688724
0.6258421486757083
66.42980815351932
-12.021006318646897
0.5590308543201435
68.56215383868083
-11.27752902629318
0.6577620409378042
67.62903164234085
-11.112550869228825
0.6661378111543714
67.93767783801181
-5.040607160117177
0.6093953412902171
62.06979217523711
-2.6974184794659384
0.31506406478447524
56.89085134158988
-12.91381361144657
0.7859049952343168
56.009732401721706
-12.602100697327705
0.785821729101581
56.01113475445029
-12.296503905791198
0.8604870761094112
55.68993280581924
-12.29916721719359
0.8790090301216937
59.45130695073688
-12.09244537732851
0.8952297185140131
59.85843803265281
-9.221081618321799
0.7469611780413621
56.19017700419545
-9.167299853635294
0.8155778079101077
55.7038123640203
-2.9802559774234867
0.502358822426026
46.99012620547431
-2.110510431264636
0.5447697971291693
51.22353217299403
-2.1034858667904164
0.5228069276996985
49.78567099356931
-2.0475412068970447
0.5860766075901871
50.430065642997945
1.8595063412467192
0.7290604053288542
53.80525677309156
3.224600737415085
0.018141687498031446
36.843033076651054
-14.1627483538506
0.8665125391483857
48.82525892495117
-13.835898007996576
0.8825515183977543
49.73460886985762
-13.320586727726772
0.959878222960364
49.84238790919984
-13.535435736988942
0.9957452933475303
49.841597881519895
-9.16427728422962
0.8998183179987598
48.278216649517724
-7.7997839003388805
0.8703820086845259
48.95157985785506
-6.708080793498058
0.9043243020593162
50.192430967069896
-6.567350396225718
0.9219682721336916
49.25502774336353
-2.5043397631418087
0.5375125989159172
42.28516208977475
-2.5571122897844614
0.5531675524394792
42.13138151577674
-1.7612397445835728
0.6926124230433902
46.43191596913323
4.524200510686435
0.2430482829051656
36.850018554024906
-7.165563375249711
0.9152048081102611
44.73828886166969
-6.9189199724252965
0.9382800803427195
44.28065485574331
-0.9706594408093094
0.7894085946126171
42.662456406062425
0.31474915287580746
0.7908823748153033
43.053082146673724
4.350957422091819
0.3643851003900028
36.84984604062869
-10.562462815083096
1.0989106523377075
42.62078641790974
-9.376297254475007
0.934750293886865
41.32625531703003
-8.963430556230376
0.9688084918090696
40.92103571602576
-4.823579882968246
0.7682625613446566
39.20195439885902
-4.862251220633316
0.8033008276979132
39.13172204137361
2.7395730465665027
0.5727423441797873
36.84363156546628
-9.079986845655613
1.1028897652845195
40.20348155447609
-8.143680676343385
1.0460656009963452
39.66194342501595
-7.412170640748163
1.0174642096321662
39.19154136412263
-7.065145344957579
1.0122004288974924
38.950173324475365
-6.607707763289603
0.9784591963221225
39.02063890318817
-6.364384315659911
0.9963905744759255
38.619897858149194
-5.87648006087151
0.9391493372337366
38.27250177234783
-5.239164075363279
0.9902032883058457
38.75640821013087
-0.9849261970068354
0.8818206075824241
37.26324282044337
2.8955777437290173
0.8152818409670057
36.84555311102882
-8.227965538259955
1.134485937302071
38.10978139443444
-1.4535232016565385
0.9897158356966589
36.82682844811629
-3.5172061134994643
3.811438948450945
56.06726515761456
0.9975158998512189
2.331162660740993
44.71533044701662
-2.247958412232769
3.2479750444451896
48.32117189560185
0.23189793677961545
2.3237842810941736
42.67557831130929
-30.862735218464664
-11.880558982316513
70.61801746826461
-30.22451768369923
-11.714990551282645
69.96480146287607
-30.451414798550925
-11.965658479250662
70.95530208219877
-30.924487825392546
-12.317780775548725
72.34636994767705
-31.60842212842601
-12.300394090970778
73.07379351249541
-31.27270753575583
-12.300605222966503
73.07532557879426
-3.049266470887323
-4.473591197443221
40.96850798840732
-3.2855973726264596
-4.451957376707919
40.967564351691514
-3.242625740661536
-4.451984279638216
40.967760457698425
6.817697576403985
-9.464380698025295
61.74884395253877
8.177145905211349
-9.952083208003414
63.075645286754366
8.0157055770752
-9.904002157334707
63.30535575098123
8.400622982826938
-9.207903380569862
60.327472513668866
9.652534519771699
-9.411980825267756
61.34154040169905
10.529915214585838
-9.670119481130078
61.76449903507589
10.772709222225119
-9.731769937790379
62.41509457497138
11.312922245943604
-9.408183529982935
60.73639778179749
12.567476454471915
-9.56458249894497
61.35388981817201
12.84396622581208
-9.512281307855282
61.14885782272867
12.81754740283493
-9.7366831068051
62.646280632388624
13.065153144224874
-9.358595069279696
60.54513896694129
13.08837541485501
-9.308499198219668
60.348248170056095
13.625520098598889
-9.308836438055659
60.35069948584641
14.636685904511502
-9.359578922988797
60.55230702358847
14.489384587278135
-9.310376333747804
60.55194910297463
14.955382478449717
-9.41205842524867
60.95490185310215
17.289489870412755
-9.313140837849982
60.7642970845434
18.2730728538798
-9.629949081113656
62.230774721073296
-31.473854083941056
-11.830480705620197
73.07737910169585
-31.33956861068748
-11.83056475260066
73.07798811430605
-30.8304185920638
-11.743138668969117
72.71281705764088
-30.65949355326847
-11.392412642707153
72.35343079598292
-3.1090309782088195
-4.30590660604267
41.16161039317034
7.619613284432302
-8.71910469475497
60.326995532848
10.039302351918513
-9.110169332870266
62.19645257806227
13.450050792265301
-9.428130224830426
63.1030422634167
13.186515277191472
-9.269789085008798
63.102839627857236
13.472718689905806
-9.216734501930503
62.87714232716865
14.700218684766748
-8.625876128613491
60.35992614002073
19.262846109616767
-9.486637366792682
63.359370420051874
-31.62758404097026
-10.706087747240323
71.6450517477865
-31.37111187049461
-10.352375018056053
70.62535326373961
-29.937516213657855
-10.61912118427525
70.9661587679623
-30.064982345905207
-10.707066009543789
71.65217904648576
-29.434485736847805
-10.281227677566143
70.30364885683862
-3.112117785952222
-4.165319515013571
41.39979226662585
-3.0463966568037333
-5.691590481003524
48.35966044820023
7.131561523051981
-8.279321345081806
60.32754676867167
7.02524953791911
-8.225284172998878
60.52471259409412
7.131619846503641
-8.181659436620578
60.328164484270765
7.522300381304089
-8.133073054592128
60.33025612474259
9.640413705709983
-8.41517598259008
60.936927944888225
9.846574933785408
-8.461107700340197
61.14181286620949
9.387259122969176
-8.320349596966032
60.73448361555249
9.235246398170275
-8.177558329438039
60.535108655357604
12.818611001658915
-8.597283984424166
62.212389897096
12.74076338407492
-8.594006087652458
62.43127710713661
17.68519153541907
-8.374936796427196
60.772036101136486
-31.284002678639183
-9.976916315132804
70.96406881232295
-31.412199649433667
-9.848564656717812
70.96429855744796
-29.838854597496695
-10.048990040172036
71.31121249091565
-28.79966435549149
-9.514332793492516
69.34696642111903
-29.997721382724674
-10.268965013109955
72.36355627725585
-30.09661283353298
-10.144669824943982
72.72627479067266
-4.11439014083968
-3.9434679262224748
41.60003803328729
-4.048717090699472
-3.9035500792677658
41.51859000742091
-2.6970046608846063
-5.255713505030685
48.11483800530432
-2.6337924257654555
-5.224157045063027
48.11532624167937
-2.7285637244145673
-5.19250072386295
48.11509350797583
-2.2862089612593075
-5.192777653558386
48.117110337711566
-2.0725741150214985
-5.3052575358881
48.19982074249383
6.849558181649056
-8.25869567625742
63.310431430195976
7.123667943086993
-8.211485060127993
63.08183805570013
7.408452255582859
-8.072942500724519
62.41021571045901
17.541787575184163
-7.966260961715356
61.180089893241714
17.93695950760847
-7.923593837481452
60.977927150847535
18.068142602595678
-8.085945651060197
62.23960417559406
18.073691927421564
-8.07961913124349
62.45888776685216
17.891644883846432
-7.816580142804515
61.182634221343015
20.041447160074238
-8.325023800672483
63.14012313669898
19.447412025557146
-8.224800118118916
62.9107034994138
20.165447412867266
-8.267032256076451
63.37120002906349
-29.67127964869633
-8.715636653163607
68.72787592311698
-30.25945071562881
-9.274570974515598
71.66034748057682
-30.129233591270605
-9.274652498582986
71.66094174146758
-29.963090291242565
-9.67839972655833
72.7298363852757
-28.804565101266824
-9.40345400390453
71.32001796560627
-30.16291753942534
-9.61165130040748
72.7293456640698
-29.637287486316765
-9.341848784381693
72.01421121010891
-13.40823222960883
-5.116644344882354
48.83137306295913
-2.637067784233145
-3.6534418437615797
41.60861849413155
6.945996349281763
-7.8263041427662925
63.54661061478225
7.106138502533484
-7.826404401774144
63.54734144199956
6.892679230118321
-7.719509514680959
63.547042274030446
7.956465456574797
-7.926218158348728
63.7865138178408
8.171323156990699
-7.92635264858471
63.78749053111802
8.063925916617702
-7.872571246090522
63.787340009195404
9.988736769286014
-7.774828226119849
63.56083400275919
10.148878922537733
-7.7749284851277
63.56156482997649
10.309054861456294
-7.721648856412691
63.562633295897164
11.216432699468223
-7.882357135165022
63.56576176291828
11.429957159910849
-7.8824908148372455
63.566736206461606
12.314195595919582
-7.678557005917907
63.33905938283408
13.187397879857308
-7.79347858542083
63.112177357013664
17.960652226713655
-7.5805705726692585
62.025695616477336
18.222840557378678
-7.5714171079722155
62.24355996584403
-12.943972586819763
-3.5711340153195836
42.11661405574979
-12.967097495298903
-3.501624520984693
42.116947891840695
-28.634830547267995
-8.289621050734983
68.73530338496083
-13.487584741105264
-4.741100476887651
48.74585784431409
-13.491836648737502
-4.740496929323061
48.9215639840926
-13.497349586851504
-4.629319348945327
48.48786798688672
-13.350900072658023
-4.582019843702265
48.40390866712883
-3.7146462387941726
-3.3344375703427063
40.972670903640925
5.917279280496531
-11.805288180582181
89.74077012400767
7.849421072571779
-7.281583067953668
63.79010046986399
7.640330289790084
-7.186174210826561
63.553829138333725
19.27735807167442
-7.193459241506114
63.606936062036
-29.401466914741956
-8.153832551152227
72.37965224399892
-28.39004103470067
-8.096137146950017
72.02778387969289
-13.141486957046515
-4.279521201452869
48.322479831403626
-3.976846958351896
-3.1655636578195603
41.24315332084554
-4.042439562819082
-3.1436545645928
41.24299319165022
7.757291976292313
-6.682845471841348
63.094396718872545
7.915500609533232
-6.630218794964978
63.09544825600004
8.919447408503052
-6.7745673730105445
63.329268926183325
9.813569847929433
-6.736858507571947
63.10344361742422
9.919022202950343
-6.73692455147211
63.103928676089836
9.753572128713643
-6.594210618426555
62.87673526933514
9.91078462583147
-6.594308566458646
62.877452729742885
18.178133605692373
-6.578280884519367
62.468856742981515
19.452072962297237
-6.751707286164652
63.84644266338935
18.4003250821626
-6.547219707420161
62.916527041918
20.418869810633904
-6.859740414859374
63.85017555993122
20.418933948836493
-6.752312625765519
63.850858859861894
-27.68014923467731
-6.815201070910324
67.85104732426653
6.757730645375102
-11.286824840214466
99.88958324253929
7.259202827084222
-6.206933089201295
63.794195063789914
7.907903170686179
-6.06535362843891
63.56213747628581
10.203280391722169
-6.066790678198463
63.57261269541483
19.39874369686712
-6.107105848922598
63.850278265222514
20.41922266728864
-6.268886250130968
63.85391273689298
-12.748065223991988
-2.788491107879166
41.991061469118954
-27.852458673353475
-6.617027999748233
70.33403728631528
-26.505116212025122
-6.259328151446769
69.06573022296912
-4.549535553873195
-2.7288992361186946
41.56462093049436
7.58787341633626
-5.638110184168658
63.56337688379524
7.85911860176878
-5.606784743935182
63.3318088841032
8.205658555853963
-5.27942722723971
60.548728830411456
8.451209921084216
-5.279580957758218
60.5498494324348
10.41705892748622
-5.63988143131761
63.576288198726104
10.213884937921419
-5.564215332116403
63.81175807003417
10.417123655820202
-5.533120676308681
63.57695965452705
11.519693036891118
-5.556025594817152
63.34884974284461
11.377978465235547
-5.53372225566687
63.58134844111641
20.204684809046533
-5.731612192299268
63.85632963444547
-12.893461280120526
-4.100509985172901
54.95024735301095
-12.686841459563789
-4.0593205397698044
54.95144960944772
-12.559317285552808
-4.0520124823970916
55.2357458986389
-12.76943093524218
-3.9766319803464225
54.95159706633367
-3.133987849947313
-4.110062743857393
55.714405711012674
9.99934805105165
-5.0269407739372465
63.81417116037353
10.15053756432372
-4.999149943838139
63.579121748093385
11.57302955900523
-5.078601383872749
63.35211178687456
11.573091969048797
-4.972499627440414
63.35278288050424
-22.84477687775926
-5.0277617336011335
67.88443781050358
-23.143118565214266
-4.908210194680982
67.88383095516934
-22.96403630224384
-4.848640671573584
67.88502935861592
-23.537617875234428
-5.137074870702811
70.69410990217754
-2.8134849463196123
-6.177846593536163
78.61113177892679
-2.4609012375574486
-6.227615817393698
79.07598461205146
-2.2540978978793103
-6.126059658929712
79.54933015769204
8.761624841891875
-4.546332529502615
63.34263565921532
10.15079354668878
-4.572107495306705
63.58182281354969
20.581425690723208
-4.496426072939392
63.86585966006442
-12.726811676412643
-2.059713768717224
41.823817210561494
-22.92349363406678
-4.364973151398681
68.48267757168145
-12.686274881814375
-3.1089961089922182
54.957460446312695
8.871920947774203
-4.05938306157306
63.81513875718511
9.194272104721053
-3.952157020190193
63.81728903649831
-22.74597077714754
-3.6927595699824107
67.60227442160554
-12.72742061001922
-2.819741201406928
54.95910127037456
-12.686052813140199
-2.737130246992035
54.959814420594384
-3.1563755560585895
-2.7122739112092367
55.14464716523434
9.892816912625912
-3.5228822242004725
63.82319370122407
-13.042223220075893
-1.6454395980085454
43.16093188816593
-13.85731784341139
-3.136487248435128
69.14324355326349
-13.206733134132765
-3.021955052462967
68.23627084005847
-12.23544690934036
-3.0580113657204246
68.84328465477641
11.013470149804954
-1.53519317692208
42.417448466841705
-12.72690340049232
-1.9520541059853613
54.964593237418796
-13.420239424018646
-2.5552380695731634
68.53752609814171
-12.398829116476263
-2.5873300837278865
67.94757962065555
-12.485172328811354
-2.4214107362685438
68.2433596368352
-3.0922616390522712
-2.5761191543971815
68.88809350091228
-3.4338097749801886
-2.440444623326081
68.58386561163917
-3.09218885560023
-2.454215000539804
68.88886836444715
-2.887789528669274
-2.869565487092517
73.63844203197601
-2.7183705223863
-3.027000179537939
76.85516864108664
-23.92518191249326
-1.9320727365244939
72.08714478559
-23.910574721508198
-1.8768642817001846
72.44442107477727
11.15363621106456
-1.2899485823256516
47.48757097770783
-24.18721373158307
-1.275859938359856
72.09010053379352
13.738117225427732
-1.1118146707424852
60.79993109824798
10.890824386890824
-0.8600850115103401
45.529351948098665
-13.144301036366967
-0.5129793786053177
42.542287861392275
-3.345274634645449
-0.6664242573504611
87.18421277473831
2.4089203756736075
-0.7591251581349118
87.83629411393979
2.5843149398740337
-0.7592349753333607
87.8370983620515
2.7597090620624245
-0.7593447887019128
87.83789497854191
4.063176404833059
-0.5881015676364827
91.88922089023748
3.219104418255174
-0.5258996045784408
38.0815071247532
13.456356633665314
-0.6649463908083805
60.20949427966281
13.728402884428519
-0.568167427941464
60.40643066024566
11.283096279865076
-0.619189084259258
48.04491962429208
11.283133743056892
-0.5564574264827049
48.04531640461488
11.255447707586313
-0.525354642229252
47.57011044402629
-19.328929889885906
-0.0007596951602887314
75.13764874486657
-18.724504280086947
-0.06359875630680573
75.956683630774
-11.539764069039292
0.3172656572603114
96.43228460174473
-8.471450933225498
0.1833989747599744
85.36070041361619
-7.675655495249982
0.17139498137747372
78.17350034854091
-3.8421476433715265
0.05776707420604704
69.83829214872482
-2.9349676264742293
-0.04121556718215574
79.58469052698676
-2.7391851959083002
0.156478950599153
77.30799490488477
-2.3816855639918013
0.18032104827907303
79.11685560642626
1.5397020260195964
0.0033673645211168557
84.82683729167648
-18.960340287665872
0.47623963797843116
63.955575905027985
-13.035981949244535
0.28321222464811935
55.11845973742488
-12.76688938197225
0.2791679720183519
54.978515176563334
-17.773484337405954
0.6586553940686706
73.59275704249252
-18.07081075237323
0.6971713345959312
75.14781165032625
-18.388078059653623
0.8104970397322786
76.80786177247145
-16.791977169929208
0.7587794547429979
77.68779935119608
-13.292217505532829
0.5167047253032793
67.96312368453466
-12.904443087122145
0.5092930123008087
67.67379683315959
-11.234029939318255
0.5528082123323557
69.49084255745004
-11.00765995877605
0.6859174468541858
67.68357339011007
-5.7145423047733805
0.6422655684165018
66.31041318885919
-13.65853489022067
0.6572646937231628
55.11797915055857
-13.634314093510538
0.7342141509764534
54.97743009487204
-12.76669294207708
0.6097156558236022
54.980607807307834
-12.62059825513022
0.6150967641240683
55.12245531116304
-12.59817201785011
0.7457673142083319
55.265899587363705
-12.779424565664929
0.8038550878702282
56.61320486003261
-11.86418750990045
0.825618953741115
59.344486840712094
-10.4975398030894
0.7845138524722236
59.53700215123177
-10.252441363607034
0.83454401273995
58.44933165558721
-9.85643455180894
0.8056805546854374
57.763101346986986
-8.948452157717236
0.7464896748938148
57.43369242170746
-8.63526245881966
0.7343458234028283
58.28136249126335
-8.223807853140958
0.7273857825098162
58.11033338723104
-7.826475250313747
0.76790852287357
55.87201417435552
-2.8045237754275654
0.4172479523829522
49.36260658793324
-2.0146039984587
0.5315439541912659
53.18668306967661
-1.8099864303523923
0.6250683966900283
55.60363811591384
0.9379524795964456
0.6347840811682668
55.911204689425304
3.9818147744525847
-0.006564157950316424
38.088275215720074
4.0338064966239795
0.010730376639899078
38.08862203321201
-20.05159995091984
1.0577751206819261
55.52305581686676
-19.85381462369051
1.1077525299159061
55.671023426651615
-13.736665645027875
0.8343424509476015
49.49933681992047
-13.25367636324978
0.8840984987185218
49.783348740703644
-12.246868930441561
0.975495642737838
52.65824525500675
-10.172910673537272
0.9170310243797666
52.31507346150873
-9.835120428796404
0.9543489869867336
52.31685227920288
-8.116723813768727
0.7798145188953185
48.632212708744895
-1.802256035154258
0.6794164923666068
48.0746074910528
-1.769666801481168
0.6848387330004143
46.5552780085537
4.58838225951768
0.18365408373019323
38.092248376764886
-13.633705066027042
1.084301210002676
47.8612275149532
-13.508696855522572
1.0842229470412765
47.86179800436381
-13.641528285121595
1.0978803131730765
47.62280030217855
-10.408315951911284
1.014182828103276
47.795449198157485
-10.20935092381519
1.034053271485274
46.80601311815815
-6.695877811366667
0.9304762660456593
45.08572730645431
-6.304296175269684
0.8982908140133857
45.39848481108041
-5.225672147072332
0.7795302928362995
43.77866603327503
-3.747995167409686
0.6328887834825274
42.097364249052276
-3.9151806561185514
0.672130604738002
42.31821851687412
-0.8709880732164033
0.7283829607487053
43.132311565607765
-0.9720603754520023
0.7482703476043207
42.746147335342094
-0.3093827065498362
0.7352459534451598
43.23414151592486
-0.2588570114401779
0.7279996091967493
43.13510509567293
-0.5786807143492656
0.7809067573197308
43.1834454569302
-0.45831544276359165
0.7883698482372355
43.283834119194
0.08428029472190501
0.7313817734832846
43.18616237512677
-0.08687104804649812
0.7379157844183466
42.94086570284199
-13.09118172014198
1.072850297701643
44.75596605635123
-13.16198237255897
1.0982242936184785
45.05725345299016
-9.58482587617386
1.0552292120228357
43.975829283699014
-8.804044382752876
1.0026846235526916
43.09780906001038
-1.712394004301142
0.8409567424950055
41.60015048595151
1.3684409599989555
1.1412773027162613
43.918096795854865
4.640602112201938
0.5821446420956157
38.095005323324195
-12.490564794042005
1.2190547947770738
42.10493571476578
-9.107358987717438
1.0383342609099013
41.05203022994078
-8.207112604732293
1.094782338387548
41.6131966658001
-6.313679090813227
0.9801734538870598
39.92809774542286
5.212546390712856
0.8243658736573038
38.09914911952664
5.541754271457316
0.8068327974393878
38.10054290488078
-6.8735725836497465
0.9878075427694273
38.47982591645607
-6.955788804483069
1.0497534815506238
38.40087634792575
-6.722054607464916
1.0784040001166193
38.77929758165766
0.07496946823327647
1.4858293000266494
41.77811269861094
3.9600713640728835
1.313895537361916
40.96152629666886
3.994129847182136
1.3001891876088163
40.84961422226011
-12.596693356598225
2.0981873263462685
42.5612977143369
-13.382933960892567
2.451011331925578
44.6453906880802
-0.7753887358621343
1.8657154172267447
41.17243643931077
14.009140083016623
-9.703475541180072
61.602757730827975
7.2218971369066445
-4.989108142790507
43.720766500766416
-30.679291004976044
-10.345346657170147
65.83221166826027
-32.1853324632784
-12.283066992502436
73.2489715085706
-32.400212536718705
-12.558405406149648
74.33374008479413
-32.482877242669446
-12.398461292445786
73.96625284102838
-32.46720953412212
-12.356926288688852
74.33460706343314
-31.930111016969708
-12.424477413489566
74.33654342263146
7.270694909973438
-9.30768659155116
61.57582144027647
8.056943998504941
-9.258262019542443
61.19154121573057
8.252802333474504
-9.16175308575036
60.81359367289481
8.109598979896631
-9.113897953112376
60.81324781719749
9.468072531567557
-9.358194106840342
61.58505652159763
9.61456693445806
-9.358305866660146
61.58569090550117
12.446859364587388
-9.262803359591668
61.59851697961693
12.349233419889003
-9.21389868761999
61.598374722570455
12.593389820910314
-9.2140849313458
61.599428210348094
12.983933433317912
-9.360875385219598
61.60028172011498
13.206096542876187
-9.313099831429824
61.798831898615504
13.402574461207537
-9.264140085803078
61.799961028526255
17.720579117788443
-9.364488947633765
61.6207934374209
18.111230858125978
-9.364787927478213
61.62248512234899
18.460878006691985
-9.366219246285796
61.821305251171395
20.861243408442434
-9.519454831200102
62.23229544564494
-30.829112449437627
-9.975983821843858
66.59753208414817
-31.17913768968976
-9.987006863523881
67.12204999077365
-30.839951381389636
-10.626074907198966
69.07626732164655
-30.51388677777057
-10.51662965471488
69.37342971155336
-30.273486880102173
-10.516813054549372
69.37447074672251
-31.68296584065265
-11.799471895534143
73.97316120629363
6.929344079035916
-8.672621261822941
61.57798988509495
7.278080607845653
-8.627043294840847
61.38468237563283
7.34611647953751
-8.492617102902768
60.81350721494218
9.419637477544628
-8.821014535646167
61.58793239627849
9.517336450405619
-8.772257922381712
61.5886359857883
9.517408525255032
-8.674596159588882
61.58919731686254
12.447256731155916
-8.725661996056612
61.601604314247396
17.182774168211864
-8.734116677658491
61.234110943515795
18.111591234132554
-8.876476729368298
61.625291791423564
18.355784609884047
-8.827831875923644
61.62662976483692
18.50235108727206
-8.73028234977977
61.627825477074026
20.691754949627835
-8.9739607187507
62.03280770299733
20.593006956354802
-8.924492532057691
62.03266381919365
20.790614206655416
-8.875250433242211
62.03380328132363
20.76236337679249
-8.87356639718271
62.2355771295406
-31.398030304096228
-9.963306244257598
68.78659793868853
-30.719964460796078
-9.790610599700015
69.08158295801621
-29.5777289329988
-10.04296791671101
69.67949092834944
-29.603986753321358
-10.171366876946543
69.98215994951049
-31.134626056503258
-10.90616053583446
73.2614319583028
-30.94952235037311
-11.000564924321429
73.98092987339052
7.472552972184607
-8.287304784824647
61.38747700717517
7.271451699235349
-8.28223355234949
61.58171544259241
7.027366435933926
-8.18438552319032
61.581219467160764
9.615323723368068
-8.33285330428763
61.59158490507643
9.517695872043294
-8.283947677202555
61.591442645251746
9.51776794724461
-8.186285437580574
61.59200397906666
12.49637649888754
-8.335051244500253
61.60406110532689
12.252290299160398
-8.237202239042247
61.60356131664831
-30.919268470020874
-9.6253516666721
70.28746052190881
-31.226118770449915
-9.502341603713084
70.28683320042356
-30.711771471062328
-10.325208680541484
73.62345351714161
-13.68738521728211
-5.287412169378794
49.321189414508
7.356496346677898
-7.926546934233883
61.981014905221286
9.579276687968996
-7.780065577152039
61.99149552127166
10.055273513166027
-7.698384501578212
61.59713671558376
10.555292034490975
-7.73955410911807
61.79638039939306
12.568820466150132
-7.7410906963397785
61.80509984259284
19.093790027125383
-8.24434331697829
63.49404969008994
19.058462406884885
-8.058286793699526
62.85278258801969
18.906871834404857
-7.957061873474753
62.852710773187354
20.472338750547074
-8.338449130803168
63.940582087360795
21.25523952812468
-8.24599277434183
63.50341350994397
20.91206017549368
-7.97947904985329
62.24136212792623
-32.15160732219751
-8.77491792660527
69.08121552136348
-31.53425955687793
-8.712857635620614
69.37937218100934
-30.301305751896916
-8.597281473202731
69.09025285249115
-29.851408273237425
-8.65404139520625
69.38700108288108
-29.1999070393211
-8.951399467298069
70.29878515584379
-29.13842519317611
-8.828670424947994
70.29975668597429
7.314329427226351
-7.295090286098542
61.784884656454864
9.5184536146184
-7.258495115557586
61.5973366489568
11.160134687206781
-7.386133078090579
62.0006111936454
11.488752841947475
-7.249164340790541
61.80324001033601
12.252975949646714
-7.309412415761396
61.60889779839626
12.008854649096536
-7.260395029584065
61.608121158797815
12.399506390137873
-7.260693055770209
61.609812849207245
12.253084062096786
-7.162919533157574
61.60973979637795
13.083072954428705
-7.358876839762851
61.61221196534929
18.322110188103203
-7.3422045365047035
62.031909369200896
19.37572276101202
-7.441755533882641
63.06922614632257
-30.420277692214945
-8.06004952027228
69.09282326383554
-31.14990805725561
-8.105031405459275
69.68380831425434
-29.550597923821826
-8.23357239017356
69.39072042661512
-29.16153564348529
-8.455545325726904
70.61409057478794
-13.637077104408359
-4.54600989814937
49.243825754080724
9.518886065122489
-6.672522631483992
61.60070464636494
18.55258611294198
-6.8259073594567345
61.638982931284474
18.210803800997233
-6.776815446274977
61.637779562744754
18.113212924402642
-6.679078722019441
61.6379217885558
20.58528807230168
-6.973014653923173
62.44996000911183
-28.46821796909884
-7.4531012058505555
69.39989576369273
-28.985779558541346
-7.973154809395754
72.58999135452335
7.609680557945648
-6.362223351404788
61.79151999399896
7.2588773876245085
-6.345917419799384
61.989675496755055
7.160127980389402
-6.296449210102071
61.98952779215823
9.567969795605357
-6.330742522909472
61.602880773277654
18.520373569911897
-6.4039011323327255
62.03815889409578
19.44120385592298
-6.510752202484097
63.28890635558957
18.537119352774877
-6.32188503965237
62.444821998172536
-29.913973773625262
-6.882355620580004
68.81072958816713
-29.70324405395924
-6.926629900059188
69.1024424074129
-28.648209321998326
-7.032264922864637
69.40153303156958
-30.476049734355218
-7.495196407262885
73.28388106983314
-29.114633003772482
-7.456108068294073
72.5923991625082
-29.55752457211193
-7.430292591436499
73.28823936026006
7.561004588003388
-5.77286510658067
61.79469456509051
7.137109471892799
-5.844253249497613
62.604769639179935
8.882527171903774
-5.763510014776802
61.40808693807829
-12.853770990004202
-4.278003611265286
54.73771633497608
8.300254875844075
-5.22895817925723
61.408629818059175
8.203179929636752
-5.180329556970143
61.408492178515175
9.786051053681248
-5.387741940386445
62.20802120488879
11.170533979042174
-5.459313001377315
63.475702478268744
10.734216419402722
-5.466262663785711
63.91486843784793
11.192630695348681
-5.416881069123771
62.4181838112316
11.192741322139982
-5.266981242228003
62.41904539132655
20.85544085754797
-5.564821679286342
64.64023852901471
-12.041934430047995
-2.4896423161896566
42.786692782437484
-23.321273270298008
-5.325913450540213
67.18288423436438
11.393484208577627
-4.94383645642911
63.04897775873482
21.772262377016364
-5.004236561903853
63.52427318278299
-12.845428556645164
-2.3104471800900503
42.78423917293363
-22.65921602826118
-4.962483195378644
69.1442600086223
-23.333381823258765
-4.872167475159012
68.85080276580346
-13.010043163662713
-3.5440977850162256
54.49012492003928
-13.069420993765528
-3.5459296924838144
54.86827905037135
-2.0930795687622443
-5.719818974964382
75.6438682920845
10.329288788245279
-4.604994125664127
64.14264157294107
21.225550855786658
-4.606984768890038
65.1162637320413
21.46676960433431
-4.582088937984035
64.8815377675164
22.32082315040355
-4.636120569053367
64.88492573045963
-23.196009804952695
-4.484614127521457
69.14467822976258
-23.3153322050049
-4.424841219482762
69.1445043552836
-22.750899027462342
-4.536407956310874
70.3521023505146
-23.01653227651938
-3.8195058181527806
68.28799900279807
-3.2236042776228264
-2.736978254150402
56.11605159793169
-13.466651287687116
-3.0596584294667952
69.19503885140601
-13.287603543243838
-3.0597950459875483
69.19581801997904
-13.168238034834001
-3.0598860873889264
69.19633110940684
-12.929506097420374
-3.060068214745196
69.1973649215892
-12.332678637873096
-3.060523292902429
69.19994944309099
12.200880271538805
-2.645260317712461
62.032356606579015
-24.585658528186023
-3.5998074793511465
92.28715486533915
-13.778056278017585
-2.4234073956607762
68.33606215468825
-12.988748877631235
-2.4631985427195326
69.2005406517688
-12.86938432297447
-2.4632897026006524
69.20105373638165
-3.2605800598128014
-2.6496675112123604
69.24163546182095
-3.3201747305194123
-2.530257240608998
69.24206689792703
-3.042200456162869
-2.5443150083181614
69.53831136131004
-3.499178905868204
-2.470438183691244
69.24163076439206
-3.200764937678292
-2.4706657229517472
69.24292302617539
11.598046462266563
-1.6012359016150062
49.95594119874407
-2.849580605840653
-2.240966602366432
74.52110134240641
-3.778790397871694
-3.023335669626272
99.38203178222653
-3.007520223474379
-2.1567544738040016
76.05244951805771
10.608823677465136
-1.7481601446915727
61.83103005139118
11.261332862336673
-1.8266879751945908
62.64572630854761
3.537416156732209
-1.722826625483401
89.7251612903202
13.844963324740437
-1.2401911745691565
60.883340112462164
11.195225099239876
-0.9478273332714982
47.85263318915546
-24.535787704613885
-0.8144248653290522
74.43529427336475
-3.2349848916115236
-0.6474465680863846
85.4850603963772
2.4228600880440037
-0.8302867673251135
88.4597688075318
3.4133908077553534
-0.6584612954215261
89.09143913671072
4.15669403410583
-0.6645663861425217
92.42860911382252
13.415259908218651
-0.7549427203132882
59.620442085263335
15.352934506426548
-0.72696287248074
63.30440948672489
11.253028553666248
-0.6258794696984522
48.069296391580444
-19.640115258796794
0.004502164318087087
75.99276948919481
-20.027849530757635
0.027586601052452864
78.05044824770135
-2.7205356352181744
-0.08720791882772694
83.32626812147109
-3.179916320462639
-0.04906110364410532
78.99601088954192
-2.886093057721703
-0.0492852598865976
78.99728327090727
-2.9596453834824636
0.0660583852844025
76.46388145673798
-2.1713540376942535
0.09341590357493118
93.84171159634236
-1.6462130969031692
0.2586916729874477
100.28178774250851
1.6421341274894954
-0.04839375893650272
88.46088372529178
2.3982133979408027
-0.054027680078352014
87.85026328847945
-20.130172421495555
0.4014824552735886
66.44560124163061
-19.78615280686096
0.486236712983213
65.4485338818219
-18.739589313352667
0.6868884497353736
78.4926047758651
-18.1629351198953
0.6672776093521589
74.84527343306847
-18.322733401336105
0.6965836042834521
76.00245576021018
-18.49040187709894
0.7983696517782867
77.21742538456749
-17.505058693179482
0.7811635763738133
79.38645643109848
-16.350500501302868
0.7138152930157704
74.11150724446222
-12.21075753023728
0.4009649000443522
69.22036249019982
-11.984732973888002
0.47890903440360566
72.71224065671994
-11.616270982758488
0.5661311849016148
71.05878991616706
-3.1125358321268877
0.14472742113764422
56.27288214475976
-0.16028322021969874
0.6167108235878904
73.46189698199422
-19.48048116962627
0.7428165713243733
60.7502719284431
-13.359221773313097
0.6896864101669696
56.23159519320652
-12.863424616670237
0.6479895885137421
56.23350485372335
-12.83455827491672
0.6708458405359021
57.865181699601635
-18.110587123100085
1.2323675932450693
72.01307509628866
-12.34011247481076
0.8346701275945797
59.692650365777595
-11.82749841322315
0.8124045125130372
59.176123024702875
-11.0748008787525
0.7076365480275764
58.84209199622809
-11.231235058369268
0.7414127217393248
59.696921424735436
-8.774787907335803
0.7165423855834518
56.97126051840748
-8.419975746653288
0.7506072149470956
58.85384510581103
-1.6750889355828
0.6946166735281831
59.91469032784085
-1.864116636191032
0.6338995828629614
56.14130875331145
1.3829855602410173
0.6855835545632721
59.751281006962145
3.0040159912311086
0.013629638862812321
39.3337854650338
-20.60567559001864
1.1163502761490827
56.343781594809435
-20.259139701472485
1.149455173943568
56.204328388247866
-12.442414765262196
1.063545649486684
55.55186818814033
-11.062239344151756
1.0432124157955576
54.52492202747165
-7.124611696305064
0.8730902063361587
51.64642269695284
-3.085915142034893
0.5654781133386741
47.383206980881
-1.593801883001193
0.8329142985262021
52.28271636564662
2.036125955555055
0.70001831602282
49.92770971978426
3.1080948835572224
0.16949462293614087
39.33513104135086
3.0734787213283745
0.22150258523101718
39.335280700528
3.9398547691811885
0.2381687240102623
39.339131064121915
4.508570146071508
0.18181941738701818
39.567704628019946
-13.8591795722756
0.9549718540540645
48.262609737644226
-13.799058374382929
0.9849761356118761
48.26304271161585
-13.972469091416862
1.004343206450399
48.11484022952608
-13.823261511413182
1.004229257554499
48.115486361971115
-13.583570278257309
1.0203345989235597
49.19478988763378
-13.208745735028314
1.0631366197084766
49.35974499695626
-13.193695733762471
1.0690510481750666
49.44228958352046
-11.659384999046743
1.044435506370226
49.12261690169106
-9.156798370945095
0.8765725217154241
47.63427213661079
-8.542443321815048
0.900628611249126
47.992255749551035
-8.60354790122275
0.9003797723006006
47.56720999603862
-6.7929797503781675
0.8573849383502283
46.21471080849746
-5.8262192844366
0.7314847463276367
44.51042190622903
-1.8314293267865878
0.751711571874747
45.9379254606327
-13.674807575236883
1.06935623324819
46.06590235274836
-7.985090482078175
0.9862333889987447
44.86100911420333
-4.245253476457739
0.6775120239584037
41.088854853068256
-1.794158325274427
0.7983654446836644
42.25806868968734
5.2050013559249555
0.5837467170332755
39.34660136733604
5.41289059864162
0.5316066848117665
39.34720205596283
-12.987823863821971
1.210715036180239
44.28368493761668
-9.802631618852772
1.0543049970261964
42.14923732951088
-5.1331113942619035
0.7981482214207573
39.95335896196322
-4.992674331719253
0.8236376991425254
39.68586532655344
1.1453516908474712
1.2193112746941028
44.296089498201965
-1.759190059506389
0.8777835459802659
39.57020946578722
0.11094971102697862
0.8128860880210915
39.325835896365476
1.9220466247212695
1.2524662918842366
41.798557775725456
5.881084793896405
1.0164099614285522
39.35201749979201
-7.980669090587022
1.1136207550021693
39.2924878106072
-7.512806885760403
1.147918124220836
39.294711973752854
-32.843399204103264
-12.431438119186287
75.18388620260006
-2.985169368075034
-5.65446279186081
48.178887996048864
7.06417122139199
-9.265357596362385
62.627321494275705
7.313628108936062
-9.12002862037264
62.436250184433405
7.316655742035785
-8.457153899997035
59.78517464291119
9.246965644818887
-8.668860139828267
60.460863472462485
9.519799569492067
-8.668825979561317
60.462286698204025
9.905920663594236
-8.799067472089629
60.9824428376605
11.434151987954355
-9.264802594854762
62.65005622686293
13.279261201644555
-9.313123308808294
62.65947741441411
12.939352179411388
-9.167500351172892
62.65823528130183
18.418621641977573
-9.166901517700598
62.49385051396699
20.859889132353686
-9.262712515814327
62.31547156904831
21.003905355623086
-9.118655042387278
62.316737397101036
21.33999661445446
-9.11861140405631
62.318485908192756
24.78176605024019
-9.410055707422574
62.914045954912986
-30.338190018789398
-9.544954875116103
65.84384434116771
-32.32687706650971
-10.288041323351816
69.70887936062772
-30.864662172056082
-10.601515771541894
70.29347904840209
-30.487546576812274
-10.961380994162765
71.81222018631463
-29.69754615046425
-10.551135546229878
70.59484959924347
-29.517253772471676
-10.491011525314244
70.59600311510461
-29.542878623108724
-10.560700499589638
70.89490029785132
-4.04101643028789
-3.852892684945727
41.38036352305668
-3.985332942328798
-3.8343234186707758
41.380720740961806
-2.5220817942407447
-5.489267249962949
48.3134056717644
7.1126627623573135
-8.828350154243294
62.629141045758246
7.209766553644213
-8.779781805691464
62.62982036901657
7.39997183589727
-8.140014885155052
59.95074256162514
10.03970886712701
-8.64593952744717
61.886255749900016
9.741077542707462
-8.510978419912469
61.51823942220016
9.448903593283713
-8.37893552522161
61.15818476341725
12.841657277965536
-8.63955979270202
62.275995434179045
12.745625164124109
-8.591558610228658
62.27566802584121
18.07900608004587
-8.386462112146768
60.851718762937494
19.381076569004737
-8.600493763545126
61.75053030895304
21.509997854727537
-8.87332431192412
62.89895490554611
21.265834349634645
-8.824523695300503
62.89785978136386
-31.491984894000097
-9.061469361690381
66.80126537934756
-30.87992086597374
-9.812670796980496
69.43495215842236
-30.924437909140863
-9.945008628643834
70.29551879688931
-29.372682898249167
-10.004495934689766
70.30338153034602
-29.603479224678683
-10.015994858431997
70.8965386016953
-13.689790951825108
-5.327954578923576
49.30050609467081
-2.2597095711499904
-5.16214571399046
48.24996913846573
7.183429631454057
-8.165843113211265
62.05964631234906
7.032037026150074
-8.160165765450952
62.247496782527264
7.752243230294127
-8.256101054680677
62.25089924667425
7.804135216339434
-8.213510633384773
62.06270428100652
18.85301740131662
-8.152904894465273
62.49974688051735
19.251404004307627
-8.195584578077403
62.6945564320215
21.26575611012609
-8.287376771055081
62.89978581512811
23.087295522030765
-8.340764502122218
62.71399015149007
23.135838020838374
-8.243646768104943
62.71458716205228
-30.745487441266366
-9.288473101448751
70.298808136021
-2.9099812391594124
-4.851248546761064
48.24770142150878
7.544113373230229
-7.800803678638228
62.83015056998961
7.1610548114096115
-7.711562791421926
62.63339806395252
7.055786363113897
-7.7032029222250795
62.82796031991533
7.397605312470635
-7.703159510127325
62.8297386257757
7.934756011540576
-7.751922439607909
62.83235801135305
10.47399290315172
-7.849262723918998
62.845218076743926
9.880160826339884
-7.759773949172288
62.64737001098594
9.977272186782304
-7.759761125207052
62.64787141777216
9.928703305303745
-7.66265622883589
62.647970836169264
10.07436840891368
-7.662637252068628
62.64872865750259
11.255292405232314
-7.849163973222192
62.84928276918216
10.913467296772302
-7.800375283099869
62.8476795642824
11.255279133572724
-7.751501199405416
62.849632961012674
12.914200331892031
-7.719113078416532
62.47040878000969
13.103865746551957
-7.639880375849745
62.09233088887741
12.890578215061396
-7.662279584433073
62.6633799295041
-32.118274577619985
-8.69181803906573
70.29380291311256
-30.62619777043968
-8.751311003419305
70.30135136409181
-29.941505166432883
-8.517165460322174
70.01470476048664
-29.67129301373955
-8.631822894388007
70.30674733690515
-4.0540498462882475
-3.193684800040339
41.242429810024205
7.153385382716106
-7.263706368158255
62.830044256679855
9.106626548148576
-7.214626197292618
62.84038108556839
10.219970813785887
-7.225617953393909
62.65105342449223
21.26561194910717
-7.310745696502131
62.90328768586472
21.36326218792914
-7.213069565439562
62.90414597346484
-31.640886977408805
-8.154608567798066
70.2982129596582
-27.98562611961438
-8.042745588721637
70.02657694871735
-27.24610211446771
-7.77555526456899
69.18182837589634
7.160921387652769
-6.789005655731923
62.63670605805498
7.2509697000971665
-6.726546563622245
62.832478379542565
9.594881477859632
-6.823912131680424
62.84432226844632
9.248786305008508
-6.691628444423278
62.64791260211282
9.345896692015234
-6.691616111094123
62.64841781684899
9.936700427146913
-6.82386824274858
62.846100576016454
10.425006099316484
-6.774975077035289
62.848816105539505
9.97711657193818
-6.6915364346667845
62.651705537948935
10.424990920195178
-6.677311349792574
62.84916629086674
11.38522761374491
-6.739913602451365
62.65885324832572
12.182930217326353
-6.774752291894584
62.8579616669031
21.314359782566825
-6.724759991353176
62.90564287095509
23.474049502164426
-6.880559486917817
63.51508951278541
-29.552085416841326
-7.557514363112574
70.31122039180596
-30.114415917005406
-7.874894469571469
73.79758680638359
7.006756406207161
-6.335925046978607
62.832608913676594
9.123362724964663
-5.963266195453675
61.16515492532151
9.659483712955705
-6.129408611624111
61.89330317606249
9.864506601826077
-6.191266559426951
62.26929267804759
8.729259782394964
-3.5365386880092764
45.58696902416314
8.802502190070523
-3.512113334488539
45.58743763274285
19.55637876320353
-6.334331204877164
62.89789805877767
21.314281543127727
-6.1876135439418425
62.907568903009576
-4.5745263460627035
-2.715406423102959
41.701096806854466
7.006656828543482
-5.65228277010448
62.835060232018925
7.885618887583144
-5.652171615951173
62.83963301184585
8.383135398334897
-5.460112622160127
60.2986467830618
8.33703247231372
-5.3494627158021215
60.468034771042525
9.879863801075565
-5.720435126871094
62.654678600522544
9.976960023276394
-5.623311730566759
62.65553583854319
11.30382495085972
-5.798231894539738
62.856890764483964
11.987447670521345
-5.700481819935599
62.860797559822174
12.259067409058424
-5.671577421191503
62.667230498139475
12.890295315123845
-5.720053282971074
62.67034411986914
21.314231754330613
-5.845792643921824
62.90879456132586
21.509549755484073
-5.79693573490986
62.90998583210242
21.314208508852683
-5.699297291535354
62.90931983598114
21.558366808642614
-5.699266759485952
62.91059006266586
22.92929439257246
-5.930001009846352
64.13557310619697
23.23261618415637
-5.879407596095437
64.13733625784543
24.783894209477662
-6.128636755245122
64.7866911553751
24.294269958695356
-5.929827653592049
64.14267436273369
-23.42214794391191
-5.602702875699203
66.36875851464964
-12.836453265306469
-4.170617382954544
55.21743793133983
-12.607272227807353
-4.170588521487393
55.21863214735126
6.662909544730124
-6.963342432870335
75.40900226659507
7.299572895776655
-5.163930260814986
62.838335431179075
9.985304099726557
-5.261252416714851
62.851957628423904
10.180629213644693
-5.261227609801848
62.85297380320125
10.034121152815644
-5.1635829644568565
62.85256186069711
10.180614988254245
-5.163564359272104
62.853323991780115
11.059597431579268
-5.309947127366355
62.85737148719687
11.352586056117875
-5.309909916875732
62.858895754324294
24.835275157252166
-5.562535160667667
64.7889849102094
-22.427556272498602
-5.253508262245216
66.61708717807761
-22.20998033065607
-5.253481106240132
66.61821911060687
-22.46033231003971
-5.173703380897109
66.86219145447555
-12.471329078075334
-3.9179663431717144
55.34082269702486
-12.087677237572159
-3.764446895241895
55.343369049886306
-2.8858531264852494
-6.14147349957135
75.73032248086324
7.250685192635487
-4.773283937197786
62.83948214257116
9.936408807059465
-4.821774467893338
62.85327943162471
10.025388408378126
-4.749302999251714
62.65891852199979
10.122491703094758
-4.700735379692452
62.659601654833864
10.365269120912702
-4.7007042940899675
62.66086088535017
10.219595017585684
-4.652167269618225
62.6602809747566
21.80713520412458
-4.868899380397858
63.31175124346767
24.101241061122565
-4.943690588580717
63.936153537343586
-22.840261481349334
-4.816490458329426
67.61554717524646
-22.96992441846188
-4.758970921310802
68.13431539429286
-22.582663415735965
-4.567431869963109
67.36318627522047
-22.75404779337114
-4.959043127591684
69.49462652958108
-23.066594636133
-4.9007359200518
70.06343446863882
-13.51938365004293
-3.34411629584256
54.97888202834176
-13.524113255116207
-3.368564870766141
55.216739121954646
-11.89587972693335
-3.4958488239984993
55.34532818627686
-12.010994040472578
-3.4191286921441013
55.34500832521454
-2.2144922222597843
-5.671384309558431
75.73550085876539
-2.0802064447869624
-5.6713677316701085
75.7361994759747
-23.045805651568166
-4.298839997966824
68.66865495275707
-13.59514295828955
-3.079101758184635
54.97943647580681
-12.816752936437021
-3.11228934183637
55.34191720697935
9.81612293031036
-3.646575531987524
62.27816353090503
-3.14823389748804
-2.6890173314106094
55.39372919783571
-3.263347485928797
-2.6122967157908468
55.39340743489366
10.888686319735534
-1.7431598819930876
47.45053824551493
11.080225381563185
-1.7082314438260342
45.65494168226901
-14.079856193256088
-2.456618940758857
69.83188383668329
-12.902546895050392
-2.5153350647833657
69.8377976458068
-13.314612554452344
-2.4565218852607247
69.8358688148391
-3.1898011778327082
-2.6318323440429814
69.88790958133498
-3.2704269681753186
-2.527364825990869
70.17492652903431
11.287395811706407
-1.787246496562858
62.676110542190386
10.655968861991202
-1.7133977656685444
61.914320821709595
11.190263273369343
-1.6415917245140836
62.676123822576514
15.2585704991506
-1.7935415286124419
62.89182599184464
-23.027805010144977
-1.2347280954927005
70.6629584077935
-31.803846031265476
-1.705031973053393
90.12980962523494
7.28465657309896
-1.2389996060245023
61.898484572973985
11.047747307885246
-0.9356064465795709
47.636268574056785
11.322155967990028
-0.9754749897195327
46.92956927080343
-3.3433173959485876
-0.7991296823781633
83.51619392973035
-3.3569079858020845
-0.8221003212451696
89.65457967122329
4.195548748038399
-0.9144785707622936
90.95920957193292
2.907055621130334
-0.6420748663896063
83.54927178266493
3.7867024373463805
-0.6443659578516812
86.18464077176968
11.215822589099036
-0.6651152451170016
48.27065584252037
11.227432920422821
-0.6084638135019363
47.949545737438854
11.268667067353913
-0.5811591196994442
47.102783913734584
-18.59818599141205
-0.0334196731476025
75.67049649073637
-19.538198835751732
0.03360436859739063
75.66584689909322
-18.92112414149189
0.028814000579357985
75.30099423164265
-20.375781509970697
0.13627311336306708
83.43094159669724
-11.4180223760082
0.1088353640780921
95.75451931089259
-10.689581748809847
0.2354517904980405
90.8859047365911
-10.821415490049068
0.2900807226081674
95.01625369186324
-10.296252270338416
0.2619525365874276
92.88754792893144
-2.8173452512141797
-0.07715425616532226
85.6063044791957
-2.8811596312126393
0.010999497699697769
79.34316697991092
-2.155269421762196
0.014518880931409045
95.80236610868491
-1.7077153878876956
0.27284272039537527
101.50041369101606
-12.817227952326038
0.14896138060369274
55.35360908159032
-18.921201774541217
0.5617973287785077
75.30290533610878
-18.45487327509176
0.7617251555252789
75.30604440059143
-17.658282613919095
0.6381336174048027
75.67779055533006
-18.061151414853697
0.7052260432924619
75.67593925958691
-17.722028375167078
0.761818334697196
75.30986082584798
-13.268291266723484
0.47946930640227375
67.42974022336995
-13.197302236240892
0.42789989554648994
69.84682384762874
-12.787983417436266
0.47221698371634
69.28661991939032
-12.472083620130263
0.4651038959033394
69.01265468079202
-12.2312062809485
0.42107311143733545
69.56866201668217
-11.604887838469526
0.5351280247897087
67.43859290308514
-8.33375901931166
0.5454901118009592
74.63868941161653
-2.2627452162173616
0.40872027797239774
69.06556168185455
-1.921758337133393
0.5149289944511782
66.74444692469532
-12.583469872536057
0.5041007735311283
55.600517034498864
-12.89402483739928
0.5709959363750441
55.354723180516984
-12.817289426250419
0.5710055628086977
55.3551223944443
-12.510356231259847
0.6094122846388816
55.35685681118582
-13.48020742427388
0.7579845315789678
59.71003833930138
-12.864429683420038
0.7208635497820166
57.869918705540016
-11.45902968907355
0.794190096674535
60.55812435017246
-11.290001902652204
0.8016320000820701
60.73189296898227
-3.9940073543324552
0.389142724649242
51.91673325378876
-3.6822286969030023
0.418691894668762
53.48835290498204
-1.797481212902647
0.5811829488549635
56.548165128577196
-0.8891616520028641
0.5979028585182282
56.95293681487814
-0.81486710935943
0.6092455961519024
57.226373958238355
1.2251033133496525
0.6038112033296279
57.09981389347433
4.579412222725529
0.5666825339885521
58.252171886534086
11.395504543449642
0.09417239458659687
44.29975371969824
-20.196880098701534
0.922148277052139
55.439653694295856
-12.856871121737893
0.9029472315687596
55.116016581378105
-12.587135397018061
0.9163436216568469
55.35755819245384
-8.967003937532295
0.8461260221420734
54.10621746762068
-7.992388323927336
0.859111820444259
55.022708177889584
-3.01617569747593
0.4596747762392358
45.83958646577169
-2.731358628084514
0.5003401439494372
46.0987531022722
-1.8262434833094006
0.6955093158530827
50.30126675682247
0.045678580343853595
0.6653581312818776
50.883875370622164
2.5796037053505043
0.6383030503996817
50.98125683265491
-13.153565937180147
0.9686720068743344
49.325877971056514
-12.267757908185832
1.1448474731834593
53.13625700911621
-8.185758549901255
0.839938249616613
47.60402403733959
-5.79720844745375
0.7801671496309392
46.45731443253515
-1.7680826155091107
0.7429548462038905
46.31616530080914
4.0609417005936335
0.48737397240199853
42.34747141935964
5.109733240914914
0.41978591608947047
40.57001358454044
-13.845994494697178
1.102123345887831
47.45302538489499
-12.689167640415652
1.0803701886539125
47.52001684272393
-11.380967697326483
1.0625056481062514
46.429278266736475
-8.294697885731962
0.9802864720049866
45.272807963240744
-6.484899888343977
0.9334876134713762
44.77321927474914
-0.4519287053179093
0.7476924115455794
43.48281761341211
-0.34512332615986024
0.7510636893464755
43.52146151547719
-0.30256235209436666
0.7544437600074729
43.55996389423737
-0.34326894728538615
0.7837988034993559
43.407925483025465
-0.569022004954964
0.777886639126042
43.11175732107765
-0.46784320727638934
0.7913964628189583
43.258364494936906
-13.382970720328911
1.109768376676937
45.10494495548715
-1.7427589649121935
0.787294484130424
41.581289400733866
-1.7040564449619118
0.8099671783638134
41.269013355093364
2.0606024411368726
0.8410552964537477
41.40065226615451
6.010695237040269
0.7837743441981588
40.57600678324566
-11.999715173334597
1.2222437540505375
43.274021651614625
-9.372024389325045
1.0539985811790724
41.42717380193904
-7.9769869024412685
1.0335299234548465
41.72665488595098
-1.7345710296317158
0.8174453038812127
40.5358364856499
-0.4757472731695611
1.3641255600006297
44.497763085550474
0.6448855335332377
1.2138351962008358
43.08357168205358
-8.128354931491609
1.1285250945598495
40.503690585049675
1.11110325778612
1.5020837010559613
42.90931189214665
8.886948364036671
1.2173227912454476
40.59252401115854
7.956559214366233
1.4531381510437407
40.866417010004234
11.98057139345314
-9.736738101054742
64.34128138675212
-32.417248207284835
-11.083616908435777
70.9747984521542
-31.553103223899498
-11.049546919044836
71.558083890969
-32.249339406978486
-11.807732885293152
74.36493688111398
-31.50971292903901
-11.424213254075006
73.07513823760068
-3.0014112571113922
-5.5035857661247425
48.53256188589023
7.31572169192572
-8.414723685975707
60.44039770461086
7.35932964767305
-8.327463645024617
60.44095032567222
9.388857281719838
-8.572402275161672
61.255334342350594
9.120277179727681
-8.527688761750596
61.25391605751956
9.299315527474201
-8.482893853420835
61.25511591456937
12.074555133371002
-8.527151555980922
61.27119577162122
13.313693358252948
-8.69781935098378
61.78026980431112
21.31302923411972
-9.099322576984378
63.62201661421161
21.96446033479072
-9.243384367262488
63.816070587505024
21.86786560663725
-9.098552994178167
63.81599957887056
22.109278404303584
-9.098509095685943
63.81741161395651
-31.806498985213338
-10.129310862253616
70.41912721501052
-32.030683967917135
-10.45280303802238
71.55732587104293
-30.299869792495706
-10.571854247968892
71.5670385978922
-2.6480871948121365
-3.669655590016222
41.802084456677605
-2.665421199410147
-3.635004087116066
41.802101252079446
-2.7866195279980976
-5.181258155440147
48.53491731427657
-2.2963272618521824
-5.193759350369454
48.478580532163335
7.634091726973936
-8.11356418115705
61.57981407094494
9.657338030169754
-8.124730411421965
61.25843122882824
12.343053946215035
-8.169004869800165
61.27398745587834
12.163988501925445
-8.079512250208685
61.27324540134653
24.990624846785806
-8.947055283507666
64.61964089550497
23.93410168187725
-8.709055156982542
64.02230288994441
25.53558807309034
-8.705872756996209
64.22676038012962
-3.9130070598136277
-3.479284878496291
41.79533493172379
-2.5441698597231235
-3.444381317538102
41.80346046297909
-2.929793066870147
-4.953082515836092
48.59439165173397
-2.929809375713315
-4.872257658330725
48.59466719350509
7.156580905509474
-8.147628861672246
63.353854808117276
8.056476811377113
-8.274940773505143
63.93092038944955
10.146195658752346
-8.017214373592807
63.000773408197254
10.711309225870254
-7.811955094706256
62.286690990489575
10.942337641611104
-7.8119126076751755
62.28804228845141
10.341654437040978
-7.765816106163337
62.28468643892465
12.267619911250497
-7.652134834938858
61.777718018740515
21.62902668047882
-8.315930348918677
64.20524295815338
21.99180701923397
-8.272406773689468
64.01242880730412
22.137443162290516
-8.126713582366886
64.013777407553
25.731657982926734
-8.299536941763341
64.82806522781242
-33.88518594491642
-9.259264783044669
71.25949746279586
-32.32937060782694
-8.909935354170447
70.4202276763608
-4.172952850249627
-3.2887314290384815
41.794465455926584
7.004970584953003
-7.6615287750969
63.54324408807737
9.957196002095097
-7.450587329175812
63.00160042649851
11.20491749847182
-7.405764484302634
62.116242102077045
22.040255673849575
-7.7382857573304324
64.01453748439138
25.931733802966782
-7.944392514983992
65.0346786342714
-33.28438895549557
-8.602856338603496
71.55630254406891
-2.3363067367169283
-3.1324511453986523
41.805738957812146
10.012661744316556
-6.965973268494154
63.188056666732194
12.958430695022068
-7.132300594497417
63.57986348421321
21.991601270221484
-7.252736988126148
64.01590498564016
26.551463859673987
-7.607026035811989
65.88070518062665
27.183206858698355
-7.6392824492140905
66.32011758608596
-33.04577825040209
-8.00598173552097
71.55972974932394
7.967963421769229
-6.6673415944552765
63.36365216141749
12.513033471185825
-6.3330279058852295
62.302271833080155
26.20253936303876
-7.056939968946039
66.53823987851881
27.69761384574586
-7.175812976208035
67.22864274927423
-30.74421733922657
-7.36200709897777
71.28433741289285
-29.285895495037384
-7.468151258062312
71.58355713211388
7.3699477790726675
-6.267596484423143
64.12883138281882
8.010218099741891
-6.107531331187569
63.745154410790576
10.164169005639776
-6.141731548550941
63.37828518583953
22.165753076783727
-6.2649060288608975
64.21537657567596
23.632966787753887
-6.445793877184543
65.02634894909386
27.591426127338245
-6.751419633180827
67.22946902739909
7.09276579119836
-5.673151823912339
63.74127012215935
7.615050571135188
-5.455999676698296
62.27661726336841
9.579054716479726
-5.609007693111511
63.00566923663273
23.694346400988152
-5.716630858121669
64.8249624614958
23.52061653586558
-5.658456106079344
64.4226768679256
25.37812977640481
-5.806202711354087
65.45441462151253
27.08781778556438
-6.119212433470069
66.54661911431299
23.225866082626325
-5.216514272811679
64.42246401089334
23.76607711602698
-5.216416027856851
64.42561991651723
10.173184403728868
-4.588108550582179
63.57225063421695
11.733237051448684
-4.6421127044986426
62.839100254358
11.891393739175678
-3.612895410733042
63.96925142139986
-22.070991119748165
-3.3455985810736024
67.41955779376609
-23.81039610123827
-3.093201691876154
71.33945109684701
13.808438525499314
-2.4647657729751997
60.97569986877424
14.01409922052214
-2.4742590632563197
61.13917983701896
11.243895359744304
-1.792370905537703
48.16533211305723
7.140356344991468
-2.2450555347163608
63.753239294830635
10.863175386746585
-1.9603835582472242
59.571376662197665
11.26414467793615
-1.4018742783985094
47.61861676553319
11.270364399674946
-1.3979043083368674
46.42663611282171
11.310064403172468
-1.3957701047006872
46.380628938959475
11.36522330572936
-0.8755779131179435
46.42897408631622
11.365407506274167
-0.8575996234856343
46.85705150203694
3.0714493425856735
-0.5902161834725695
84.34296495989638
11.330424376583377
-0.6665245327209396
48.57371484552901
11.383478480765845
-0.6132027812578272
48.22682886356152
11.424043275069332
-0.6137826549800204
47.36014476932118
11.510136703579555
-0.5900638134547277
46.71373405654451
11.482843669379053
-0.63804157193964
46.29248938164426
-20.044281021811916
0.07208920704635216
76.93864132585132
-18.902828309054495
-0.061990108445089204
76.94485977899768
-19.037128368154956
0.005128925836058118
76.9443070457083
-19.356706596776796
0.06675998263431634
76.57460158415803
-20.853261813622474
0.10227341299940046
84.2054084212109
-20.48599894026062
0.24146290870801915
83.23901084816283
-21.588931075633006
0.2989164836148821
86.78428657304843
11.27059875388623
-0.3277622546789975
48.00255622146642
-20.72889444777236
0.41467827877979924
67.44022681353056
-19.423436689257098
0.5997314604912123
76.57602891157154
-18.634419817675916
0.7437799621499482
76.94917746582313
-18.890500457201377
0.7996972017601818
76.57982769429837
-20.836566644242872
0.9669387495461197
56.71105001801098
-20.219937111248385
0.9670507582239535
56.714656713455
-18.827226223647497
1.1323851756478183
58.829792550030504
-13.315593338791404
0.8644160486929318
56.274477344824405
-8.987936634006791
0.8082017195836315
55.27863907805225
-8.003464971732383
0.7388147325184777
54.03815791833149
3.7795067110184024
0.17818258435346357
41.85279711273262
-14.098512783481036
0.855962174301679
48.790797364112606
-7.297375403115996
0.8977804246906627
49.72804485273525
7.52784801633105
0.6911445127891056
44.77914853078481
6.3710042973800345
0.6693224593208116
42.438304864188034
-8.26766271548935
1.0311893852316523
44.68792832459367
-6.768195864640532
0.9396139101251136
44.045334366366504
0.8067086012032421
0.8011254767759989
42.971014684435076
7.366092748839269
0.8372736296073277
41.87602070247846
-8.848026001820783
1.049161341493111
42.94494486303717
-7.993540048534483
0.9828748603786307
42.27472820332181
-7.3891592356178535
0.9370986462748503
42.19847981586342
7.331414250668923
0.9585588542896772
41.87623150698966
-9.042754004868426
1.0422181327690716
41.780753665361146
5.119055897189023
1.6962196096855824
42.30065277941399
7.868426544429399
1.5997680940873271
41.88155985543726
7.161231750642656
-8.039164348243057
60.348182443277985
12.860393423507677
-8.623065172162347
62.37418585515278
12.993903059445815
-8.444888584193118
62.37586282857487
-4.126893475884252
-5.201453623509989
48.9177201113973
26.75926852573015
-8.898619989039343
65.5150651529072
26.31972803876441
-8.752306846533951
65.51246995542643
7.641207277682603
-7.7637173039232135
62.669593805325704
7.862866839992311
-7.755792972391734
62.838691327974956
7.287513240335876
-7.637327488015616
62.50182003297343
9.10673544239999
-7.979834577529579
64.07028003358302
9.525602436058435
-7.681167854173648
62.517827512228024
9.973176399967276
-7.59145897214419
62.52142096356217
11.092249858626998
-7.680522541836289
62.529159360574454
11.226494716723789
-7.590942723636668
62.53048682645475
22.965611236168584
-8.17380018193091
65.29544038583913
23.347967508907022
-7.198094618491326
60.468566213782026
23.110098499212434
-7.083527709335882
60.32478648541599
9.65965001528057
-7.143966472431465
62.520938513103474
10.420613218302151
-7.18841528362136
62.526263467336044
10.15202391549681
-7.1437631811767375
62.524499346330245
22.707670415437896
-7.609726116819887
64.9121956633368
25.637462472147813
-7.597315932219539
64.19132628969004
26.020512683530136
-7.608361504148134
64.93615021136226
7.600428552252941
-6.697192559992776
62.50782934963095
9.480446468613641
-6.785942672806352
62.521067056356
9.614691326500292
-6.696362377773397
62.52239452413419
9.301341526908336
-6.651729673946183
62.520308600320064
9.972821308899038
-6.785739865589605
62.524629801865274
10.017543292653874
-6.6961964460488375
62.52530984325758
10.151807891301548
-6.651379349565756
62.5264572368056
11.315642787027178
-6.740424481511762
62.53451934701083
12.03182484022267
-6.740129470369617
62.53969684391753
12.121347700564202
-6.740092602474894
62.54034617758707
22.628532726494246
-7.189130401555398
64.72467855337928
7.7344761588454976
-6.159990686222329
62.51093653783701
11.29994184098583
-6.397375564391576
62.86895361264795
25.488769475562542
-6.8482207880285975
65.51404658365601
25.732879728902837
-6.750457122182988
65.51620101158277
26.715408626923814
-6.883132318848008
65.7200908265373
26.12352499763152
-6.750295734111018
65.51902614680091
7.644815185280287
-5.846692278780629
62.51153815889199
8.755643729716114
-5.688990720191222
61.561037892841135
11.436625837129984
-5.8919569771161475
63.38509139164983
24.906965539248596
-6.2793319071303415
65.31701961148403
25.439639446438775
-6.16460018056423
65.51641448919986
26.62230694598637
-6.3262806693429035
65.92121233364475
11.132446108630157
-5.381949409150876
63.04102458940884
11.239775103587059
-5.287423779428473
62.70547667896285
13.47068702827917
-5.4465806047397995
62.88843810666899
24.16989168327496
-5.823302304964685
65.50859332451466
24.36521431795451
-5.823222326178701
65.51000588927688
25.39061320187385
-5.7251368386414585
65.5178105700506
26.367224466922313
-5.724734561330505
65.52487338955768
26.464864264283786
-5.675862785360116
65.52577403268855
0.10029971326775823
-4.322499755228311
54.36596361508336
11.12205694388903
-4.794177518578216
62.37687100043413
26.826038903669982
-5.415121702293056
66.12820317618046
26.918243675418562
-5.387696252368756
65.92709462074285
7.324750182837141
-4.389105607073432
62.68074813253874
11.411588199436142
-2.1361592500722133
47.02126521630209
10.387715527898855
-3.1291981646486686
65.2245927568537
-23.806295114005238
-2.973467111175303
71.43013010673923
10.974609303035768
-2.513570788153782
62.22257810391303
11.254644250984837
-2.5230788042892716
62.38687633545406
11.605096535050906
-1.543488597850174
45.87359588067024
11.317488580454864
-1.5079401150364093
45.27008452597184
-3.1083845084748547
-2.4306166020148536
68.77785254333168
11.387104995418913
-1.9916708034838413
61.4405529156825
11.374085631312711
-1.422509918355094
47.8793652245685
11.294769170398812
-1.4140740539926446
47.69125028876957
11.462250860052121
-1.4133716514997339
46.68954785988698
-12.761556860318768
-2.3484539654517134
84.98670605044185
11.349897369380018
-1.162692985091885
48.023679960253006
11.26843526076373
-1.1899305555402542
62.55628783687034
11.365372800631025
-0.8579587985171991
46.89875809844679
3.0448268547032766
-0.5770333491720658
85.10804380060928
-19.95474043549645
0.0022257640043986393
77.79337683664814
-20.04531787983719
0.12315193954902848
77.07395991616157
-19.572711747002877
0.007627157466199075
78.1642112614697
-20.98081249134279
0.44177730570553814
67.96100386711177
-19.651922800513876
0.6481594641132828
77.07889560343614
-19.061540106158912
0.779613855724302
77.08368789723654
-18.95576938369314
0.8021110074286646
77.80378598198186
-12.828422709335278
0.5435397908464762
56.597269303711826
-18.608183598562462
1.2266066021
71.21253525952588
-19.703899604978503
0.8332810085400952
56.54871152361568
-19.66352358709429
0.8800755740234188
56.11637672474469
-13.279611720677034
0.8762512854354789
56.05657196065643
-12.814061975661817
0.8048235052365272
56.05965351158916
-12.635016213607908
0.804897263818367
56.06094645707729
-12.778284960647895
0.876457787641782
56.06019753876194
-12.768941120566488
0.868793964152675
57.161182266631464
-8.326689453534952
0.7147411223400755
54.50912251930811
-1.7799312645205223
0.713448682847902
48.79723648931872
4.2624558174415315
0.3951635993966914
44.394711913680645
4.845986848356544
0.38709850288102515
43.82171173014496
-14.425559677187112
1.0280505294510658
49.14293601240108
-13.713834668179574
1.0437595651307232
49.60568161824757
-13.350208232049445
1.0810112545063206
49.43424170607983
-13.342357593779541
1.0814586341646188
49.7264759617173
-12.558070310465776
1.0767077766987123
49.97252475006255
-8.865981635427218
0.8911622403736188
47.934052556394334
-1.7470126824421857
0.7256035171699141
46.12543099363479
-1.7994107534277268
0.7618439062727808
45.82281803203105
4.871116493812106
0.6247393743771411
43.11747276449438
4.888428075756585
0.659401089369886
43.117736004201106
-14.375362884256766
1.169642505442649
48.49769227128061
-13.091478495672986
1.1773080087361651
48.100841051496936
-7.873033377142464
1.0026793134923704
44.309389309291454
-1.8691880339352271
0.8645452898245297
43.06969436620196
-8.453542509795279
1.0870880391817361
43.022972864064144
-8.488203854028232
1.1044010538564126
43.022791215866576
8.890610626013975
1.4581057847883339
43.14985464283639
10.61043734553368
-4.249274869323001
45.64151513458764
9.301088268691728
-8.174328530989353
61.63619243313855
9.540760155607181
-8.06063632612353
61.355111904774034
12.120117367373018
-8.093943806295862
61.51744160513713
25.208582446801653
-8.661950186768877
63.91649042470904
25.208497335994704
-8.572426272596863
63.916966941567836
23.631498579142413
-7.573953846614834
59.75568013056781
23.29208529875743
-7.504400159468345
59.629367604635426
6.9985352938548875
-7.965352645107449
62.655977683385714
9.82800991838044
-7.811875401481943
62.226670299108605
10.878680631885754
-7.985676615062035
63.15544074535515
11.171676559117158
-7.904638758878065
63.000901009742435
12.276594718338416
-7.689749724659972
62.09938925515172
25.70354717510755
-8.491672189544747
65.47818444806225
22.996978120174244
-7.215332087539095
59.877326209561716
23.739627052872596
-7.412880342548732
61.06071072720184
23.198028223360936
-7.22659079824389
60.26083343176673
11.023212415379952
-7.3289424179560925
61.79885063308501
11.274625443999364
-7.202939320904
61.80160158652811
12.13712859580946
-7.295579247918532
61.66434144639271
11.729763120868117
-7.190912087528957
61.377856773882385
12.036154838384752
-7.139100613800591
61.52181781781702
25.131296082508946
-8.193092752621494
66.02852064434103
25.07911099083258
-7.560622579523263
63.594950152870894
22.323603444560057
-6.808464211653705
59.6250425502741
9.597398768179639
-6.869108190882502
61.78948294615833
11.842472661957853
-7.107812983914791
63.16808091604999
26.040136157079807
-7.658202892504938
66.22750589644502
25.340014487768453
-7.3538556843284075
64.09024432884286
25.33840557967965
-7.343877004559641
64.25774776069863
26.16358181744045
-7.394530063306093
64.95218301214521
25.390050014755925
-7.084192401356891
63.43940418846514
7.734866522535167
-6.467176694586225
62.517333243100936
26.335499098514852
-7.202951341595163
66.61600485817492
7.936620478247786
-6.307068167456679
63.298997880400506
13.438562292044018
-6.244752917502869
63.0284860765135
26.08979226507565
-6.780131607663498
66.4233231832992
26.089694636786074
-6.683566316375678
66.423831259347
27.354760457323803
-6.813562615388678
66.62651279278954
27.413256083810733
-6.7508441174475
66.8224118033502
27.814352423262367
-6.437782744254698
64.79620739802498
28.71064544343513
-6.614151302509421
66.06654831137813
7.142847186311717
-5.822998582552676
63.2949947188221
7.813619444763634
-5.657529235033658
62.82921805086678
11.40401841316358
-5.7833559971510935
63.65345424603238
11.789968893515745
-5.628786511259978
62.70805942970275
12.391055640835006
-5.722214915500673
63.022587891832174
13.719618200474576
-5.870267383929036
63.672168349008544
28.919490752859545
-6.263158882902028
66.25875669568708
28.82332864309566
-6.1192104435845796
66.25872464791286
11.78700902388278
-5.2693312107393915
63.49704316490331
26.23706859596002
-5.843493056778657
66.6224037839198
26.382729624323726
-5.843358394008046
66.62361453680884
27.25670742448472
-5.842546947438484
66.63085627958358
27.199280104919143
-5.7651684115860276
66.43789586784601
27.344079800836035
-5.716751628808887
66.43935583492237
27.353675142291706
-5.696791401803611
66.63243313986169
11.380069311769043
-1.9787794780876247
61.26283385159701
11.319901473840272
-1.4206829651056676
47.89086953547948
11.312633581270582
-1.3226861840947486
45.84455685437018
11.795117216434006
-1.089867736650038
62.42832828892469
-18.720575939117417
-0.017565013958002307
75.04747077501139
-20.43453076359675
0.34814325309277305
72.72103934443129
-19.93830573158187
0.5054920931759606
72.18575097355159
-18.280893595609708
0.39404522764352573
74.45047337043917
-18.393793094068116
0.5057341641622826
74.1550045549837
-19.36703750568752
0.6565282174157596
64.79450237864589
-12.607898892366599
0.628210300525053
55.83256774262922
-12.62648797488348
0.7573258376828617
55.74000095005536
-13.67967191633883
1.0537673841136328
48.643507834422806
5.540952700425122
0.731824374123391
44.40342965051578
5.9393355644131
0.870811804185659
44.407467557412126
5.991130938025157
1.0614589806217634
44.40890773612396
-8.89257331538451
0.9956668323920295
44.28530700632186
-8.82326553611988
0.9957311435354517
44.285881287423926
7.806219056102364
-8.18942459998358
62.65993551708291
-30.971600775781358
-10.077828594184302
72.23693118791245
7.103753555847955
-7.6523422520597855
62.655184204026014
6.897162668770781
-7.611041826258788
62.653226520203
7.558252906421704
-7.734939896273948
62.659532742951995
7.434296735051964
-7.693632083735193
62.65843758685085
7.806143136192642
-7.652279951281367
62.66251753735834
7.682185554229264
-7.610971652868123
62.66142046139596
8.383934437337667
-7.685664174855073
62.809538866327216
9.748050199130482
-7.693425247569568
62.682586261742046
9.665404407032316
-7.61079485844299
62.682122882344906
10.202531296138686
-7.65206621438034
62.68753064490199
10.28516460125248
-7.652058341768095
62.68839125276263
9.988872349838712
-7.577847726214451
62.54585675367019
11.111511803240369
-7.693303367398208
62.69681785219614
11.181332318264005
-7.577740169089536
62.55830155401987
12.805611205417012
-7.667766280413133
62.43635263053342
25.827332996020605
-8.030572895674158
64.63767420635119
21.926467911742492
-6.767845220450469
59.238897775064004
9.665347694310508
-7.197606887058921
62.684109068340135
10.119834577872897
-7.197566737195194
62.688852926214814
11.89647702228813
-7.280044745877075
62.706997971722686
12.908298418346991
-7.248617255315514
62.57790916149646
13.590481348630753
-7.32121221142139
62.72448103509414
9.500020616391375
-6.784433203233253
62.684368284007306
9.66528330769624
-6.743100023349129
62.68629385249044
10.037135972202288
-6.743066774178181
62.69017328268953
10.161086833829025
-6.743055703348812
62.691468969052835
10.285038669051135
-6.7430451000951335
62.69276275585508
10.3177057723331
-6.714274782143544
62.553441336467046
11.016734827205754
-6.714212286593818
62.56073578061293
11.263451217764528
-6.714190241723334
62.56331287359917
12.003604300851963
-6.755245077963246
62.570838836921986
12.085843740088619
-6.755237726559351
62.571697238812334
12.990463249993985
-6.714035377688348
62.581337239152134
26.22985354097905
-7.3424854122805066
65.12716475994972
27.477988878676754
-7.381111869316501
65.97748685061623
9.09485987854258
-6.024558029578455
61.090060095353465
12.598733989841197
-6.329649339010016
62.718897606395096
13.094539423285262
-6.329605495670855
62.724072740572886
26.36678369657559
-6.839772125186741
65.29501777940465
26.86518008532166
-6.871718982746978
65.46578943019097
-31.213860269064103
-7.964701537450638
74.09905596945903
-31.13337644471753
-8.013879523132015
74.37900156497247
6.9721312291056385
-5.983535706681555
62.80298592808619
7.640626712920169
-5.875585675985345
62.66933114529142
8.624143908521969
-5.661497652389931
60.593595063488095
12.68132209568873
-5.999091766008479
62.721349069056416
12.68131151608219
-5.916454457762457
62.72174631284321
7.439179949083535
-5.480898987820884
62.52932566066829
7.640574813223722
-5.5037165971827315
62.671118703270324
8.24042114239049
-5.201122870996864
60.59180557162114
12.598624423867125
-5.544592765740222
62.722671338123384
7.723158086139435
-5.131840140770451
62.67377070117068
7.9618478405374145
-4.774577666313837
61.08424480734857
7.553069475854978
-3.866044893033915
62.81923309266301
11.705540806005777
-3.0571225185557043
58.620240339646266
-21.717576541727137
-3.317207265530567
67.29966396711555
8.38262920050631
-3.0467902907336066
62.97435354410193
8.507729815895969
-3.058075841480265
63.11951633112601
11.413501345616513
-1.923329150752492
48.702869176046676
8.549436688535629
-2.587855662626922
62.97829942105214
8.591138272042356
-2.462692099583717
62.979338422905165
11.167951056695056
-2.5113261004696708
62.44405399213163
12.35030650937387
-2.569660626493959
62.734384241742106
11.574828243875535
-1.628290932429477
48.44465624327403
11.557668771088663
-2.0181948988220486
61.5169385154972
11.542732865851889
-1.4418887790068704
48.08713020902177
-30.086910284076897
-2.609536780152656
97.7263749338675
-31.252160593472187
-1.9439065639195956
96.37046545710066
-30.53599778563999
-1.9438425276105065
96.37793683314263
-19.572038458137765
-0.19291742745623652
78.21222269144295
-19.036504621205147
-0.13802803935439986
77.56087873332677
-19.802196530903124
0.31346532531226945
71.17818725192373
-19.279071354904207
0.5798061856053462
64.69026320550728
-12.74208408403656
0.049674449966401815
56.82259443713331
-18.889157234198457
0.7969768698041585
71.1900419377777
-18.48191120579052
0.841741159522555
73.72677182767
-13.300653348285634
0.5852621548654586
56.28397649035941
-13.851794464468895
0.7639059850646563
60.75820143470432
-13.541920738912896
0.793367018583519
59.91728525673105
-19.282399730161433
1.182285347706155
59.51306922496806
-13.411755602336
0.8499921721128625
54.587837519808176
-34.43132034326212
-11.251902609630015
76.42661651793131
-32.67863141725491
-11.270147297320925
75.58286864664456
-32.34261497304927
-11.140824651433443
75.30751619348811
-32.678833369333915
-11.094753383356823
75.58369260071635
7.0490215367283495
-7.6125180698061685
61.91012966231206
7.672021642397615
-7.860877096856033
63.061385439391174
9.664325398621509
-7.655665988754066
61.814592735613175
11.000643099697346
-8.03997839198875
63.49783434395224
10.866988244418698
-7.924573552371507
63.36116900974398
11.092238274050594
-7.66276197457323
62.32223184084879
12.324826035004362
-7.7078142872100655
62.20943367211473
12.541638157949075
-7.537386635638863
61.84411989238845
12.733741476977961
-7.476930425888326
61.6062421692927
-33.53673252339307
-10.713769143787966
76.43815408151025
-33.46995403493838
-10.723059267706452
76.73392115858016
-32.77296631617657
-10.585150365670732
76.1553894407815
6.700660461535217
-7.376390593584854
62.53280142130366
7.346921191468394
-7.363314587809485
62.1609342352705
10.968324857458153
-7.270551334276738
61.82953564767544
11.23675418538949
-7.155152449726328
61.832783679254575
12.119170441926682
-7.1541776910509745
61.84167094487735
12.73315733267578
-7.268602311721157
61.84731399114261
13.0220536448082
-7.297606919522355
61.97175389111263
12.579605865838408
-7.192037150895368
61.846128533061034
13.11990379031252
-7.24965993505429
62.095725616809936
-31.476219439579413
-9.795689881080524
74.50674311868676
-31.383181198771986
-9.623179587441795
74.24370160035325
-30.96741932074479
-9.340835461423872
73.22401515591713
7.6030355351997425
-7.089152710078226
62.671709429409056
9.601904164111163
-6.9719420033828685
62.1854834755258
9.630222988882586
-6.877416534619465
61.939580248729186
12.118728671479335
-6.770503265838709
61.843473345529404
13.222517479529003
-7.024921717023497
62.47282505122749
-30.895215500326145
-8.643248929133513
72.25408255830264
-30.41180183009426
-8.642715670524524
72.25895230618988
-30.253174475219172
-8.943432650330141
74.25828019155307
6.730847102027486
-6.794041231482985
63.32484843912685
7.384822084437153
-6.507729941675615
62.16534506780685
8.089952783040179
-6.468011693346118
61.80433617109442
8.013132872741467
-6.391361813461471
61.80392368144683
8.512133614282508
-6.454716214209783
61.930315339906755
8.818772441685592
-6.3521039985945364
61.81221821066235
9.321475975813373
-6.492361620847975
61.938284988110055
9.39434890047266
-6.428203679848843
61.81765500730056
9.50935933061249
-6.351341514924355
61.8191730481569
12.578766501823738
-6.46305559994259
61.84955309497194
12.751311103439225
-6.4500357433452065
61.973017510608585
-32.055019379321365
-8.759647770096638
75.32162558371667
-32.524159575201196
-8.981850461969398
76.45650531569015
-31.648771542082805
-8.924316654011283
76.1745297736762
9.5857825636615
-6.082685239642303
61.821211518651424
13.265338597656871
-6.211586955454305
62.73285290923181
12.635208319091502
-6.02622863808795
61.97384247215375
-31.68827121264686
-8.228885783672306
75.6071623569456
6.9996421142039456
-5.869230130221448
63.60492952149025
8.624742606042457
-5.618096130613235
61.57362278506103
12.475430538226334
-5.730711370407289
62.471399796027754
12.76976517100859
-5.746720422867645
62.34814714708641
13.580719472554021
-5.935154053393321
63.397862870208186
13.834034914442187
-5.984460481596267
63.67319875081671
13.207428385960496
-5.759571246096184
62.86405856448684
12.927365006901434
-5.674305274873385
62.60350858655059
15.235059105725309
-6.24251315547468
65.59583936263694
-12.894429408717818
-4.26217960028737
55.574270122719525
7.393156132773534
-5.429626309138666
62.93793710206239
7.486782834548459
-5.364924437195351
62.5501891250682
8.166569864116568
-5.181945040944889
61.69057979025976
8.090134770952789
-5.1438323135229025
61.689989691052155
13.885162515503264
-5.621755241110064
63.953690462109165
14.009018614876224
-5.53898062199193
63.955329223948404
14.993801905125398
-5.7554696556714156
65.28565478360301
6.778490733286265
-6.90018997500602
76.00072110426564
7.431116850862635
-4.760168850719467
61.92740942520004
7.781169232190224
-4.8569173092498374
61.80881245678931
7.66593888938045
-4.741942013117734
61.8081937197547
7.35373040973035
-4.490477661750984
61.92790032624053
7.879957998994515
-4.457749576217885
62.55841807412351
-2.0908290608524904
-5.785062190154144
76.77798096486319
-2.2248990658234735
-5.7002490164455555
77.07216515300414
7.4170913814796675
-4.279850082674803
63.343599927394145
8.264505722631917
-4.305757787279559
63.903296504567855
8.388457926424623
-4.305620941020161
63.90454706567746
8.801534328758715
-4.222527215213028
63.909095521641376
8.264362996714839
-4.181801364827904
63.90387881895206
-23.219288055281794
-4.306204006304893
68.89872071016012
-12.760664645359054
-3.0464816930711693
55.654867251299564
-12.640956353298591
-2.9864589240446318
55.65635519767578
-5.66973123524914
-2.056894407397493
46.808123350859525
8.842470478842232
-3.8919309876680668
63.911066479532
12.767600067730354
-3.887597256055857
63.95060503509796
13.139312084621002
-3.7632305173840397
63.954935198016315
11.52551265684257
-3.1637766515133285
57.23212045108895
11.580327259888795
-3.11773537909154
57.400866392418564
-24.458787593897583
-5.518951026951332
88.1321727486358
13.012546315825082
-3.3661459161349456
63.6772562104414
11.933846734859872
-2.943371016500346
58.2841960307606
12.027991480344685
-2.893412607798326
58.469409651279165
-2.6897070447388356
-6.123679172076721
104.42139085544596
17.227305893866923
-3.0340896684031176
63.72125806486223
17.84861350171616
-3.014291751406428
64.00587766161327
17.848468887476756
-2.8903350836629977
64.00645805067366
11.301209356404806
-1.8112940505302357
48.26274328011836
8.884317005071598
-2.6200691842319195
64.05862612703373
8.840900513506297
-2.528410808549665
63.91747002828741
11.185907658362646
-2.9258778576293105
69.6485344596507
-12.595951883888207
-1.792199685451336
55.73647460748951
-12.552607470542359
-1.6987105089790127
55.66330916515787
-12.283005673987386
-1.788248911618172
55.66560006992375
-3.1037230164285505
-2.428402379848991
69.11009687989366
-3.2990967329941605
-2.3797867799471852
69.10835871205485
11.521589515277524
-1.991088554013494
61.3839835324804
11.36982396421193
-1.9589430488715025
60.69913684036915
19.326431215446377
-2.2077077354304353
64.45213889860165
-13.93904739267143
-1.678554253693451
62.22452741509821
-12.461994042296434
-2.31211952591352
83.49704799679952
-12.531460317589303
-2.1735782636216125
83.49700482874947
17.92140776247595
-1.6418617849026347
63.73480306686983
-33.23580929114878
-1.724068538332151
98.25201870298301
-31.10020240083264
-1.9804521794909131
97.60592493815314
-12.882609225104197
-0.8873978223442586
98.46088065254787
-3.463692321029993
-1.0944617913466428
106.0809384563075
-3.3969285722176865
-0.7877334427425842
100.64292266362658
-13.659130020754931
-0.1582021049011592
99.13705743932205
-13.63306364165411
-0.1383772881472432
101.26883915857937
-13.06537595923563
-0.1510897642842962
99.83826435437929
-2.2992916293170067
-0.15198052914607268
98.57090180159433
-2.16120041665442
-0.13905049998074287
99.9481094282084
-1.942556125827877
-0.11857787943994891
102.12868816939647
-2.0083036244907406
0.02119995376745626
97.90826231788111
-1.6231625196570467
0.14839021171707145
100.66519028904636
3.2223240169202696
-0.2616945869024394
86.1567223355392
-19.883994359010686
0.31228480051087554
71.4806896952618
-13.048317667226359
0.428339264676056
75.28066868508455
-9.49826966626651
0.3540857739067452
76.73231443734912
-9.001455698809627
0.3942896140896653
73.99696875455382
-6.882810136178705
-0.16100650216336693
49.161153109098024
-10.285182481439902
0.6400446683057027
69.05224088510712
-8.574437752511407
0.6085754063030717
69.46622289046559
-8.115422419441225
0.6284965449920767
67.57269633865371
-0.3699979598354157
0.5870352492174026
68.76383568849121
-0.2694235076309559
0.5507789305743512
67.83181584584645
-0.17497126534505228
0.5368867810915697
67.47367426129202
-19.963894554434603
0.752472528539506
61.55588044469228
-19.70804124755102
0.7878851742153811
60.85085020719864
-13.34992083043328
0.581735988392627
56.7519490925568
-12.62873514519473
0.5727862731748443
56.59726815218268
-14.285736464225112
0.7587416539383612
61.61307843157229
-12.0527782682883
0.7316188363553788
59.82668192322579
-6.932122475709421
0.665653175548486
59.87792844448539
-5.834624568753577
0.6267097032604982
59.17115288259768
-5.588221477404459
0.6511960112725506
58.40182985068027
-1.6760514262743447
0.6233093972374285
57.89320459678417
-0.9096507568188099
0.5544732172954092
56.71517517320201
0.6762434030593578
0.5951477947872666
57.39349597369041
-13.333313354087831
0.8277925429904043
56.67202843911893
-13.125918149324514
0.8079484353436248
55.96864204339917
-12.563180960146099
0.8029718962177057
56.760914140111446
-12.660274275435544
0.8227681561868732
56.59812784796988
-12.724938905834062
0.842312570944033
56.43800161602917
-12.441555279721
0.8542617014654084
56.600478327296344
-12.239802636374641
0.8506576855482598
56.13061219844169
-12.486802529666395
0.8937796811005685
58.05638782803649
-11.982570244319891
0.908285737763291
57.79077575627069
-10.90328898241687
0.8659855149705447
57.19324949043939
-4.229902847572665
0.48637542231048714
51.84712255160974
-1.7864251131117235
0.6242054871602021
54.14851529796019
-0.45175509396801194
0.672151646942279
53.672110989031665
-13.354438708322105
0.9703647505919964
53.4249034367472
-10.01440346579875
0.8684496372079047
53.16767319238442
-10.009232799500115
0.9067732363986096
52.721383093527834
-4.0454818862844775
0.522448508699629
48.717292490829315
-4.0977432082598035
0.5334363668758072
48.61889539285018
-1.6670104546634963
0.6957616057364757
50.151792224967565
-0.9334087135422653
0.6602192785210316
50.001610775342314
0.5487835563316401
0.6948666524060406
51.14555030680128
-12.573639477191147
0.9934982793826798
51.105078068687035
-7.832111051104495
0.8334094267084291
49.19148137791385
-1.7553014082729794
0.6626238071746983
48.142934667954776
-1.2986418721867063
1.310198031681124
53.84745487294486
1.0090765687258687
0.6580224735228043
47.402980318532265
-7.253024427961788
0.8401593113400179
47.70755038639734
-2.086367744980965
0.7540780428877497
46.857441087027496
-8.133792725524884
1.1459280296644536
46.798397159281386
-31.661368952387175
-10.64319961097992
74.41316179467626
-33.995849780197815
-11.202156388794036
77.05503501795849
7.028135072285586
-7.6548683099377195
62.874147450359715
7.262470525754893
-7.586031982138116
62.7573491105953
6.829872978706158
-7.570800976108309
62.993125762835135
7.262373957852642
-7.509976956355818
62.75772249075439
7.7891194518504365
-7.646347998210082
63.00250980662395
9.745828418715021
-7.682292272222851
63.02223039869972
11.126852248547662
-7.565478862476409
63.03684526957552
11.143148461278805
-7.4167107395891
62.44535369553367
11.715006011737898
-7.395510375904546
62.22149664240453
11.878724887631904
-7.424192464905213
62.33741001660654
12.269090123933166
-7.490375224653927
62.45644007585653
12.56787751732088
-7.549379272850147
62.69301272339773
13.149232682618772
-7.497351750900392
62.3499707860331
7.136405313361056
-7.263482286267857
62.99774960934843
7.607783461441396
-7.101198290638325
62.644773184842364
9.73946411291128
-7.2313435653181495
62.90379142746218
9.35746265502398
-7.193620086982836
62.90009181873887
10.182331839113802
-7.211590873227989
62.670411634592575
13.346200920835324
-7.198218225296932
62.8211120691484
13.444317882488983
-7.150361135812553
62.941860481501614
13.773604524184373
-7.17852604118482
63.065653504667125
14.349092905011736
-7.177813734834737
63.071508794285855
7.174227345330095
-6.8413930132801335
63.00020124350391
7.059031291185189
-6.764800574861718
62.99940496932378
7.60358280367778
-6.710966866726283
62.76510302520761
9.624337249178962
-6.811320063662597
62.904677698223516
9.235176975789805
-6.682718190117207
62.66336865002951
9.689483556779583
-6.68215502235858
62.66799098316554
10.04443675614166
-6.772602172721617
62.90913905012046
10.15902328959876
-6.772460249171735
62.9103049079027
10.388195402888734
-6.772176403253103
62.91263661376453
10.227401647501207
-6.707717567115467
62.79180090866326
13.443973428149079
-6.8829824017854255
62.943166378908664
-33.066299833299205
-9.434823583484913
76.78997042969942
-32.727815351177746
-9.376111083930784
76.51435462147893
-33.57969957473216
-9.376642616073182
77.35528071165952
7.020170350534143
-6.381174066726461
63.000886593347175
9.048172545955666
-6.00377553013047
61.21460162156191
9.87196273470013
-6.2789876559743725
62.554398934209125
18.635443701159957
-6.547159189738554
63.61147915430369
18.667114077193904
-6.55974776850982
63.48674302709271
-33.593213234358096
-8.85082790180308
76.78746867167555
-32.482582408647616
-8.732523622503791
76.79934519183422
7.058141122600578
-6.074187532599852
63.00277796937958
7.748578438758876
-5.958229453921346
63.01036457783978
8.72557614752275
-5.753507920873906
61.212545025733206
8.617968691344906
-5.61040283339272
61.21215354695214
-30.931173098192485
-7.549492577918311
73.46179435219827
-29.319876777518477
-7.4937827390764795
73.4784553081553
6.8274515159510765
-5.690798141042963
63.002307839834856
7.096012581719677
-5.690465518428631
63.00504221502047
6.827303233886613
-5.575695887762378
63.00287000770753
7.287694396090007
-5.575126146797981
63.00755615101521
7.748085099646186
-5.5745554434219775
63.01224038690218
8.187808107376759
-5.252839200295572
61.209530549150614
9.781575913438727
-5.648771937706341
63.03255430252478
9.099660299804983
-5.4037297341407475
61.86736270771508
6.845767795050832
-7.278623881075505
76.11119417083907
7.133686808436365
-5.1532739915697565
63.00805602189993
7.7888434396371675
-5.1711242682338945
62.89404787642751
7.901020298042474
-5.002526762729491
61.20783828923982
9.793153582067644
-5.267005813860099
63.278968638246
7.418048072055319
-4.674503931676744
61.633731555906664
7.494863783959008
-4.657880882063799
61.52593692828102
7.494723635631715
-4.549092349052025
61.526468259479415
9.742221156555734
-4.881471181246744
63.035911731923704
9.703756110838707
-4.804783458299559
63.03589424918833
6.650903826060336
-7.328798888952125
84.4805099529953
6.650726678781037
-7.1912903434404845
84.48118155484758
7.604370226213474
-4.450973318359182
62.657717088271056
7.711419094635363
-4.369083855250081
62.897184509850646
-12.949219363981136
-3.2095597957810154
55.73951635061056
8.71267654238135
-4.129015838460643
63.775860387629066
11.471385341244357
-3.3235721363089796
57.17950466172459
11.53144496205165
-3.2934478152074473
57.18026480401066
11.718826814733356
-3.275568916082225
57.034690125547755
9.778905901740478
-3.576931132081392
63.04267140846745
9.004852000354756
-3.174597913394138
58.248889223436976
9.16270634073471
-3.079612035899857
58.25095760577956
9.191523529610334
-3.0710621456925473
58.16945058863482
11.523556250005155
-3.157567328266076
58.44009120679313
11.514450680167382
-3.111391717273815
58.60820038014712
11.610652272764296
-3.111272574093324
58.60918108823874
11.666507697896355
-3.11599122242633
57.48391991671315
12.592357743315414
-3.050007419302519
58.04223252336318
-13.078309003355335
-2.317262337337545
55.94314965364869
10.084795680373174
-2.770835693471023
63.04973131731489
20.441893137130094
-2.902750456648052
65.1016242040397
-12.093068361549642
-2.822780475551631
70.42073771483706
19.879434183975327
-2.5832883441102528
65.23727165161603
-12.298737197127984
-1.7621863462161267
55.753218757852665
-11.840504394066969
-1.7425823644008347
55.36850892163438
-12.881165359123553
-2.4608036213845543
70.02208430516599
-12.562820178768957
-2.469944866163524
70.22036501560999
-3.4805684054874613
-2.4586959909327923
70.31277597049294
7.283047309643563
-1.9685886611611396
63.025166921172215
20.073439784913173
-2.1837252365704467
65.52487243408734
-12.912301947444627
-2.231208106786957
85.50210735533321
-3.365639850661932
-0.8223159666909114
100.4445621326412
-24.796020665488467
-0.22619304150209738
78.37490149180834
-22.305669062230294
-0.099563942725793
101.66101951108708
-14.962459194160292
0.0509272811808682
98.33132788362373
-1.9416039121824276
-0.1677580861648988
101.86775569945183
-1.9893552266745274
-0.03670538718194177
97.19708225173729
-9.316324808417995
0.30655106455370773
75.19994698762423
-9.03364647785584
0.2929954054470625
74.69680999111777
-1.384045665071518
0.41841856858156995
76.88103640443089
-10.950014166062749
0.5982817843474766
66.72824478140416
-11.522341049141406
0.5980597183525579
71.25564691957055
-10.765381421484848
0.6834879868667322
72.11503192605011
-3.7961573782294424
0.5327517435365869
67.12032868282823
-0.34372069800288174
0.5575100000596399
67.64760289093743
-6.66184914804111
0.6612024919098551
60.87821716154703
-1.5954510993514828
0.7140000332088029
60.521647450578925
-0.9208377203735038
0.4783308027367705
58.16584977348397
-19.688877392311646
0.9428872775726308
59.94350958877442
-19.682538001738816
0.9639540754808261
60.23893642336128
-12.481648870591384
0.6973582557497184
56.447958432346894
-12.477785213353162
0.7370643513623163
56.590748853127266
-12.787013522730852
0.7715553287472474
56.65979184279293
-7.6068049530692345
0.6449657096379917
56.0810422125697
-1.7737365622386474
0.6395113188137029
54.80644803416918
2.507363615379487
0.815303410416314
57.56397487512051
-10.66093633147957
0.9887913973456737
52.99125089817747
-10.138038216784222
0.9405718097426738
52.290661326987646
9.717426219060336
-7.227105340807478
62.39608043440772
9.747943971180119
-7.093815207549242
62.29310805802681
10.10960109249933
-7.155478670314527
62.40206028764708
9.542964786328834
-6.824477646272998
62.501122479946986
9.435515162757806
-6.788752341052128
62.49981830330486
9.757772272578167
-6.788501218807568
62.504378188899636
7.54570800612745
-6.420771165704221
62.26601722232205
7.286818859954133
-6.432329059164713
62.47157682511333
8.89364202414281
-6.431799402664399
62.1816687819891
19.795883088598835
-6.811940396418278
64.2149683983792
19.594766611327536
-6.709677784887153
64.09426924613352
7.608799254259309
-6.10979396334122
62.47807877471372
8.912993062006766
-5.867903597372609
61.196756562353656
6.6697038746072765
-5.7013939473840844
62.573219217761036
19.435331267824274
-5.983886651102572
64.45498220008588
7.464892793467517
-5.322099142524812
62.48079936752115
7.927053777998228
-4.815619416033618
61.18916410306032
8.300686840908694
-4.815328811384101
61.19445094668187
8.114007172575757
-4.557937781073847
62.18195337332993
8.538381583472406
-4.577266959436026
62.08533599419286
10.107414978647721
-4.62356223363196
62.41731729266527
8.427272346010511
-4.367303567219899
63.37341727199241
9.22263168505098
-4.006115233488083
64.08234826816485
9.285087719139089
-3.0764855812231207
58.37297620044702
19.816984425219406
-3.681556721051221
64.4742823992388
19.893646946129873
-3.6047627296822875
64.47583048938714
21.65055327656922
-3.8718024719706348
65.90029555242924
22.158326764694735
-3.8861333585532516
66.04198425739159
10.10353037029453
-3.2941218890518926
64.21863446495313
10.134597081789874
-3.282880127937345
64.09961700188136
10.016260902580981
-3.0263333154572885
62.11560355432084
20.008473283804307
-3.2977354727239505
64.47930667231921
19.93164710705476
-3.1826937987720214
64.47891458738385
21.56947843534183
-3.428030794845592
65.9018263618614
22.124066576068557
-3.5067817030225057
66.31682511129398
22.369525280216592
-3.424740519198575
66.32079062112669
-13.015336353953936
-2.259411634101872
55.81943856586554
-19.95445847870697
-3.0506911349149153
66.28634600986047
-13.60527347459183
-2.7495912716054085
69.0317436795528
-12.095640382016384
-2.762363120528079
68.550559752896
-12.51866002591168
-2.683098634263785
68.71078664449128
-12.203713049109217
-2.6828535553223407
68.71524309080093
-11.820056060406129
-2.7233371986231867
69.40108233833782
-8.87863300665584
-1.3865967153316852
49.202948597087754
-12.371871341636911
-2.3101389988937036
69.3957717644989
-3.1894181983539944
-2.258874402163149
70.6033585951213
7.20021970983022
-1.9301528035074849
62.710341556945465
-10.626396790478415
-1.2922428012685694
51.932059810728205
-26.985825518721885
0.06528511662402953
99.35928146939963
2.8313590724415314
-0.18527046835296923
84.60474183509132
-10.968041217742437
0.7405662752401458
64.68499477259618
-13.23398612565162
0.9101904341836523
55.954190499448316
-13.004562408589612
0.9480294701080614
55.780156793461124
-13.244273371716595
0.9939308369316426
53.462669264991746
7.414303498539317
-6.925857043495783
62.12029021268371
11.375206907870009
-6.891480687945876
62.18784409716427
11.735496161624217
-6.939329760590024
62.380633984600145
6.8975075308010005
-6.601956497144814
62.3003653741132
7.380624476616994
-6.5565790174676035
62.12190009463136
7.54843936482831
-6.489402156561235
62.125150974921056
8.154335625161444
-6.500605554094485
62.04300511857086
8.488317792418638
-6.489211574596864
62.141135543711954
8.087442810450085
-6.433738197768213
62.04226514557993
9.057131167787508
-6.533863470822918
62.058161271862915
8.856501741690884
-6.50046280911441
62.054945476810474
9.93171043452313
-6.5224892669806245
62.16547998631136
9.491784281537935
-6.4668931778537395
62.065946294579064
6.795900041021403
-6.229784589476385
62.300839238285086
9.01354141405609
-5.9783827511099705
61.52116509788761
9.806881819965259
-6.195336694420924
62.35223933163181
20.97264757450204
-6.8565198707036705
65.15054872765957
7.228528155483968
-6.152165365594605
63.70452412578431
7.657141367518866
-5.924334949124306
62.79779516640858
9.884680929227692
-5.8970539157085975
62.54524166079144
21.612845979078127
-6.467443960319104
65.63558381933618
7.115805015013673
-5.727378588860333
63.188280426964965
7.261469758951956
-5.602536676778696
63.09065127738833
7.156566528773877
-5.488358738072457
62.501272806730086
7.695138482745104
-5.62883724847315
62.702549632969834
7.565765249013182
-5.488275074285729
62.5082312474415
8.491282676600083
-5.323257990645781
61.3417429404019
10.123277019588205
-5.555964086488643
62.55131833087957
7.280394071042498
-5.308074211740747
63.397745607621005
7.899726681474946
-4.9814734350259355
61.59632946931531
11.205688901315671
-5.378009950295065
63.46407313695277
11.099568078350467
-5.27192996635609
63.4628980996157
11.348379338077844
-5.32221738466721
63.161802623456246
11.911739123523557
-5.112090518847283
62.207491264615726
11.122014787955878
-4.821404830002332
62.668736606672184
8.38698346383201
-4.407809439685717
62.15172308638899
9.855199501171255
-4.513501714224957
62.64901729296647
9.918355521738128
-4.498775125147808
62.554087675499886
9.986545901222472
-4.464657033627347
62.55544899854432
7.376227106752441
-4.311250605736329
63.61284216893806
8.337924555019844
-4.3256593992754375
63.734192799764244
8.73114496168342
-4.239653487980429
63.6363044952086
9.84008530840039
-4.131354149026424
62.36501339476263
9.323503662714193
-3.639796042661684
59.245065435666575
9.322609408859789
-3.5844671194759563
58.42372645773753
9.125512758622506
-3.931595992738329
63.749915896079386
9.376113361009933
-3.8241167025579292
63.75481285942863
10.078240210296284
-3.7959153818090714
62.94998128242265
9.261499804006116
-3.1731166038463856
58.29444614838194
12.884815955960304
-3.747879256981029
62.60896887921381
7.12030962716416
-3.5022904935444545
63.7183593154913
10.134919796652648
-3.3938338406256556
62.757258318795635
13.081007637657914
-3.56121329738343
63.714282133079294
13.2071360960075
-3.501053077185096
63.821864095092174
8.623993239880132
-3.1080810222057154
63.74625773336088
8.731408133776519
-3.108059196857034
63.74808623480654
9.733966660964473
-3.1794741221314915
63.764711115789495
9.519125929589977
-3.143708667154431
63.7612695706852
9.96949513757434
-2.6016517001502932
62.282423212757365
10.186567158507925
-2.6806567448422287
62.0084928635457
13.361904560918283
-2.7246561268517455
62.623135991202474
18.083935178480882
-2.800511107298589
64.12175070818212
-14.098826120670047
-2.8244814903935103
70.19530921029397
-13.431096294618806
-2.8376392245052386
69.70410448310155
-12.983535882181906
-2.8375482501843643
69.71171717043907
-13.11781694666581
-2.7928138374155234
69.70969850409632
-12.98357572421864
-2.70326288663491
69.71251085725166
-12.535974483745374
-2.8374573835957646
69.71932796624738
-12.401719630370978
-2.7926681298478058
69.72187385596692
-12.53600263435474
-2.7479337287477383
69.71985706423392
-12.016713982120038
-2.7579734232682114
69.89436678086467
-12.088454802063906
-2.70308090414992
69.72773051080792
-12.491381526161817
-2.3003069508009566
69.72326372758474
-12.401870200018193
-2.300288753835643
69.72478587067238
-2.9583497347452328
-2.253607128349458
69.8856380396152
19.866183279421513
-1.988340070478562
62.36122581451882
19.933297568163194
-1.9211837408344645
62.362764277402036
-34.01103233254869
-3.011985545564584
101.67592305902559
-33.47790155783209
-2.7204165255130213
101.02026143035721
22.26770998075237
-1.7007003124740987
65.91719109765029
-33.83614112064516
-2.0938246454727265
101.0178804013523
-33.120046697332306
-2.093679128578432
101.0300576105609
7.553598832465776
-1.3157044749439615
63.63357830330216
-2.055637829911733
-0.27466839710725516
104.32175528662438
2.9508551056023316
-0.3565242154093101
85.82550925015245
7.517703982453401
-0.5311735028724159
63.637606934048705
-19.17792426390559
0.24715728455256836
75.95590626708008
-20.136350252494
0.39820494696157305
81.36730071651611
-26.45530174741337
0.5949100408212018
97.43500994922354
-20.30446541659593
0.2717150693391255
68.95957688261305
-19.17803842663479
0.6231562529861088
75.9581247302516
-18.640997449845177
0.7306936325390747
75.9678964362016
-11.04561247142438
0.6855065756193026
74.94563806260659
-11.34732216134402
0.7273347115748374
65.48274474894421
-11.131009167423713
0.7520199752107828
65.24211403368327
-7.997623072989817
0.585539328719152
61.81027799438593
-7.037034719449799
0.5738174714539916
62.20045278622602
-8.430363539952594
0.6807834755681856
58.147088974539855
-8.317295128509038
0.6808064502335752
58.14901361424004
-8.029066873229738
0.7483700488532874
55.72735969451049
-1.6856514315777402
0.6178985918894956
54.09609525295464
-1.6732472563494791
0.6441426496477757
51.655994902137095
-1.8962438929665377
0.8850049581809065
50.51999183487354
-1.930909530290364
0.9369792874288259
50.5197098400818
9.919293932898558
1.1126598362377338
50.72224793186206
7.250366276965968
-6.516421813316238
61.953982346147605
7.313550517557868
-6.516329776256273
61.95510468766703
8.736324938290156
-6.556294833497827
62.145693290470255
9.663636681425603
-6.850869967838983
62.936946262527755
9.539111581369259
-6.629858220443263
62.32757686203759
9.619870518350286
-6.576163853445206
61.99575751955476
9.746238045274728
-6.575979303883466
61.99800218801488
10.03056712867475
-6.57556561394438
62.003052722493635
9.809324716732004
-6.5126938309326725
61.99943521373776
9.935694084453853
-6.512510251225638
62.001683725404284
7.1552487823560815
-6.29538287579321
61.953392911634865
7.092015740266541
-6.263878199650532
61.95242686572939
9.615487528596336
-6.17737904090288
61.91581073334007
7.132446060557884
-6.166281880495454
63.35024511345745
8.576635701612796
-5.6489226897659615
60.81394598218186
9.68603793824235
-5.89954818913411
62.08275511145297
13.136837548255507
-6.075616302512423
63.09203881886813
8.185511887940141
-5.335758602312966
60.88260719327578
9.58835342292687
-5.694200828299252
62.76426973940256
11.143569276583122
-5.795005047160037
62.96847354592214
11.068046625612388
-5.6777781744692115
62.878833377192564
11.345665475971513
-5.513757193581453
61.94983029331604
11.035314316073736
-5.551827163873586
62.2751955939635
11.936814354761795
-5.5474232539388595
62.12447081025255
7.30690789828082
-5.268746812933715
62.04364756747644
11.082552626266846
-5.504431524223832
63.331289491094154
11.14932084026671
-5.437452403811621
63.332808165258086
7.4438534931515905
-4.964056516409572
62.469178926125096
7.678517871482779
-4.816660130688946
61.48775461902268
7.578467884197669
-4.783338954286
61.64457612698892
8.867501133060996
-5.058326031627381
62.66709401504983
8.068734285205016
-4.556231499210008
61.9782630767659
8.479480684410662
-4.5872299620373385
61.98540009400378
9.910939727525937
-4.644735740549662
62.176055651224736
10.07560113389186
-4.658649753855679
62.26259783080644
10.209425250996128
-4.672713318121044
62.34921172093081
9.937650222483978
-4.567221583455807
62.09384967233376
12.632835708303478
-4.531582283111819
62.1418819882527
8.20676499357545
-4.357940973941661
63.19426477600116
9.535545434980754
-4.320943327962762
62.33899809020069
9.715247377583662
-4.282125457005098
62.09131881126568
13.037417750218609
-4.3783886586259095
63.463985313109006
10.08721888264696
-3.985481425952645
62.95871973211898
12.918147494047247
-3.998699940828191
62.657409541324014
12.93415286787508
-3.9867758668372497
62.57152622580372
-13.112118554418727
-2.980099256342076
56.28958603481806
10.137557120453392
-3.722213633717433
63.23170955199451
10.11722677356592
-3.5606179060821805
62.43804918214493
11.799882922624116
-3.182828122207011
58.87922333622791
11.727773953117856
-3.111126305102189
58.29194776311638
8.470338959448105
-3.0757511853512143
63.38937080724073
11.005692177854746
-3.5054558244433687
68.91127396967335
11.546489727424287
-3.2367140912100814
70.24378957965347
10.083601758713893
-2.627202053894446
62.44209304954689
10.130477968785893
-2.543583605077084
62.190404853225616
-13.253002478608147
-2.708427495606635
69.05748037558274
-12.999421685142282
-2.6067813041608217
68.77322041503149
-12.386971608784966
-2.71621615278553
69.21958738369636
-12.54050585869345
-2.6478329982024364
68.78116652724066
-12.494857613691753
-2.6651941013391447
69.07115685103042
-12.252435206605565
-2.8016704698258925
70.61057733879466
-12.24055443793347
-2.728607486335058
70.13404081586336
16.59220748813007
-2.2582033345887735
63.53764717808026
-12.599210759321377
-2.335496634582859
69.21771452530278
-35.62178033102736
-3.0855436283049964
104.21952971564599
-35.28379918521923
-1.739788694996038
94.63875145155632
-34.51030622746002
-2.1205046129588636
102.2017026844218
-33.794222049231344
-2.119461550806128
102.21442630127457
7.494159779758308
-1.2978813129663647
63.38088304784489
14.61022400026908
-1.253944164821376
63.50745075748313
12.724680521335772
-1.1922159393915452
59.85788021499398
-34.80390588264109
-1.182034591596961
93.645324891613
-34.41652690699358
-1.1789756454433231
93.16331228030421
-35.91557812480064
-1.0310867282777574
94.6310588263278
-35.27669239677093
-1.0290030333720404
94.13548336252455
-34.72673425157622
-1.0270696661205128
93.64746592786243
2.174051016191727
-1.0186119604221622
85.5913172625452
2.387412750727892
-0.9539922094798119
85.94691961953868
-27.344528751556815
-0.35324221933086913
98.6134266933569
-25.983547527305586
-0.22815011811022057
94.81140331018909
-26.244872296676917
-0.35686887314586985
98.0543977486388
-24.65533671797458
-0.12871133244838934
103.05304922663109
-2.313138115472803
-0.2770997058697018
103.4490098720047
-2.5935193586360006
-0.20751110714165277
101.48581949842948
-2.11026816394875
-0.19330307110043404
102.78657564037414
-2.155500217078614
-0.06377690984584156
99.06211283110439
3.727048117357656
-0.4239717732985635
86.33024487646739
-19.608650698215197
0.04213741265424753
76.68279455848285
-6.53081945231875
0.15202376981012877
83.12371818230112
-6.827238380719482
0.22121373990466278
83.43565983925333
-18.495720891715575
0.6803743473854806
76.70573005640699
-18.860733448879106
0.780110410484854
68.9752628886111
-19.17810355595426
1.000917276906436
72.9433155115945
-10.761226282678958
0.6333621877419466
64.96975443346692
-13.71498919513852
0.7381299435609243
60.59852787974759
-12.821199907933192
0.7015554871204188
61.7990218743804
-10.928082122444822
0.7838391037733428
62.97175389161203
-6.830819206132503
0.5914010016300973
59.78967678141932
-6.859224206884678
0.6161597124074879
60.13735430808751
-6.7025462740631685
0.6145898427096754
59.323961123053415
-12.509279425720335
0.8832974562643636
59.82811744464184
7.001660391293449
-6.220104976771933
62.85902365877313
8.873782234155831
-5.7904852752920455
61.13176172279991
8.643799321739062
-5.7134769933763865
60.92746179922125
16.031793630977223
-6.4564894866754186
64.28150080020119
7.1680004910794715
-5.9196022579093786
63.18701080254766
7.71444350847365
-5.895367954992168
62.95289068850733
8.358639116172952
-5.431800976691141
61.056917371831915
11.19242918940092
-5.817489215310988
63.09465941907933
11.214112715535393
-5.799454563620387
63.0144470137009
13.745733585150187
-5.984827784242182
63.4672295324054
17.68792882698301
-6.195512071968662
64.76634173240969
18.0571655307174
-6.195285030619252
64.77279790466321
7.592764580401424
-5.5658235048364
62.87203393340235
7.689331013694943
-5.5487898184717075
62.79428986531431
8.157277319600476
-5.189322930880487
61.12169883007813
9.612695198520598
-5.5476041525712265
62.82791032010325
11.05356732282403
-5.50644898403446
63.25661264329926
11.243121154884264
-5.506332656608207
63.25992604695179
12.980717763955035
-5.536858818691038
63.290169890361085
7.23072887211293
-5.256030077841282
63.19082443343475
7.613122337174228
-5.069577289663847
62.40587484084114
7.912752928475323
-4.97016486484169
61.60235213089146
7.819638648142664
-4.90984358903473
61.74354231087402
8.927278332157282
-5.0831856871357415
62.66054076403123
9.749404857951136
-5.253786839994386
63.071747293410596
9.848139009610778
-5.206848873137526
63.154919824242356
11.012791747453115
-5.237612216339929
63.175149069299955
11.29603795047815
-5.174475182380772
63.180358048167015
11.659913100972123
-5.2050511362144265
62.86509331093385
11.846044719023427
-5.204936440744626
62.86834689615469
9.749124491473474
-4.8460261387255645
63.073412153384226
9.919138734657942
-4.705659230388997
62.29588201348299
11.223165308152861
-4.907850249353461
63.09892153659251
10.844801803072615
-4.757120411373464
62.7737521933677
7.109246704329179
-4.578914498010934
63.10962219160005
7.5429979189083545
-4.415014596904347
61.95830368713338
7.612682319325959
-4.429573602845696
62.408486026490735
11.43899886111963
-3.7669647909687902
58.19192009496107
11.365745365713515
-3.742594159318595
58.19073960346046
12.595341950792088
-3.64685837559756
57.64337738822534
7.2616268908239405
-4.244912554821376
63.1955068379262
8.013811801043438
-4.314101912086225
63.45757645353121
8.077701069324617
-4.31406278153526
63.458693238521874
8.750569968133853
-4.255633977019494
63.7255210605431
8.97672925594861
-3.547200861304099
58.29821468144026
8.852753355489394
-3.4904978276981278
58.24652079184177
9.001317437384893
-3.497934308600445
58.29884425786878
9.087812559199971
-3.511057292827497
57.91003971494223
13.32729798377519
-4.177980605638783
63.30179178617041
12.830470938988196
-3.4826367475804703
58.119850151016095
13.583008049261286
-3.5307284770685796
58.13280377821513
9.035796574467412
-3.962030531554679
63.476878000859216
9.103667364707805
-3.9208254593494356
63.6474839932508
12.948039197433532
-3.9570366240758865
63.29606804510833
12.117943047000432
-3.218377867824101
58.30470246597234
12.525967876650226
-3.295479431965537
58.16393219359282
7.324310900836178
-3.518146157462241
63.19957656288418
10.206683609669785
-3.571321974206696
62.92588418428201
13.970463111415853
-3.598772417331052
63.23355274227072
19.82175841939611
-3.732364575738945
65.00067058129407
9.792879170505728
-3.304424681583353
63.3260526655004
9.951380679049386
-3.240900311106877
63.329081097307764
-47.170346232385654
-6.847384519656926
106.67921365607073
8.432534731558336
-2.9346280440595747
62.739054809997434
17.479278039297654
-2.9732809936165547
64.410627223526
10.18070555407905
-2.549868213582042
63.00969253573432
10.441436332617354
-2.5314964672761375
62.77581619386527
10.828686896425111
-2.5744934063157463
62.9408372114853
9.188427615501352
-2.173879768873948
58.06155563069235
-12.544775504862846
-1.8610431783103958
56.34162443874685
-47.72420263369987
-5.2972643557498635
112.24182605919337
-13.259814803784842
-2.69470837709594
69.7187685831482
-12.929310360194444
-2.694504710397347
69.7245439012548
-13.38378185742025
-2.6534658441814907
69.7167689273333
-12.557465952310478
-2.7355946189406195
69.7308764587763
-12.392214700708909
-2.735492790083513
69.73376505468259
-12.226990905543266
-2.6940719445356356
69.73682237006648
-12.119859785701484
-2.7027883479906016
69.87982369092046
-12.557550195180951
-2.611637800650744
69.73138067585877
-12.433611551427973
-2.611561436670261
69.73354903399682
7.41395304330754
-2.1959203627274593
63.28901425246783
9.676478347384355
-2.2326754757054936
62.922101120690684
10.143536561703304
-2.2946655462189516
62.930008377163034
-12.680446668069994
-1.6333732875667066
56.25817541522881
-44.51168196900078
-3.885156255582343
106.01181784784868
-12.888252521253511
-2.3226089422714633
69.72678438461398
-3.551523670650461
-2.316855591426873
69.88999063252265
7.323224196497346
-1.9383049647881516
63.20602503457586
7.3863662768187295
-1.875072363624549
63.20738944240785
16.609275753642223
-1.841406373922075
63.45117532446923
-25.432870954315696
-1.9523834589279603
74.62689206251903
-42.56934777478144
-2.953692427870302
103.29685470515682
-43.10654007418037
-2.774974820060342
103.2881977660255
-33.902329143668055
-2.9727734450324976
101.5296943231856
-34.16045243441139
-2.7310984618933594
102.15264300653344
-30.786728908047966
-2.705419563353573
98.63360234402057
17.906395061584405
-1.5842182935195772
63.39244428961611
-43.27445505607036
-2.0123381431246994
100.75588501605924
-43.190471269535514
-2.023570099596301
101.37124775065851
-43.73367294850208
-1.9696417923753389
103.28053866513524
-36.65789418054974
-1.8363742487408756
100.87224271386637
-36.39380035021523
-1.8755945427303597
103.40920641499902
-34.42392626399685
-2.1173793267759287
102.15054747685784
-31.474556466410306
-1.9831634661871347
99.77046734686084
15.428996687348832
-1.2887314443272573
64.38169348452627
14.991240155130908
-1.251422164755392
64.1075355999306
18.338602566750755
-1.2434858300392277
63.8198492497262
-13.140152595468155
-0.9217561579948838
56.45969699919755
-42.40981685936361
-1.2417853541224684
101.38808919381574
-41.83740240499523
-1.1469667694439105
99.59277488064109
-35.11236610438904
-1.1970049798192277
94.38971932700964
-19.918930033105024
-0.35349352980218884
77.6791751073034
-26.874315138895984
-0.24241267796101212
97.07349785241337
-26.216692711510156
-0.18774276661159608
95.03823185037558
-25.55621739469878
-0.052431423855994475
105.64842628079697
3.199531714732612
-0.42085190574164577
85.81684491093
3.708752628892187
-0.4205381206223131
85.8257461049227
9.210719469132474
-0.6440850171188637
63.00054559932772
-19.37841357787361
-0.010758558013411273
76.58024664024954
-6.7297571907611164
0.26136398222863094
82.83220772587956
-3.962653486884598
-0.11998319255270554
70.17550396742762
-3.8606621182960352
-0.08203006708867347
70.03490761108141
1.3093699011801256
0.23087766033081364
86.46350548968888
-20.540744782199507
0.3721873896182544
72.03917478958901
-18.812568426370053
0.701708473123686
77.7028287285916
-12.518225360379788
0.28071258539831667
69.74391200871787
-4.423667100779872
0.32006738224698333
70.75350254792757
-20.46956626148555
0.6814849318197672
68.01270082291056
-19.439229087296876
0.830042336048526
69.9089024091981
-19.49614695106012
0.9611394250476974
73.79920026355403
-10.268526656963333
0.5865401559590415
65.1706078034757
-10.205350116945665
0.5925199508431732
65.27176630389386
-10.215718603279713
0.6354919951095558
65.9954093431205
-10.352961742654038
0.7293864901141085
67.57576904127296
-9.795609043311206
0.5965575771821098
67.95001337345593
-1.7659914752177657
0.4688574205741403
65.62127937829482
-0.2544091871557058
0.5221123482416219
65.95799797351725
-0.32092857806787284
0.534442262761529
65.54513169615159
-12.853520828261297
0.7217973261245745
61.84500694105421
-12.175140977763327
0.8539942641777568
60.26485154172052
-11.079077412621903
0.774324878097124
59.36725148204014
-10.123835667479948
0.8109346964216095
60.11016955275497
-12.787183692222133
0.8284331380278535
57.03658217037409
-12.362940884296055
0.8918204618785806
57.89366885217976
-1.6658993922626426
0.6048462163207584
54.43381970674112
-12.257662604100696
1.0025625752143466
55.80160032541849
-7.7590478882321605
0.7195822107130553
53.70684309049625
-7.650042053897362
0.7347062016773742
53.68064077105479
-9.919637832842232
0.9276803971300409
53.98801512231425
-2.1671230818900233
0.8628388116566641
52.96005671440202
-3.941976132480435
-4.4023696889338675
55.2644087632945
-4.055795209327731
-4.424054672816837
55.72181948490668
13.057785358239098
-6.320041479758946
63.32076217903473
13.237405613239963
-6.2899470279513086
63.324041771567074
12.983347933802301
-6.24892819517098
63.39370327095996
16.43418975210915
-6.52173056038232
64.54795354062063
12.937756142738161
-6.020685837372577
63.31953613510709
15.78054236935131
-6.261603478104606
64.3740346306173
15.816697751881984
-6.210790061724996
64.29416581671353
6.805630174318276
-5.679718433019732
63.13822543901503
6.865303604702101
-5.679668863097652
63.13928438378647
7.256109217624677
-5.400768913806488
62.168718400094335
7.588100278352028
-5.503160038877762
62.37623180899034
8.059273430237498
-5.3693256926114845
61.91997874505435
8.348463626402857
-5.213776494974512
61.11612313216045
9.621428578435822
-5.566451197803228
62.828386869499255
9.973387009125279
-5.414947262036673
62.41882006486362
7.280173482073815
-5.187286587675876
62.236649934884326
7.222978261949847
-5.261589265728046
63.14689004144226
7.881975493884906
-4.996143733809078
61.35044802278779
9.784680842922425
-5.274100175270083
63.11927993456435
10.213394291007079
-5.258194039325312
62.9108618473835
11.07197665488685
-5.288233730282242
63.215103189666635
12.235457127777462
-5.212146608739986
62.73519894904608
6.656409476023523
-6.988897293331381
74.3572847650108
10.178164845592924
-5.008674255069668
62.839945319037966
11.181931715648707
-5.005294771455625
63.1448813059572
11.202417344551531
-4.931831672592561
63.07294647834752
6.715354441461428
-6.8775677835823075
75.79554795666353
7.687838375965973
-4.522656331692879
62.046617080789
8.111862086026093
-4.55057517619537
62.05405459559502
9.544853608291577
-4.536423362045515
62.482075005699016
10.035137618156858
-4.622536646910185
62.49051670455881
10.053847406074635
-4.597674414236502
62.35494955661523
12.007999955398967
-4.66804763063825
62.944481522720345
13.26303124641055
-4.706183000781893
63.182707607744234
7.226816902447013
-4.413813941690319
63.076488676130445
7.315991378786891
-4.384001557019433
63.07815880940966
7.711210866984169
-4.377288731494425
62.869118740480104
8.148563186102386
-4.413048253639793
63.09284377028126
8.263524996830604
-4.371832386284825
63.390183370549266
9.800644172842695
-4.404985951394951
62.906106558208265
9.026065402946921
-3.4997676290942032
57.78543497901151
11.798582967051077
-3.477438548188419
57.71388447865643
12.356746349626173
-3.5414164050912578
57.84440633850461
12.290113527139281
-3.519264114054236
57.843291744404226
12.941809059155391
-3.476362300303723
57.344556016628225
12.98543601962872
-3.4245254726649113
57.42184214354321
8.316313337087726
-4.142568746965251
64.08723570619614
8.842444727601068
-4.199645369607244
63.859605300455186
13.087455103115563
-4.096423972497924
63.47660285555432
13.295328297219745
-4.073927570446625
63.3317447997736
9.347510836202202
-3.148468149230879
58.46952189466889
-24.09303783312595
-6.473086979562636
87.52895244843918
-23.813371435770883
-6.285876937113338
86.51124158751975
10.14196086775473
-3.3869225995001373
62.773631514442144
10.200416682002635
-3.3868740353190776
62.774666944163904
-51.74338286032762
-8.265021047711857
111.66197579061446
-25.0464955916312
-5.908712796275853
88.95265830881824
-13.028638088403858
-3.7243448916389332
68.82197206101597
-3.019280441442152
-2.383127733170921
55.93908999383941
9.029845931161201
-3.230486925729353
64.02314186203517
8.533881131608062
-3.0820654454844507
63.1767168745358
8.385774515794136
-3.037481757339026
63.02867474960419
9.217821109900962
-3.103673753765067
63.11576000646575
9.369343194834137
-3.111212970308073
63.191450906310145
9.795773832846507
-3.1563993380141833
63.34646312741434
10.489696201658958
-3.1542771910516736
63.06565315489965
10.341461908688428
-3.065492982986647
63.06329236112343
-26.675899130672395
-3.915970748952325
75.97943038625712
-53.077331078764736
-7.519544862997923
113.32328233717882
-3.438513575207601
-3.332700942490211
68.99331095726174
6.912209390080987
-3.5032255558001646
72.1316422425687
7.310273312167822
-2.754824363442675
63.155990038381994
10.00585358225152
-2.8857723709333123
63.35100390647824
10.10954589128676
-2.7758118028374725
63.13257154878424
10.176194454097036
-2.779418497007528
62.84662743384618
10.593751131040834
-2.756090898031457
62.925147645093176
10.091101720784923
-2.690197959965868
62.49733045216692
18.574019529588526
-2.941946045223426
64.51485429279494
18.60008374902445
-2.871697119289018
64.43427360132682
18.537333225788867
-2.8403829078865637
64.43325453604406
9.096478757558437
-2.5330830679755985
63.04280428728505
9.155742138949687
-2.5330339636009884
63.043857862745156
10.22383486513263
-2.4775875365583806
62.364353899251526
-12.440920077456285
-2.6184743699809077
69.58253718392157
-12.933654436998264
-2.5627165767004385
69.96299679250075
-3.353585323636141
-2.618931482299667
69.24141707412585
-3.4075278633809645
-2.510058324934285
69.36467119834161
-3.344679471638325
-2.517294236418803
69.49077523441183
7.3952919257781184
-2.1922586236827426
63.232725715436125
-24.80006011557772
-2.3900414589616106
73.64194091762178
-39.930641266758286
-3.5683993079373844
100.79950460160597
-43.59305827268312
-3.67486442088106
105.12493038799525
-25.565054598004373
-1.969090547550513
74.68402452779597
-44.22678828618475
-3.0421211759498954
105.11558820430498
-44.49830958865946
-2.861412438614826
105.11131108942337
-45.702588120529455
-2.791415067582256
105.77078734894167
-37.29190521615141
-2.6734533735499477
102.0407908337762
-24.65593293372395
-2.4053530390575006
88.60204349150453
-24.848300695082347
-2.28279606833652
88.96709341609741
-39.900213921653666
-1.9521922052366283
95.48452106721817
-39.94958302061635
-1.9613789921939102
95.9725195238753
-42.631585833892736
-2.0431662225278
100.1776480877796
-36.54151164997681
-1.871226242458846
100.28622702049411
-37.4121048243591
-2.1193220474720627
104.57283039695596
-25.310574302877484
-1.827274990416803
89.71399030498736
15.242961818971608
-1.2434366827358225
64.37961433958043
15.613736276578912
-1.2444188732325898
64.46744104099673
-40.20784972994762
-1.108357359385599
95.48160451118545
-42.20736156785306
-1.2110504525865855
100.76621321746921
-36.621560893199955
-1.0294928280655524
96.03437627850957
-26.6654494946188
-0.8812810721815525
82.52225517388555
2.1339663011107426
-1.0351645793895752
84.17355212219123
2.1934820207639962
-0.8560656558994104
84.17514380220283
3.771735985659263
-1.0437347005741595
87.35246761284111
-20.66331410171281
-0.35661247186236156
78.62372524325716
-26.964678056223235
-0.21582321413907637
106.11101559069083
-26.781849390763604
-0.21567134080713307
106.11426000714405
-25.515463469166534
-0.0682216105847967
103.49800220555736
-8.837292929849118
-0.2870805376513259
98.57658244467848
-8.363232145598895
-0.30370838005651224
97.03574648760707
-3.3690602858363254
-0.17648830926323936
94.72236417484443
-2.278985907932649
-0.22431473640203198
103.90982063607117
-2.5781668719428086
-0.15224851824001784
102.6643169847348
-2.233126878509847
-0.01567616091580068
100.33314975512909
-0.08940786074231347
-0.17805384155520548
107.99362766614217
0.8074221560462891
-0.2075542165797057
105.25672452812901
1.029568792120811
-0.42600002884880217
85.36174399133091
1.326643778631907
-0.4291363567172497
85.05910204331849
2.133385861423048
-0.37865027304132526
84.17551562049218
3.071881938183073
-0.43102203670017114
84.78649687222098
3.6688642027254454
-0.42380760138135076
85.40858004646236
10.192383728135143
-0.639888529258046
62.712719429378666
10.365355780740797
-0.558059624424728
62.372645197964914
-19.380068681679884
-0.0422337197005256
76.51749569830574
-19.36784951965952
0.0018715305111276642
76.31823952823291
-25.55976027055051
0.4145973936613224
94.79402565781811
-24.90574615994841
0.5277017266899712
93.43889749446123
-6.731997279089652
0.1660717280489867
84.61434365743145
-21.7735788471073
0.33137409876930934
70.35078844595287
-21.024845379085537
0.340216389710042
72.568621415764
-13.182774453934911
0.26826120035656764
70.77867907439388
-12.977197569679669
0.26843197033021415
70.78232717314252
-8.261088859052837
0.5040199234723551
73.27760925161498
-4.404487613095737
0.35177066910240284
70.79620263025825
-4.523867766076251
0.3682937396922326
70.2531435390459
-4.464194689924967
0.37433356498692016
70.38756387330682
-0.3639681017731435
0.35621440152912576
71.865940603772
-20.018706289357777
0.6370660771524896
67.33138786100645
-19.553489989519207
0.953665467909049
74.08905072226068
-13.206263585796039
0.5793656773138482
68.95346247918386
-12.936514045843298
0.593111821344916
69.20494448824385
-9.581721248546504
0.5526547026821678
65.97721874875141
-1.789834610369095
0.4328278506316978
66.30960764437356
-0.40234189827977407
0.4414743176932998
65.85374570726961
-0.2661895780233014
0.47001381209515714
65.76240786953883
-0.1327236558003389
0.4920227031954724
66.14468931228014
-0.3325303292513782
0.5317345437896446
65.66830965610087
-12.695920305031235
0.6467590227017708
63.03341395864634
-12.574887923177485
0.7574870735396271
64.99694210851165
-12.39406655871321
0.7718168308846841
64.30762810103263
-11.192096131232393
0.7586356324473658
65.02147685431633
-0.3791570835407191
0.5600453101305753
62.32134561483639
-7.19198669571193
0.6973921152656192
59.62894383149219
3.663606449800429
0.5195964084663637
57.04152283909913
-12.403750423558407
0.918229191008123
59.27956396416069
-1.6533868713711888
0.5900343983020457
55.50015132897124
-12.538250750736204
0.9682717940129927
57.41627482142364
-7.576861862210191
0.7544308622682229
55.365193567150605
-1.685542434845751
0.632890014846408
54.15642331638227
-8.390342667554512
0.7832667501907329
54.0379119258765
-7.8705848561482465
0.7663710308367526
54.04708317905157
7.551614449799311
-5.820889525095984
62.61127754167396
8.406831541648533
-5.473525593547856
61.252233029443396
12.97613158137352
-6.036878499839951
63.33689509010679
6.824775356521632
-5.696115347164042
63.1057552224547
7.08673071814225
-5.6651134933053005
62.98121927454709
9.43091374480269
-5.475918245857559
62.46038511012847
9.986108691458343
-5.513744961787572
62.28967815193532
11.299047024998602
-5.710600642939948
63.24478294833025
12.413177690594942
-5.666612460499628
63.198232917620984
12.849034035733375
-5.7984853012180295
63.40162684782307
14.5898571219096
-5.947061751280058
64.04392488670786
6.955035397157964
-5.472986580225336
63.239377893044846
7.185450041583407
-5.345326726722203
63.17808900723347
7.89464367113497
-5.014699367262481
61.35243368480767
7.792328634560963
-4.963568631566381
61.35092435756439
10.032048982823065
-5.218173319033836
62.531912112438086
11.250557157505424
-5.488603050738288
63.50959089826879
11.221990218386445
-5.431505110822467
63.50932180612334
11.374161724540102
-5.4017598524621295
63.378659322050126
7.4045410412328225
-4.93604971957621
62.30860204921723
9.76909932440271
-5.11995784041582
63.091775490069224
10.059158180193725
-4.946193112695804
62.53332766244542
13.22902103653748
-5.231198528319519
63.95390103600286
7.382522003707115
-4.866247006782923
63.183048693576
7.3580529129837275
-4.769137792507277
63.11786919273678
8.403191525819972
-4.533462254731263
61.91742887337491
8.034155688075616
-4.533555581263837
61.911328612722556
9.999944391444856
-4.716650407760336
62.47249159382733
10.292457561580608
-4.6776464913606315
62.4171712062486
10.098252783306487
-4.639010272259016
62.35418398792936
10.21138167095524
-4.650641040460099
62.41592713335346
9.990483577056684
-4.585154143235607
62.352594201125456
10.039521630957067
-4.573723435006154
62.29390475467969
10.738926211794077
-4.701245099032473
62.545435094293666
13.336068858066646
-4.742705295620503
63.08779985271612
6.780739011852983
-6.99750061746301
77.38348716929659
6.653090168368771
-7.003290374866088
77.96671019853557
7.246645411075181
-4.332715239835493
62.2485975621112
7.300344914811349
-4.305844417420685
62.24958076224743
9.71721746262277
-4.385803513846337
62.28924762249305
9.603694027368821
-4.397100084394361
62.650261633631736
9.995122987836963
-4.407459186713968
62.413217528719585
12.890860277357993
-4.538541023841525
63.34081529804534
6.771065510835012
-6.344758112825269
76.63519855563936
7.382328400201062
-4.246326408958346
63.185252500899736
8.054177258130293
-4.307538712179031
63.394095764677736
8.680749594885013
-4.204383932090898
63.471681661736184
8.978867403705339
-3.5017266304474033
58.481497829388
9.150732254522158
-3.5016832978227352
58.48433975447585
9.191958367411253
-3.4952631171512807
58.447151044667194
9.150711173869922
-3.4372255760159187
58.48456868653858
13.484366009280969
-4.199139966366624
63.35183284462943
7.431571819346181
-3.871092059959495
63.31893549753377
8.420993427588048
-4.121139564869616
64.2336017221437
9.304357994187104
-4.04020483572532
64.1049387555761
9.150650808381094
-3.2438526448954508
58.48525457562894
13.357826026575317
-4.055236557744974
63.890605886318816
13.56254904660875
-3.974724752890649
63.553189720718734
13.500732407256228
-3.89791754016119
63.419161365945186
11.916964928630444
-3.3457885425320724
59.20505784734985
-24.436752032936198
-6.8163836523384855
88.08008216187169
10.162228278486046
-3.550813625226693
62.479321004651034
9.967822015853926
-3.5155988244988166
62.41593866907715
-2.9233352934466073
-2.4708127599376635
55.78240603713809
-52.91062328860511
-8.304622297806803
112.91993067367565
-3.478959689035181
-3.6704598548285197
70.09312045534159
7.057863317685776
-2.998716900292719
63.38228098704562
7.029413169177463
-3.938723102803557
77.2077195668274
9.84187006706405
-2.764276595154831
63.36271321919504
10.120116687272404
-2.758176714988556
63.30134953851301
10.081394401463093
-2.6619873286563784
63.17037767310864
10.762807330128528
-2.752023768022223
63.24644501312458
10.344103954757621
-2.645117357048376
62.98194057947752
10.601204227834447
-2.6506169259178436
63.05003406579081
-28.139673387235415
-3.455777971711926
77.80573889909435
-25.901899273141016
-2.9482309142032985
74.53362768612553
-12.837722527299192
-2.5129111111576594
69.70454296334785
-3.494405475401087
-2.570014921782683
70.21736978081493
-3.187516246492297
-2.531569493579122
70.2225811260439
7.484422379262695
-2.1733230201898532
63.3922696281347
16.371562073976555
-2.259112932219764
64.96620270087182
-44.47113478662683
-3.7153890698976104
106.38039288200672
-13.027452235093534
-2.221389458641841
69.94044245532585
7.534848164393346
-1.8091640362203991
63.528567197637166
-45.530936051135754
-2.702030564019721
105.70004451196104
-44.18815541568291
-2.9702636223666206
105.72128570218513
-44.90428723520985
-2.880920634535718
105.70976248060094
-44.27775036246915
-2.70171283266716
105.72076000793066
-25.31504108626661
-2.247523140492605
89.8398610096124
-25.76800144534973
-1.3262975988756591
74.37587421864791
-42.78777538757675
-1.9584946324195738
99.23937332737671
-43.029075435682365
-1.7900136645606646
98.71003383585014
-43.6113760421987
-1.9980756593319529
101.43155399044696
-43.78525182284733
-2.0084452566838142
102.00716352759599
-24.85679417298076
-1.7745778176294775
89.48668887973233
7.405994614609053
-1.2605065298439997
63.26181413452652
14.444524700213242
-1.2304510719995987
63.3782634885773
15.195749766584143
-1.2415347268176653
64.14123688348238
-43.1105981226904
-1.1614412741853968
100.87541608115541
-36.56690207578038
-0.9143542420174228
96.32983941424158
-30.816116363036304
-0.9162628884072443
90.12175788244988
-24.4167455345021
-1.110735242155184
88.787944050824
9.12932316430724
-0.9753413827500259
62.411114683060674
-25.531784621799922
-0.3291336133954749
80.71447453504209
-19.801757584725106
-0.3832400600078114
77.35564050270652
-19.60645651337593
-0.38319054358409416
77.35886888186292
-27.31494440755485
-0.13722452276783328
97.4546615385063
-30.034480779438777
0.07209510722050116
111.72164592083234
-25.749398591995686
-0.10080323028313615
106.03627354133111
-9.695159186954227
-0.20898502453595819
104.3827299355636
-2.2731629194165714
-0.2215049680798843
103.28965835734058
-2.4723978681434846
-0.18120921917879934
99.91208672627668
-2.0767518948419816
-0.11193468308103818
105.13545396836201
-2.1135120664200864
-0.03724432123098875
98.87627540157166
-0.057533576247597806
-0.15120460367495622
109.21343526459336
0.6597414686809966
-0.26073608648096325
99.96357612340566
1.1485673474711895
-0.3961983129018502
88.5258283248863
3.0910342643552093
-0.433019933066513
85.40798286743723
3.6877866638401136
-0.4328686331045465
85.4178473448552
3.15067239877816
-0.3136387371812491
85.40939329508547
9.95774449935018
-0.6794263123104259
62.306405310946126
-22.99255938556737
-0.07655540843704042
75.98303424692274
-19.690552281609296
0.0020946600401963444
77.16374544759404
-27.072142348795545
0.5462806262097948
96.9722095593761
-6.794247110730559
0.18711587911152844
82.00004664365326
-7.00719648091109
0.19258837975599302
86.4492241305268
10.728054886358033
-0.38472226363405254
60.593510598794374
-21.58368605387215
0.37266060585984817
73.33756303285423
-18.687072922921214
0.6515401086079735
77.57507828969389
-8.755668960395198
0.4017842019137771
72.22816858041787
-4.518015590978745
0.33110539569600284
71.61202998916121
-1.8889892551306304
0.39712412561023636
72.20184049486906
0.654573182546728
0.3198032360130146
70.54067545200449
-19.81610895791232
0.9580873966324489
74.4823809452941
-19.72659596687728
0.958110091659986
74.48386061907411
-18.631366467621888
0.8851307453043161
74.0146944961497
-2.8178300299066277
0.2426278954734499
61.86402625380825
-0.35265531349202534
0.49437037965844577
66.98162070828147
-0.18416049675510598
0.49441309287757434
66.98440788044762
-0.11677312909637062
0.5281335322203539
66.98564169686038
2.074781234335797
0.5301500634514703
68.19890670421746
-12.022220088073665
0.748477635186128
66.15282431611357
-10.886651953737228
0.7089967765374589
64.37441957039938
-10.733860914495605
0.640461123861225
64.68243005723717
-1.6953136528054111
0.4948147606736472
62.41944686410852
-13.280143344194347
0.7387925621107783
61.635134928614555
-12.963444026480301
0.7502270460756657
61.19113130115313
-8.041857554755959
0.5958530226932848
60.38541170004183
-11.759813043249638
0.8149684448950507
59.842363105766466
-1.66662355566046
0.5971155727517231
55.37919584090758
8.146235891719634
1.0514118787616826
59.158372180017345
6.503396415525289
-7.5183181899828115
70.42165551164835
6.573643887126698
-7.587292735452961
70.98950788389666
6.9951851766482855
-5.691518615138751
62.82616582755661
6.952429288864161
-5.585407516564966
62.715732787310394
7.582173565289564
-5.531240941111706
62.50893697893102
7.979482531038876
-5.16729587682053
61.08769353751134
8.353865051356433
-5.22664912787983
61.32311355342277
9.469022721704345
-5.611086544305514
62.5372848801764
9.625514698817469
-5.625287767479547
62.59327611942403
9.548875026803167
-5.573995668597807
62.592350860724
10.22437094432392
-5.62871480396082
62.710691362644866
10.370282520953523
-5.671525020187143
62.877639470402755
9.979104023824538
-5.560984139397463
62.545287656211
7.035232117107326
-5.477752479017836
63.3410037162399
7.483383517214296
-5.3140345680011505
62.455096367515075
7.327609971133424
-5.275766196683688
62.506264268626055
7.881198247798717
-5.03641178669132
61.22405504396169
7.895908550457747
-5.009163720416296
61.50580549023306
10.035203045418097
-5.34465088565356
62.600835748016195
10.060908810368215
-5.267961122570959
62.60158614833597
11.224362379642445
-5.527950195371675
63.582048037696104
11.278239583186537
-5.52804552628485
63.582869675997664
12.907557577940754
-5.489719847447248
63.5483117609131
13.312345266923861
-5.325400010944357
62.75912771476451
7.537486994958941
-4.971618849588156
62.404489305515426
7.918865067265882
-4.803391077566542
61.55494494371894
8.474312734649393
-4.872808386345008
61.757079634705676
10.035636243698892
-5.088868166140588
62.60204442801364
6.708740333916055
-7.008278615861864
73.81503295195301
7.382276129610953
-4.557271522722206
61.64439030937983
9.985093047731231
-4.730681532430394
62.602959112664166
10.03624401660563
-4.7307718015546865
62.60373927297894
10.210029145275387
-4.71981182999765
62.552760626758854
10.286527740504804
-4.719946936213395
62.5539245385329
10.876345460819064
-4.766468251398262
62.77932187944329
13.431140493964557
-4.770988305559081
62.818192569072394
7.856537782832386
-4.3588650112042036
61.99888996474294
8.204606491127718
-4.364454782966836
61.90378873649189
9.521883291977579
-4.514574606513896
62.543250966554
9.985526187947782
-4.474898830871274
62.60417160687469
10.032007906571488
-4.438969833260048
62.5513725363594
11.760450085001281
-3.917111473897842
59.552038375684674
6.726282332572292
-7.047232264796555
78.40795422656498
6.963535738862249
-4.274886226829765
62.61310520817011
7.023615633456819
-4.237543832134696
62.83344262197348
8.885240463427863
-3.469382029460191
58.47541569909091
-2.8826751596549323
-6.015802997473617
76.13328359542395
9.986395387537156
-3.9633331764448703
62.60659282573584
13.69604542418952
-4.192544380307037
63.99118798433906
14.897274696953922
-4.3192342455609625
64.58374965773609
-2.0418810761722033
-5.857672991477137
77.1788569319067
-2.4685597495552596
-5.686570400645386
76.64891903793557
-2.2052586276552644
-5.7125725067193205
76.82568604468938
8.747909265165479
-3.8440664894472705
63.492735154563256
8.748046013907635
-3.7634949027816686
63.49311649422909
9.986829510348288
-3.7075504675959094
62.60780342734808
9.314543822400413
-3.0603233643824037
58.388178409685786
14.793578499520208
-3.8750171574990206
64.26075563982108
-55.36857382501431
-10.277391713810447
115.84806723383242
-55.10209597992627
-10.391835008602044
116.72333124859652
-25.294329625057753
-5.709542939867661
80.58586029580664
6.558198335317917
-7.189857855672629
90.84596234564489
7.198618799699688
-3.5563285896362644
63.352533384903886
10.089739277449478
-3.349635576967004
62.61105477421627
10.991249462391707
-3.538781571547671
63.23612187201547
11.558354931379824
-3.5722285889715195
63.477628838353255
13.76893405781611
-3.624633786215945
64.05720784094086
-26.314321575626007
-6.5399014713042725
91.43599465163896
-3.139250278137593
-2.4602180790156423
56.5787893157852
-3.208493296583583
-2.425441054039949
56.577899873084796
10.103014436298823
-3.2074294841569047
63.3399544375749
10.243627375765458
-3.094124118101435
62.61459824059816
-48.42712378706663
-6.570815406501419
107.59326386513868
-3.563557134093261
-5.867356943468311
99.55541667494376
-2.3586994931578804
-6.451225967291822
105.09628562938187
6.830419952885314
-4.012742663756114
79.39952148517202
6.84756300433116
-3.8578462991211078
76.12583445138849
6.920175432596372
-3.508523801447942
72.3531892420552
10.1421501852326
-2.6079558877732425
62.61534378705964
16.05879662925077
-2.822936033986263
64.6084748664199
16.05889450036978
-2.766394593947339
64.60874250212048
16.200231528253298
-2.7666446535461224
64.61089291640917
16.115477264285786
-2.7382240242650147
64.60973837772032
16.141959200945298
-2.7690599877168887
64.0351229101355
10.040411625474382
-2.275257286955048
62.6153591437196
16.03125083172253
-2.3988252088194097
64.61005376981566
-3.1073016754720313
-2.466418022545444
69.64979223814488
-3.322015598031589
-2.394418844118833
69.64686252791373
7.083758721390942
-1.8202346882847176
62.7904279994718
-44.92633848192955
-2.8933821343505333
105.70538913239773
-45.56487957934084
-2.736257338766525
106.33576770516419
-38.87453466002871
-2.777002938485439
104.55769157336812
-33.208816494136414
-2.7410822479837584
100.66798183680501
-34.08384323567301
-2.6117205177762886
101.7372136219513
-23.451209349313807
-2.3756205378867357
87.42922249257893
-43.00926333922062
-1.8041565421493084
98.4762812293909
-41.78281336521351
-1.9511846700773612
98.00537456728995
-41.47590738020227
-1.9517276614549601
98.01004407976902
-44.503285211849416
-2.043308428331116
102.70522518852405
-35.10719173434077
-1.7327902447611148
98.10802639733467
2.3461232473519185
-1.712043310695127
86.04096871897642
3.680534230494996
-1.748354496649816
87.84520503508443
15.604564228813524
-1.2341830023730163
64.2855320285375
-41.41292347962914
-1.105405530796636
97.53475826591696
-34.01365169005951
-0.9557436537802632
92.48465901664841
-31.431203769654044
-0.8905828709859644
91.01660286457667
-25.04318167246765
-1.0338708648441604
90.75075470563868
1.8310297560227853
-1.0646117902730232
86.32327113005147
2.3473223206351506
-1.005662368978503
86.04431578833264
-31.50534452457849
-0.11081609531174083
105.92279259145026
-27.414706261104058
-0.28149438712704217
107.27631467918778
-27.235676816285043
-0.2818111337843922
107.27903857597548
-12.644795181221994
-0.30762595430382417
107.50103588851653
-2.2624090218841943
-0.3494237692468325
105.12646940436258
0.8722146245381405
-0.15249235268885397
107.70753725619386
1.1477135320129919
-0.4007222612545128
87.20154332172035
2.348421305860359
-0.35814648020170947
86.04738043559686
2.5250980958134064
-0.2995937865614687
86.05034562153291
3.135862177370536
-0.47420813434865045
86.34591384273007
3.7285105437558257
-0.47525667353853773
86.35493086773994
3.2783058549361286
-0.29230710725523756
86.64002540948573
-12.663228350455144
0.21706150783246478
82.41794877260901
-8.835295210617229
0.14690470867731348
86.45768213323626
-7.880473152250822
0.14521537802940168
86.47221337280334
-7.685554091998688
0.16028633808110082
84.78696891377183
-6.773912464042172
0.12891519250861597
85.91080264629963
-3.4116731781336234
0.027735592062087422
80.08450538127273
-0.606352689607226
0.1470920383897514
87.17741956378953
-0.4853188391339138
0.1468779000528852
87.17926106934098
-0.36583692574511584
0.15419655270500324
87.48466932404304
1.1306643842798767
0.129272500790167
86.60931219249485
-20.479361342308522
0.7073813137064955
82.0623641120564
-6.992112220593138
0.3831195353470894
77.31142542421277
-5.649895121879625
0.4038779745764801
73.66178559858336
-4.40724407784616
0.26917737151979915
71.57342073246933
-3.88764092901028
0.2274927351635035
70.63724905925076
-2.995386780845019
0.18330166624247646
69.66396840869783
-2.661995255933395
0.1840996208823592
71.47791845224604
-2.417138747290688
0.21513714844469423
70.43373305518557
-2.6430887492214876
0.23763271038450626
70.09881040791367
-1.9085446824531198
0.3586650611879843
75.84836816461689
-2.107196750740516
0.2875107776889061
71.24673490675653
-1.8723164988046592
0.4296104010329107
74.4461805569466
-0.1713089287254016
0.36690103040007804
75.07962237892394
1.8452460265964228
0.376417951259516
75.42358612482766
11.206404680311321
-0.1606104134052408
60.89254521610439
-19.649410526765244
0.817751559810983
75.25746824485624
-19.48409756413139
0.8705161599881814
75.42089620893742
-19.05901561656439
0.8432494001431182
75.75358002621064
-18.471237349507337
0.833270394550408
75.59846431579615
-12.967113466257997
0.48169461365213506
69.40849248633347
-4.278067872428426
0.31873834718214544
65.7216155133491
-3.5820558115241097
0.43593247029659965
67.79846786660092
-3.7284937173466224
0.5080286368023594
67.88753191451423
-1.8501013786211673
0.46074902074797924
67.73469469144158
1.0153539230183262
0.4626832364638187
69.72633949353991
-2.3449734368059527
0.34386206899775895
61.91635089255135
1.7051831922250953
0.6239643674779558
66.4344463854973
-11.935825260613038
0.8174358714552383
62.96532322398909
-5.4041232286704695
0.5309627198185872
60.29897580997838
11.115118411139893
0.25438855661787146
57.79632997488813
-10.557668450976097
0.7834310906306612
60.60971032594986
-9.081752931241946
0.647796627139776
58.93000426588564
-9.517511985146148
0.7334573538293255
59.32448714710521
-8.601352877779057
0.6813344921964376
59.26371340074024
0.14525025518627427
0.5607741564506978
58.58984920599934
0.298236753177081
0.603102016784205
59.002006742139706
-12.212648406587684
0.8919387037716189
59.32172132035287
-9.61194856792042
0.779782118751297
58.118133769107594
-1.7133323414966186
0.6215138203383231
56.61500319511674
-9.596099664866074
0.8087330820240769
56.49588409565017
-7.707658218167217
0.7880645894471018
56.524534788672504
-7.395801336659153
0.7875129579368668
56.52927962860139
-7.187867658466107
0.8044724527339928
56.53252485903617
-1.478722463746632
0.9229067465736852
57.02844766158713
-1.108904124703415
0.8617296770641669
57.113424723995934
-9.820976310997546
1.01705819317965
56.493441375795086
-8.608226825330396
0.997585168635525
56.51181059853947
-32.610250511959116
6.872892342865262
92.9349900094338
-7.776606885910987
0.996113830575671
56.52446352769236
-0.9156324249412153
1.5185369761211829
58.190922735944625
6.814108057096681
-7.24626034551102
72.36381499616817
7.221951758079492
-4.989599365922413
62.28095471685086
7.770254462552513
-4.826761211090734
61.51553680213377
7.925338449519094
-4.792726254106659
61.559110126219444
8.285419628607581
-4.767439517809466
61.361223787526434
9.757329024422807
-5.196596405613138
63.02453364393166
11.591444298687477
-5.328436196618935
63.76715864990989
6.617665386969886
-7.393956144169869
74.92352255973233
10.048525680253576
-4.887307342390245
62.74055504322163
9.936215279318061
-4.772492998199069
62.5516224293584
11.222759858420869
-4.919311497029654
63.196098025835795
6.676027667169193
-7.194716920707067
75.35264809518887
6.6156547426847085
-6.8504029301793015
73.71332126683447
7.196175463029478
-4.696618366832636
62.987200403298345
7.248411393618496
-4.6863150946789665
62.939114468429295
6.960939591684723
-4.577413006984908
62.88645161324837
7.675583569983892
-4.4248702737314005
62.15535937168857
9.593752799984369
-4.597155076580122
62.73456297394584
9.9954677397423
-4.553287105289968
62.41522004743553
9.81481942277252
-4.524753508247248
62.50430856258454
9.862164362500684
-4.524968755875982
62.50502725401964
11.613759670065736
-4.580293534588203
62.53146647038359
13.622182743065482
-4.648905593806688
63.183655579360476
7.204782830309722
-4.335741626139617
62.89092305558595
7.29535981900526
-4.287389471281974
62.28429149545771
9.618728439954713
-4.381207241581575
62.7356255979462
9.827946111261921
-4.307963458790453
62.367954998916716
8.991457104102256
-3.5457205766283213
58.65570216266831
7.17418143782874
-4.159364645486711
62.98856578747654
13.417729729624826
-4.141271079279182
63.231910297476404
15.270120396272496
-4.396581929757504
64.77829688541198
-2.342739440050446
-5.948469040517732
76.58092872271936
6.568086903378541
-7.330316798592043
84.66297588577326
7.4651448204689235
-3.901961374564867
63.49866645038084
9.1607870222866
-4.038647980556598
63.84134094062203
10.168730720461369
-3.8151132232021814
62.93760508960817
-13.038542520688381
-5.238518401065791
74.63167727830889
-12.69212602996597
-5.137444522253349
74.2218128986374
-3.865307752353705
-3.206116270731481
60.1674784374773
-2.2080953219343358
-5.740245876287015
77.2296537225302
-56.621140529873585
-10.650302371688305
117.08666506256921
-48.07682204213779
-9.176464177020081
107.52417998111977
6.354559519889012
-8.358145457341866
100.45108364909281
6.632691063830431
-7.378422508916999
93.18630830309377
6.557519817733612
-7.18398138566082
91.7469177856922
9.993400387529237
-3.48301101927522
63.69567328107176
9.917468552277855
-3.4573130528863456
63.69460084523158
10.180482070817883
-3.391733447807435
63.0366727184653
-12.968098825997307
-3.851568788238926
69.15838322803366
8.595074243037502
-3.0671088521270535
63.0136105141564
9.406028090829546
-3.107269819244624
63.12447100299106
10.113180646620608
-3.1289297447683664
63.08567411434565
10.171901556782037
-3.1110620552438943
62.939880488779615
10.094753156280364
-3.032104606136011
62.890593309975785
7.1412602055588685
-3.979257934524975
74.66399522748961
9.958921247536711
-2.8656586192770996
63.85717869338015
10.043049818193685
-2.7605711825289525
62.84257664361171
10.130156703349355
-2.751068731952785
62.74855512902837
9.190266420585436
-2.3813092622868557
58.857077698097214
-51.057328881289806
-6.781173118144254
109.48617359136527
-3.415223646554063
-5.617644945107725
97.06314867819682
-2.5534912527162708
-6.696411428336503
108.8764015281257
7.058493219987378
-3.506803593018413
73.099810061705
7.077030706787265
-3.473132009933391
72.73516977615856
7.180681125831216
-3.418926927647745
72.97917859252881
9.159099374018515
-2.5081066043840172
63.023948838611986
9.580438591655504
-2.543285265747942
63.12890517415745
10.20292478714588
-2.5833518765756667
62.75019134928706
10.268760343233396
-2.4865441384437155
62.4716561767564
-3.228325482086518
-2.7544474259250222
69.30984085440831
-3.228023419896322
-2.687304538927151
69.31005784623126
6.869739173117049
-4.902819406735483
96.78886071279891
6.805038810049095
-4.570105469367934
92.46731144102807
9.48506288535992
-2.2399765813122428
62.36928707804009
-3.0936863464136084
-2.4709830327148192
69.59430182369083
-3.2726006767431093
-2.424369946975521
69.40331547924035
-38.64966114083208
-2.616738882266459
96.5372875086749
-41.90710023788598
-2.5969432332715328
100.74067949360605
-25.280598569246326
-2.9894326710840535
107.8901245013393
-43.765307694539956
-1.6782874424703893
98.26977119266309
-43.164690822734634
-1.938560974157311
99.71898596152477
-43.809178687293844
-1.9801908133358161
101.75596196301368
-36.48868991872115
-1.8815665810759186
99.33171767793735
3.6340076131523595
-1.759012491351776
87.88268692399842
3.634545035777469
-1.6396474999153807
87.88307269322303
2.9520367608943143
-1.5600881542797729
86.7322337528418
12.350488412606598
-1.192821081417265
60.38519825298938
-42.25532753775696
-1.1574303054201887
98.29435813961163
-41.242601242277345
-1.1693038113912493
99.26174242214609
-32.29479522357644
-0.8889685295899742
92.24728339109794
-23.769597613292884
-1.1027162905555898
88.36640036564464
-13.491879839012151
-1.2379660038933151
102.75481735604856
-14.088421762621149
-1.2604519442096336
106.79984698460206
-3.5135567927956104
-1.230982365505433
108.87910355508762
3.0005498628789526
-1.1461314220654175
85.13430670287222
12.20707169916563
-1.0066765229332788
60.38360894915577
-26.663244881847742
-0.33995721239328136
105.99777375379323
-12.96160362189383
-0.3535065212534376
102.22981462326234
-12.191142103385287
-0.24040714626388454
105.61622866648554
-10.057334977767828
-0.21248005896464378
101.74844679008956
-9.808717390187162
-0.21989330665552603
101.2359148283895
-3.182275280645503
-0.42169735613478754
99.84240674603132
-2.1998612627209946
-0.4024875689833395
102.39317280602529
-2.414322526885921
-0.2717202316470703
99.85454586443012
-2.0286347176282624
-0.21578389749024862
104.60225434433212
0.6476506132826658
-0.2914994652203674
99.42078256168725
1.1335309549819328
-0.43459011367586664
87.84888370197712
1.5855715539189321
-0.5863349942676276
84.60860429608297
1.586563538310604
-0.3659688476650108
84.60931266754926
1.6967343740244483
-0.3664703394861246
84.61098504783867
3.080053972210028
-0.5298299859259337
85.39541089813449
3.5211313007251674
-0.526179927399994
85.9282725541409
-32.74994152308544
0.11224266535995747
86.19505814414563
-13.52899327216121
0.19178272816099715
84.1332578135574
-9.844149803435396
0.21221088512654457
87.68413565528772
-9.496904218655882
0.16574504876455515
88.28372344706102
-9.254838608738813
0.1646432029855559
88.28739415938288
-9.197559067835673
0.17193915615022254
88.59184431657278
-7.54926994054531
0.28789729437793543
86.57851992242703
-3.3207007196836416
0.05594092356851407
79.34141727412427
-2.5087112366910067
0.07043345278388687
85.83853696017988
-2.337982890542572
0.06965639874398283
85.84112859662599
-0.41916909557665716
0.18495289942997428
88.42171006048115
0.9048018039936876
0.17105283225133205
88.14247620459014
1.0168661693959289
0.16277788365375653
87.8490007995876
1.15091077517226
0.12490732011769243
86.43458657900015
1.5556036185309223
0.0015214235940147758
83.87491565953167
1.7061021545027413
-0.005110832976103097
83.63827247029457
1.7602940814605166
0.10207316955081783
83.63943494740408
-19.96689391735667
0.3265175531837523
76.65267247672843
-19.528368948756448
0.6081730355132862
80.26122130345138
-13.370121760589672
0.35353285304067117
77.07933202420925
-7.258380178895148
0.43344923868114865
78.72925165051804
-5.56808097230614
0.3419458768549976
75.63076045208625
-2.586101801620788
0.19285438418025347
71.56100860385827
-0.163294414481022
0.29242297458750577
73.25098626198357
-19.342479427421694
0.7478865900275878
74.69598998067028
-10.51083243588295
0.5100419407637167
71.89331024238795
-10.211933122526027
0.5086816478088649
71.89784749959259
-10.199058934501647
0.5335544678579924
71.67031879257051
-9.707685307293838
0.486028771796448
69.59849049582893
-9.562434976031243
0.4817055569247081
71.45592008604368
-8.855955219980054
0.5276082775953945
69.80450737506217
-4.993054490540742
0.44293283590632865
69.29314177134009
-1.8508373768082789
0.4252259675737309
70.50843529639337
0.9793115450777148
0.4885880090671899
70.0514574262706
1.0435626730505436
0.4825515574145242
69.95477899822785
-7.898793434096342
0.6066763538520166
66.25146747375831
-0.15610361929318056
0.49317467271095305
66.089380552298
-0.07313269388842464
0.46982491324099546
64.98265350446579
-0.40544733096232716
0.5498202075422477
65.29105875366504
-0.3197496796701162
0.5303766628601829
65.04093776247426
-5.836218358639591
0.5071536864622387
61.36677898309538
-3.732843674573528
0.4528176520539514
61.3985663622745
-2.8228018893038542
0.3663915672681868
60.22982432230402
-1.7000509202550544
0.5369248982523046
61.4710450331608
-0.31530398494404577
0.5631848622724006
62.094238213790504
-10.946275574473859
0.8732038430974043
62.20593472516458
-6.496695887359283
0.6391092157112893
60.2457867211254
-6.492945002803358
0.6541431452019288
60.000622480136904
-5.3141013129397825
0.5518289453250688
59.48716930452286
-11.2786801384246
0.7709925140610695
59.691049875619555
-8.278216750514083
0.7023115770086122
58.62970181846265
-1.7249685492050486
0.6175108522895539
57.855642653844114
1.7936208008876184
0.9480471334243443
57.910151676106594
-2.4847058239373427
1.192777376426796
57.8459188102327
-2.415170537664317
1.2444433243623472
57.847138790872535
-2.4843155216014883
1.2794130649143023
57.84619880702519
6.487098056429388
-7.09207204721413
72.7002367853443
6.662777753314085
-6.991345302133772
72.27348718871463
6.503630236530894
-7.004837261218664
72.4840751079898
11.06914999218922
-4.872471050780898
63.00538745074148
13.16197204466196
-5.1554507310772495
63.96992661322868
6.640430102762581
-7.417143876287271
76.16899435968949
6.715003054862645
-7.25587335530532
75.61875576632356
6.630857648085066
-6.982051718261167
73.84175123150968
6.62503431127311
-6.84061945839351
73.37401170635856
7.05540525226311
-4.666456946162406
62.82447294720073
7.348099794279344
-4.385254809149966
61.60500078212671
7.428504992177483
-4.393799967813481
61.64148958222259
7.5170719099782515
-4.389171692960726
61.8952039936558
7.7638599406773725
-4.379068722672933
61.57556625741753
7.7576418587436144
-4.349214538854631
61.717327563123504
9.982960590724302
-4.550912998102172
62.305517539379245
11.803423049294818
-4.656728364050743
62.849018487329424
6.684237481137058
-6.90356230363482
75.4838101454914
6.684614890916292
-6.822864222282436
75.48383250102549
7.136598652492305
-4.274743017175051
62.151273447767146
7.179566150410551
-4.274943879029813
62.151868521833094
7.222533635100139
-4.275144741086875
62.15246454948158
9.486313963759265
-4.288807827585923
62.29868336969764
9.41487400475429
-3.652007987206029
59.24222978504885
7.1026905704177405
-4.150559092193759
62.825238363348475
-2.8275175881489725
-6.116785025744922
76.17908075447616
8.239917969392446
-4.058955605456738
63.53284641844444
8.192094777775646
-4.004813191517088
63.62293577989392
-12.184753235592105
-4.568755356271611
69.11576249698129
-2.701229031178474
-5.743701222849024
76.18091185247454
-2.6297473416359938
-5.683833928428665
76.3244412726807
-2.0785123235026197
-5.746612741838101
76.18954992783047
-1.920770859557797
-5.728868581336359
76.33426896566635
7.406564624789246
-3.7748055827103273
63.387074739990915
7.5483131550982865
-3.76799814475943
63.344766873389645
8.661979931542367
-3.7957353226012636
63.49375675997618
8.708902157654224
-3.7492455796635866
63.49441755541517
10.08926243413456
-3.6484014161850697
62.86677542535558
-3.8705313546045925
-2.8794692238716086
59.05808975341489
-2.7283921407678062
-5.307360776608214
76.03947212299067
6.6518046717253645
-7.711980923806775
93.34380184258303
10.220481711379856
-3.3735816315794582
62.8273312087052
7.382775489725378
-3.2930863920433984
63.431361089965606
10.06487428708289
-3.1490389507562955
62.82521921320943
-3.1572844810103424
-6.576531837234031
102.57189204534617
9.764208295462005
-2.796638896705366
63.5092594768399
9.834373465711792
-2.7736123548192073
63.510237734437275
9.614692765029048
-2.7351979533411646
63.37365201450797
10.09790409024157
-2.7328862037588335
62.90863176787515
6.907323156965303
-3.342943138519757
73.96588070373264
7.180356771109839
-3.411360742443454
73.04221553154423
8.590900842055682
-2.4930845217097204
62.80491149797845
8.790455229988611
-2.4863280051083843
62.725674550564236
6.763395602346963
-4.883055273223658
98.45715205695726
-3.4884704440322674
-2.335095897284326
69.91905370804534
-47.28263330990822
-3.4969257145207404
106.37688369399947
-38.291342511760355
-2.50125733068824
103.12755936065317
-37.729150748442414
-2.503885435178333
103.13536167351424
-37.85832500905329
-2.407856743991692
102.60766054629315
-21.627406066897574
-2.4740727985518935
99.87100901131987
-36.81596784323426
-1.741124043911576
100.61247099804976
2.8273159207597796
-1.5391949049527867
85.12203436673917
7.813118699555845
-1.2680397966380779
63.39324459378817
-42.87503375537711
-0.7156942190791258
100.04841619201648
-42.349570313401834
-0.7186134797595808
99.58391517203336
-35.769824086164995
-0.8929471780639542
95.77424150875173
-31.84056291344959
-0.9032023707895249
91.43661350205205
2.2738156919629042
-1.0496847850208348
84.87556421605282
-27.758337092257282
0.01982263602984599
103.27421807256368
-28.166524651615784
-0.0824855966679047
107.85844536034124
-13.249850296306851
-0.3269145790723969
99.98768672936711
-12.34668929961853
-0.26289707907348275
106.27227929793804
-11.169435038037237
-0.23118419688934524
102.46208892128183
-3.4177334798172376
-0.13582280907368277
96.22321320605829
-2.182117535454087
-0.352046243659945
102.58674064377071
-0.04237619718465871
-0.21395889253705114
108.2485684095698
0.7435886576349301
-0.28052735022166275
103.14362415637169
1.1560916034488427
-0.4625232850560283
88.50258908479248
2.276826725335949
-0.4051110301874444
84.87573891642464
3.0822150951277183
-0.46259171055680326
84.88689954399149
3.1364265461248593
-0.3554138065842006
84.88767814974868
-19.363465680052453
0.022340187954462673
75.95098673988532
-13.70779767088018
0.0416227074093027
77.51982929515407
-9.697534218177088
0.19735837138040463
86.97376315719362
-7.806692882621337
0.08446270481601141
85.21678226533479
-6.889293658073958
0.10658602554652317
86.22862943192494
-7.455216045024304
0.21339772114862865
85.9661876999593
-3.6168005124651446
-0.023290796192548487
81.93968990594423
-2.8296691915416963
-0.043597065729924916
77.98713855670411
-2.7415304907246143
-0.04400915080475391
77.98835927373162
-3.29457125544674
0.038251407337116065
79.14118807495689
-2.9473719412997577
-0.0038507605689944106
77.82649463254481
-2.194337338647856
0.07976154477239662
84.11470460747034
-0.41435712644779454
0.12503495759296704
86.06384389689961
0.7380862894851807
0.050994844494571145
85.58032062670809
1.184529334983338
0.05546769950021457
85.83466194542316
1.0046076285683425
0.09766778900043697
85.3390206184082
2.263691210462512
0.01843866810269465
84.63971533510355
-12.130573324225569
0.3849231195766978
75.63196679439747
-7.186733910068332
0.3149323226074589
75.56337469606672
-4.992747487887261
0.188686315465254
73.80154323137806
-3.802725035912551
0.1464911472103016
70.54710403937675
-2.6789721044025674
0.15999514372388757
71.73027002126436
-1.8419540059311301
0.30310275113677126
76.92085809808678
-2.1278937458084757
0.25168948140931835
73.84129953619961
-1.8432670874073345
0.324595766826698
75.50163857737667
-1.762007172839449
0.36475608032538853
75.50277438268748
-10.964274943558896
0.5097638693905464
72.13649954558576
-10.335815923987944
0.49538992097081674
71.32159204169842
-9.52313360686854
0.4690256997819645
70.94073669218655
-5.343119215176654
0.385550683684595
68.80544515679259
-3.8318090534524707
0.26001880199877464
66.86417460716127
-3.855759778886492
0.268375901846467
66.53822455986874
-0.14253400623781115
0.437645147578432
70.14313876834078
0.6108612088484929
0.38741087653310147
71.08130412409372
0.5289995313296225
0.42839199676435197
70.60725417148453
-10.375710550247481
0.5485694907582502
65.70786551288508
-10.335549718024506
0.6125533872795659
66.90730113419028
-9.056117260099727
0.5743988158281215
67.2661145606121
-1.9648868347033768
0.3975638758900446
64.70730419738628
-1.7309319076636354
0.4591133768469072
65.53557812228493
-0.3334095551782079
0.45680951254294927
65.96660842820832
-0.1442913312906819
0.45146113762092627
65.90931908163381
-0.38092666558690474
0.4704008739734253
65.43993486173967
-0.09246059043005878
0.4559842091364281
65.27497009491368
-8.154936310977781
0.4914120593884298
62.054966710148996
-9.34864239819898
0.742991607928991
65.54575390574186
-8.86488170447944
0.6714289773643899
64.77076974702634
-7.861619875298304
0.5233869987355487
62.66017652694953
-7.873027705853546
0.5268430192282135
62.45446333408451
-3.8534396482989806
0.39083077067813116
61.701880756910995
-3.820364878635068
0.433510013005157
61.48646273335347
-0.37133729602536725
0.5412666999326109
62.847826781262896
-8.349243944303357
0.6637908047443509
61.248501319890174
-7.848673336254828
0.6146822102681753
61.39524386956276
1.7297949257826535
0.4997353609394898
60.15314365973424
-11.046104786053109
0.7875984183292929
60.77462122592849
-1.9832625623998879
0.5599065866194433
59.08500071236668
6.641294131782167
-6.938695950872707
73.60186822035315
7.234284398745024
-4.462515614031706
62.27624147451054
7.638606382373152
-4.420807191181068
62.18374050052373
7.938865626761457
-4.4185426929748886
62.09135777536258
8.292542104694876
-4.427995329956471
62.1276976441116
8.272768864422268
-4.376456228097363
62.15938908296234
9.561731318405686
-4.560001286056869
62.74409635223968
9.83592675809535
-4.548192403967512
62.609686365526365
9.90081291759429
-4.495608778109792
62.64459853172687
9.986178282192817
-4.504258603201025
62.6800551252078
6.670073725167526
-6.88532775639811
74.82895550524717
7.111495344812823
-4.262938184045413
62.54098266572444
9.588846894148789
-4.370503619315107
62.81394934741327
10.080548269060223
-4.385413595540116
62.78509426935562
6.661589958326293
-6.8823183408503805
76.84060144939012
7.175643460133004
-4.177467326892706
62.99716928378442
8.412907131968142
-4.118750463729872
63.85301617169509
8.457797939743593
-4.07610520896123
63.97554476540393
7.514223989382957
-3.77844376996714
63.33327905607313
8.787858180591577
-3.8329998416107456
63.73693813221639
8.808067159820668
-3.77507151659957
63.65797214212212
10.092066085926685
-3.6560831317816174
62.85398596526839
7.242521300890654
-3.550213838702387
63.25419863355111
7.474737395975902
-3.5576031089030327
63.29463281776566
10.242579409868156
-3.4140130433395264
62.890747058380676
7.557360775006097
-3.269873689752308
63.370670194552766
10.24492049103224
-3.2119871072585138
63.06982481685873
8.29405749140479
-3.0167379452255165
62.75995360018694
10.028844604440577
-3.109600569380427
63.401251407699405
10.067799770368586
-3.083169375809755
63.36379489664652
10.292311594530421
-3.0490317661636643
63.106504239010754
-13.919425191847335
-3.409337663087233
69.46004168637842
10.106061786896744
-2.89289150812209
64.11771188141712
10.277089838647669
-2.7793968828189217
63.14236175278668
-2.3847333732661062
-6.46963405436559
103.81613691471235
7.02154473147865
-3.5577474505573607
72.8761225812876
9.866545060172148
-2.556427673206358
63.24765533200309
-3.2077596096724643
-2.8538962030215838
69.29145296620815
-3.1967572315578057
-2.757544201253827
69.21735005107271
7.075191733656129
-3.6529112850470407
78.86616602986467
-8.90793655262127
-2.447667185531713
68.16035798313439
-3.4405336279254435
-2.5474026626252098
70.05784569980545
-3.4824876000753258
-2.3029256811536025
70.13689229268421
-3.423621061070931
-2.1915335834011023
70.3811527617277
7.708797939102913
-1.9237249696821395
63.48462408358266
-13.234784728901033
-3.212308553743445
98.98830599090894
7.937151402255725
-1.6799325263697535
63.842079175325026
-43.27657394791326
-2.179200065803726
100.38687924569845
-40.77530804847168
-2.390735423513885
104.90568690612879
-40.154893598224646
-2.3787191116851183
104.37758147808348
-34.456036825927725
-2.181369515700294
101.91276725218228
-31.19348146971405
-2.9316311824032666
119.1917679011624
-30.99079895532391
-2.8314720042970016
119.1940979672799
-43.04688848071537
-1.3683916032465184
101.32345264882363
-3.2871602452939856
-1.8291085739136133
104.83754432253444
2.9009446838916237
-1.5733366171932337
86.09966289617958
3.0427453505395796
-1.4102854287767372
85.8651754841478
7.568872224374157
-1.2440661321730777
62.96002292544128
-43.2695114035865
-0.6845396913449133
100.38391128762431
-32.74761051346034
-0.8756462352138765
92.68656197398002
-31.254399286413832
-0.7494558370654462
95.92059586727002
-14.200228652270088
-0.7464402305615707
100.74759234161255
-13.826592419997551
-0.7481964440655536
100.75226885680502
-13.665718844451785
-0.8124224727571494
106.91146550196498
-20.399214054651885
-0.4396424539632508
78.67179421084528
-20.486047547545084
-0.3519806310158573
78.6705289666875
-20.57308720445305
-0.3079446587886429
78.66935225790486
-27.618992824308386
-0.025183449809947578
99.6749128116636
-26.502457490841234
0.09206973699992635
98.39002135901647
-12.56948851893522
0.03458113151615294
98.98998734269959
-3.2526700021060915
-0.17489550443223634
93.73098329128872
-2.022955735259147
-0.24896343412087663
103.3010572156716
3.1540389034175744
-0.44993403000441884
85.86460365985047
2.9941613574363055
-0.3958006253724924
85.86249344094911
3.229043938083945
-0.33942112749560444
86.10124319229288
3.7656389381145154
-0.4493743762820558
86.10817901153251
-20.152441391047592
0.04476439670547888
77.46997595632914
-10.361215343905712
0.17323680266594163
84.7791791662912
-10.551995299273765
0.23065047470719718
86.6535430602649
-9.861621640119708
0.19430483180815178
87.41634811181586
-9.876043274576928
0.20927468942039654
87.93540490110445
-8.038999051859138
0.15706553933629985
86.44012307161228
-8.253058920221656
0.21984472319142823
86.68232088048737
-3.2848878099088386
-0.0306621828602458
79.20141277726893
-3.2528721002582257
0.04691315210749786
78.88524388573444
-2.23656298028475
0.08296042564546195
84.88097946859492
-2.229927500944753
0.15057927062821763
82.19083927848968
-1.6812000171848336
0.21791243241288533
89.6810409802473
-1.6026775235136674
0.2511946473192997
90.85454591654663
-0.4951339568963906
0.18048092118788692
88.58590341765748
-0.3805520472849853
0.17994234842756396
88.58733755063174
-7.2732320371755
0.3101178311518076
74.75728259496283
-6.369026247008319
0.2840403126890272
74.30504142255772
-5.885948717684668
0.19243158879203068
73.97396686812974
-5.47858497790624
0.2024313571108613
73.4356854635239
1.2104699658971831
0.38697783294587207
76.48964013712958
-19.65358193031228
0.7377830799206142
75.08181212707632
-19.620770053446822
0.9117955449278599
76.63182632049181
-19.116869738063286
0.8114897522635531
77.05376451121403
-12.753238260413921
0.5006307868293954
72.32285421238754
-5.927181820215496
0.38841656648902556
69.47607873370625
-4.824003456364675
0.399462378809823
70.77676451127459
-5.191283238076747
0.4281778541360601
70.68717894295196
-1.8415305286115224
0.41580575803582465
71.88519507857504
-10.081687386569879
0.6049745240935188
68.41136973685273
-9.871696484318926
0.5936721125232015
68.27714442521233
-8.968371546065018
0.5295540809541827
67.13440668852283
-8.966972463742044
0.547260711054657
67.01418675483946
-4.960778462531354
0.4869736962858253
65.88768754610889
-0.1582064760438936
0.4904168190758703
66.26885136170623
-11.532176542895378
0.730705681397811
65.6486586551267
-10.88152072518723
0.6897873799332338
65.25303690098104
-10.554938312558022
0.7511692904055288
65.6608406597677
-7.731212863610649
0.5461877049053211
63.68204334204857
-3.795902622831779
0.3821898295734649
62.63683312995194
-9.081607486633349
0.6473117874349028
62.50028338135792
-8.013571043333094
0.5979409125238926
62.10798761259291
-7.824194581862126
0.5870520831783754
61.66471915719266
-7.698675583160037
0.6092030844379905
62.04646887216132
-6.880043572954117
0.5791651051443669
61.64578399659584
-1.7332907703873088
0.5000030492390628
62.69759241422941
0.6723134694893407
1.4318088284741624
70.50741986756991
0.6023995665969157
0.5236212081902469
61.55778328638556
0.5595149422417928
0.5327685350953889
61.46818224220485
0.7474796080557747
0.4991261911576172
61.182097913425864
1.4529544326458332
0.5286986996702723
62.00012485259497
-8.191129901147258
0.6729505699857319
60.793618585798924
-6.81296631679396
0.6466423374847976
60.24220119025358
-2.220867701262713
0.7810063448329385
60.299358046468704
-2.1862159429427828
0.7808433509315127
60.29979175592007
-1.4800699096529604
0.9559919501849893
61.04135428518043
-8.71603004669185
1.244725496574439
60.21717734456611
-11.299183461709902
9.10542443213489
103.67279558240699
6.521367267906762
-8.43313458376632
81.40854653810811
6.631914559946772
-6.8564568034996825
74.73790139795048
7.0196735472161205
-4.316433587338149
63.002799398089564
7.0552770895914945
-4.285448421250427
63.03354256802359
6.616372045494525
-6.7730723677965115
75.49807261887747
6.6148093338902445
-6.823519183943023
76.0703224904847
8.605496310180534
-3.995358198410314
63.557240902372264
-4.794336995514361
-3.579087298069099
61.517743713744245
6.939207856331661
-6.062194969439681
76.42566908135554
8.957745596207236
-3.8154333478848463
63.86259498106788
-5.0530382293871945
-3.369694692511258
61.513658064440506
7.146604693486455
-3.571989868949987
63.3435361456959
6.534477733362537
-7.296776446328736
90.2047293858486
8.20642942131105
-3.011747230258849
62.59716427970279
8.525052156351675
-3.0483084021391873
62.8338935498226
-3.360160896848525
-3.648016802382797
69.67616858142206
10.186064595407471
-2.980475587836059
63.53778872814123
8.546515696749273
-2.612067516438023
62.831935718856926
-3.1524162647624694
-3.002800635035593
69.27280803260916
6.909885240661892
-4.130851978767595
80.41210434020321
6.850464411594519
-4.073817504792579
80.7307876944376
-14.083713854269044
-2.40097808000888
69.89248768887478
-14.09059233396886
-2.3816009104498903
70.03487019320818
-3.1642543850283853
-2.5024487809703877
70.16324158773907
-3.352218426720868
-2.4770025165823224
70.23293263046425
-2.8871229319558003
-2.425341576825717
70.31062493672724
-2.530461679418709
-2.457096736673128
70.3149562141005
-12.950492848636797
-2.0451972708434454
70.26404805919361
-12.771457564328156
-2.046209689244414
70.2661466386644
-12.681190826376287
-3.3812349637136774
96.65211504922272
-3.193593397541317
-2.189890032587118
70.37886795729302
-12.770264244656442
-1.8373237196112058
70.2651024904273
-13.940078362190768
-2.745501870568407
97.77370961554763
-13.013044886767927
-2.707918037747841
96.64482404141137
-41.95445340406934
-2.3322341824832225
105.6231419260734
-40.9309703278241
-2.3234622877127205
105.10915106004424
3.449974322136025
-2.0303827792130162
90.14198577362373
3.1226951905899
-1.9279495659424235
88.30737518709343
-30.65328679923019
-1.4156752877169416
104.20157101108833
2.9982783873606613
-1.3565601096677182
86.17801756130748
-32.313343196946235
-0.7281850839603606
91.72792164558382
-19.89443495892614
-0.825472778768037
78.43418262416748
-36.23557142835661
-0.4333114893237613
122.99725585186975
-12.800123614945075
-0.6947998019412531
96.63711255275868
-13.204860177923315
-0.6206519638047139
97.38566665310381
-13.998595986210082
-0.713675405146105
108.72610955090607
-13.299921716854094
-0.5823919429100797
103.41365554847047
-13.146462764921036
-0.5832596287047193
103.41545433196006
-13.271059678591705
-0.5666905151063537
105.94959984766905
-7.024118122395617
-0.8440368125730283
105.49812832238939
-6.866185976064118
-0.8346259742599459
110.61568383965445
-6.645701624189962
-0.597382667095785
107.1091116990122
-3.2496968630443472
-0.8694260490867722
103.53262249475054
-3.0195091949413886
-0.8707275544132871
103.53532447598928
-27.90528077331711
0.2024406576727778
100.04691824275707
-29.102651540768292
0.12084827209542603
103.22530893183422
-30.21289210975428
0.33232051403647334
105.74694209061293
-21.048463926193996
0.20087730413172472
115.84145586614054
-3.414127315722794
-0.22251859679823977
96.01399941568725
-2.1213229498515287
-0.08373904469395443
96.75888778066927
3.105640041864871
-0.3974302904995972
84.471132161353
3.075564043178243
-0.2437687018533988
84.67424614732212
-20.589616629910246
0.07798302245111233
78.00204798962395
-10.502987621213263
0.20945901831282868
85.35447376515825
-9.37008552626252
0.2401128840997877
84.9419709119237
-8.66059220816521
0.25737477087701055
85.5923940038096
-7.373524494518674
0.3530248957820705
85.60695911470262
-3.6577377128276036
0.06276060100575404
79.34627228600412
-2.183181242252984
0.15330946671694454
80.93007346457748
-1.95358389925692
0.20798143187813506
82.48922340632855
7.480769701677189
-0.58699354088016
62.49115991027437
-8.035185515711632
0.3329451201882642
74.85052664234617
-7.481808698575441
0.3387889121247967
74.32714138856332
-6.265295747408327
0.30061419143137946
73.73396611816844
-1.8476348824065318
0.29007686295318924
76.29074972971458
-0.059992001638881215
0.29682455422701814
74.4141350012068
-19.665646118123462
0.7824590424446978
75.04101726674625
-19.384932856290007
0.8937202171098471
76.20321394823773
-18.752101960383307
0.7976546866471688
76.57940672118994
-12.510573951191557
0.4982762863322563
71.83112206618449
-8.227493912344803
0.46904808216153115
71.30411089712021
-7.079750528522325
0.47284911277765346
72.50295880742696
-6.780543411881051
0.41463186484274045
71.08281622501707
-6.417504447305903
0.39329480274063155
69.41668075478155
-4.994065976015401
0.29778001774941054
68.53642567061506
-9.774907010674756
0.5421019468977699
68.11865521971839
-8.960154144862392
0.5347597227651788
67.12292297492635
-5.015728699550276
0.4617178025080403
67.49243921610525
-5.382986183886372
0.573599491454483
67.87946712205702
-10.181099019162513
0.6117743396537461
65.69546776714022
-0.03236514775854302
0.45202123660699517
64.72512119499275
-8.074553080942074
0.5710312069693855
62.591911472452004
-7.777250604125098
0.5822160384219185
63.05273237515975
-0.5635163771074412
0.503897951062302
62.79906970482364
-8.581799421792674
0.687565236680137
61.45184552857593
-1.2225695965863264
0.5536041693262106
62.21640468515299
-9.759173335895914
0.8328423515402035
61.43734170318794
2.268218787099338
1.319317078305
61.57551321669608
6.521728425283048
-8.330059308339656
83.16686590301902
6.635620638789433
-6.795977926688798
75.66770501254216
10.220524858658212
-4.024273210394256
62.92783220985066
6.19689341852215
-10.875227431872736
98.16162340858517
6.671453988401417
-7.200880282531376
79.19344498447546
6.604593178697608
-7.314529757555635
80.30702424024993
8.717856668005654
-4.023338006429852
63.78582466920894
8.81083811224827
-3.9866472179323913
63.786519950377766
10.221509119648756
-3.8163510780962553
62.92640315480152
6.652764208482447
-6.15159587214567
75.976048533433
10.205167165992286
-3.608348383769375
62.92479683993695
-1.9774059808428548
-5.847059454766752
76.98691934956427
10.201064715820658
-3.560829375343607
63.769460989715974
10.206069404763372
-3.4177531951671565
62.92348687349132
6.654374259816466
-7.674170180551931
90.91201689273645
-8.59088274010984
-2.8795862572371544
62.72806044758974
6.611194368925211
-7.234649345614168
90.64374002825434
6.667826912389089
-7.328092055943264
92.0049461726984
7.1579087888579505
-3.091000969868893
63.431850451942644
8.561706204148004
-3.063540362963982
62.90426514144864
10.117651538401631
-3.1323228943905157
63.40867422926586
10.173056468069678
-3.0710548682187078
62.92074962990229
8.233408479405172
-2.8714098379183475
62.899587187044744
-8.987666055988793
-2.5138642810813003
62.721482559771374
8.724935642013106
-2.6567569516703684
63.103982974899196
10.173197693960903
-2.8629747430496755
64.23213375069219
10.24992928389949
-2.863332691888678
64.23291973266781
-3.097233670627669
-4.660073169794813
83.93622110330804
6.974154227002485
-4.0728912986028325
77.53361386139315
6.986661972069758
-4.0465133755692575
77.29766866824929
6.967794296917452
-3.554015535271747
72.90027258541723
6.994423661819942
-3.5001187263738522
72.9820178611478
-14.32398329763283
-6.0297543691010995
103.74972859928587
-3.524152290789072
-5.6339676292275955
99.16573166564297
7.0915387771643354
-3.6924911677288557
79.17344850554952
-3.1051477760957362
-2.5371873590028646
69.70052999466652
-2.9670005472698833
-2.58239405646902
70.26246927504616
8.108633225778824
-2.14821857405339
64.0268477376926
-13.438836590880726
-3.148777011500415
84.5706919448605
-12.52128472990462
-3.104773272572553
84.57974507755654
-3.5212677295200856
-2.3224956357888926
69.75546996651389
-2.983796047587093
-2.311714868430461
70.38939398219267
-3.086548006093535
-2.2790101126057745
70.32342515209122
-50.538069210651756
-3.0281681351023724
112.70285008588898
-40.57964717690768
-2.6706175858640178
105.9041885054547
-13.637649822155726
-2.5912862316240717
97.90200417272172
6.03927834599888
-1.5269817245021817
62.867905046120164
-42.62694996661527
-2.10914246701347
105.87942284883877
-41.928317978902754
-2.022622331877332
105.37906698380061
-39.527442336770775
-2.00218583835047
103.93659807027944
-41.913546042253614
-0.9979071071936834
102.5143680927961
-36.67304605784085
-1.3227280465958233
103.02564369949724
-33.22711407990483
-1.050766117069149
106.48422528891288
-31.792368571828185
-1.052617083189524
104.9779800689667
-13.581344057398848
-1.3556826427527506
103.26137360510849
2.923798729156536
-1.3454920642284114
85.11307777486735
2.9244921855070127
-1.1990015252026098
85.1120709410006
7.4650079501387046
-1.1837425028568478
67.09723078498266
-34.009845369978436
-0.48294642943360877
107.53407299142987
-29.696634387249016
-0.46939011029334965
101.74730173501726
-37.23474735668342
-0.16637362825404423
112.81872109826615
-13.666547619381415
-0.6414940135869964
98.26207544196217
-13.66558756267024
-0.4384835089784308
98.26068013495171
-12.951091762508582
-0.7021027845491036
100.23103058598045
-12.846383661688968
-0.4951214723490785
99.825666854229
-13.248656363060334
-0.5937692526972159
105.66166833934807
-13.244999831235777
-0.4469432909915422
104.67408035257375
-7.030882855349588
-0.706127176313706
104.73924921036934
-6.877421085349451
-0.7068428495613626
104.74081925089503
-6.339940974898996
-0.6326145222195434
104.745790825146
-3.380654228732132
-0.6217904073181506
98.3668402382259
-2.1953796524875386
-0.4217381240102085
104.7865997896555
2.8777439394091147
-0.7593022341386354
85.10855088265396
2.9758634735534715
-0.6620973047147741
85.10887877413211
-21.53654698859601
-0.2785671756769719
79.40393585340004
-21.659320649705982
-0.15463137644878283
79.40182785007781
-20.732276988963765
-0.2944801527708548
78.86616541471832
-19.589401978105865
-0.20943337792822914
77.72049786364644
-28.21105758998128
0.30606561776112057
98.1071842161605
-27.72361213571112
0.29440833177841386
97.73837122346168
-20.221539512045187
0.5486860304792733
109.33749914457547
-21.35288342888021
0.4659338244244451
117.10738295827566
-12.071226343601202
-0.002694486173912991
96.81272682404844
-4.245700749370779
-0.13014461403242
85.42845874943961
-3.9342608872852542
-0.14645637570641523
84.83974201324176
-2.262784196772861
-0.05061215128418889
88.98515438994195
-20.85066943224667
0.08573071014219902
78.20790355578993
-6.289791352902169
0.1351730381862056
80.41604159793667
-6.018913387517585
0.18932414560308292
79.69875686133564
-3.597987118888967
0.100736120036026
79.865212549409
-2.764338093334808
-0.025805710890196898
77.64638619090775
-2.7525521972569633
0.04614224297248243
77.52542430660276
-1.9300115600454757
0.2180493266018046
82.01114327420366
3.5717760363557827
0.15167566600288213
84.72133203458694
-20.77176095016472
0.4931707662831163
76.98315252577976
-8.156750364089602
0.3651590975332283
75.16227739351575
-7.307621321601494
0.3051615974635793
74.77606647346948
-6.000747565376364
0.21573981923027363
74.50175318461382
-5.921205915398198
0.258456577653738
74.03673350330018
-5.381800399406996
0.3044381810105587
74.31904659699478
-3.9896579468669713
0.041255080050061094
70.69276628421896
-1.8375815378942577
0.32591439292332597
76.3834113904949
-1.7699930693896997
0.37597886594042673
75.32817779750104
-1.7060108564890422
0.3813949635978534
75.43045461047348
1.1709052899702808
0.3565958567443885
75.25746329288734
-19.930490941621542
0.8552692814598069
75.76239300262472
-19.296046870446943
0.8570052467040892
77.47167847694001
-6.94079619354614
0.44518801020552573
70.52660046068286
-5.75325828140562
0.40557890834451427
71.2945859111588
-5.203930906503681
0.3172639410890278
69.24516051982715
-4.917303609033202
0.35927990710258234
69.48226390554542
-1.8195669768565739
0.3791068777562776
70.38264151441624
-1.3779672645389518
0.5033055434052973
72.62517173897336
-1.4403202242142863
0.5348483240772365
72.62431941955924
-7.8151700122543755
0.46908470052179707
68.02479185722714
-4.019815841951271
0.35418759016386203
66.61995728052874
-0.13903257536476524
0.4678265381285971
68.51882613345185
2.3375810608159786
0.42221234027856025
68.43863109750447
-10.375136091963151
0.6086236603097896
65.85782038530975
-10.007468762762878
0.6045915787502645
65.63022091064333
-9.432422430841148
0.5705875896211541
65.75113484151231
-11.185062118424378
0.7514974700400565
64.82510389534588
-10.748401815007652
0.6805109194617388
64.76211599597605
1.5015000582151736
0.49214644455522816
63.1374426124472
-8.088848950566673
0.6874797824870719
62.708491700877005
-0.5671533995839638
0.8497506165697908
64.66477407124029
1.8834173312246036
0.7792402529508569
64.2445971119009
-11.704579438442869
9.93048684091297
91.41877758526394
6.568876774552357
-8.61156079522595
83.52206146662354
6.570975334792392
-6.708751897669287
74.96662916537917
6.583117158254271
-6.74070160579902
75.23353968633802
6.138787195424142
-10.793922503980541
95.28694938965523
6.044294932073273
-10.809836057184889
95.91532888049653
6.535481680021385
-8.12710470759775
83.35512270068779
6.476117999668827
-7.840070731582598
81.50978263158493
6.586415548229447
-7.74295842762571
81.08264350782794
6.601012282866492
-6.175016725942962
74.19939038374811
8.155387297883252
-4.000671939392791
64.11077560549856
9.056308252190169
-4.021347748375047
64.11884208106933
9.073764276613224
-3.986757567415839
64.1188067878888
9.333664788082679
-3.9877237565608006
64.12110755187506
6.121312625833178
-10.51711338111545
96.89305481478635
6.670968298521338
-7.35703323574585
81.80094399253915
6.679681195288003
-7.4400645026065035
82.40323791189245
6.662813945312803
-7.696490899449541
86.20035602671075
6.691668800229395
-7.5863105269550735
85.62775222887475
-2.1838282381589464
-5.692370748577289
76.99322700488656
8.157605071732094
-3.4115517262454964
64.10758559619504
9.52680128373762
-3.3126767759010396
64.1191339874853
9.318946469180371
-3.2945768371067667
64.11720127285326
6.67810006575984
-7.3672099134308455
92.9265713985844
9.163724435447309
-3.103399347015158
64.11478933122608
-3.282348809658576
-3.556180412655899
69.84201310381133
6.971848333949174
-4.252375504610684
74.44137138271395
8.159692396820416
-2.8570856204301425
64.1045822807227
6.029095719841735
-2.9214133973554337
66.44242009463986
-3.5130098251869772
-2.3871796938816954
64.73203979031068
-3.1697191021464657
-6.646041982372851
103.71570322510344
-2.972783058797798
-6.620989241889922
104.16508721144564
-2.3421688108250884
-6.771302174150969
107.02917125883253
6.887714763607934
-4.070219656496021
78.85770916500618
7.049359735754386
-3.4496329576940528
73.24442081273655
-14.23139577321172
-5.912343039174445
104.06183294819675
-14.009135997774711
-5.913169098109491
104.06379968164694
-13.556316098713742
-5.758785668406855
103.17897672612912
-12.873631077965767
-5.56804342752462
101.09033852238036
7.035898552609983
-3.7004430599928866
78.97758236407572
7.055099430716107
-3.454241955437933
77.16767560658178
37.74985800565549
-7.406917298928613
112.91145663138033
-3.6364848466010296
-2.5061497250077247
69.8331659158718
-3.278208106487196
-2.456324589450505
69.83605752973617
-3.073781403971438
-2.508241089518697
69.83814516900469
-2.7640731091681596
-2.4967830718061386
70.00376676875851
6.28592360833563
-2.5418974964940477
69.29725898655302
-12.388845659569801
-3.0353504661725617
83.32431236034788
-12.388508627677709
-2.945827200567435
83.32382569621026
-3.405325107213989
-2.2512250224915653
69.83381786603903
-3.311988659389767
-2.178217714089681
69.88823645626543
-13.192849530367285
-2.5847401095696396
83.3147591939755
-12.968709749057926
-2.4960486375739532
83.31625291676421
-24.935414631188035
-2.884631689870952
105.34175008751515
-14.47138631937668
-2.7251375254746226
99.88433507299104
-13.912690652210422
-2.7002698360014024
99.13548662619465
-13.711268688675295
-2.701018546902689
99.13727278534658
-13.979074658183977
-2.4985931392427485
99.13380561023587
-13.710510371576403
-2.4995913159001324
99.13617826849395
-12.141642080965855
-1.3074006938045384
67.53194774953715
-13.574459428813508
-2.030093768338499
99.13482534468824
-31.84581452902681
-1.0310803821198065
103.87972942259627
-14.054076351879385
-1.4039510145874965
105.42975350818664
-13.947287431561222
-1.331199240056344
105.91048935325762
-3.5286990218101644
-1.288768466490509
105.05027231809007
-3.434677020132151
-1.293535539195319
106.00309533284337
-3.0247268644048364
-1.2996373930955454
106.9933312348349
3.068830610491055
-1.2217150077857304
85.37455552008166
2.961499827281172
-1.1750439207921832
85.74851500577836
-25.20710432549273
-0.5300597197470234
91.00795443108937
-28.63362990717933
-0.3716909273583067
98.26238480436166
-13.904854108674765
-0.6188563547892727
99.12421605142667
-13.39889392811904
-0.6237132457987289
98.76065524318398
-13.836956431433695
-0.41767878477971504
99.12371945329306
-12.932300697713433
-0.5588245900374751
98.76442106766052
-13.240192311135102
-0.5319978669290454
101.46466309187667
-13.61834560092575
-0.5061118999929437
104.03779539386093
-13.62759721701854
-0.4973447172121749
104.95680186433887
-12.931801035370091
-0.42558075476455637
98.76370336739485
-13.510272366175032
-0.35271828626803586
104.4934856662465
-13.371411893868691
-0.5620340885353758
106.40023606620201
-12.148736814031489
-0.34624647564452243
105.44080860525617
-5.938086278496193
-0.7027304619166973
101.1250664485849
-3.253333081963966
-0.6554208570025517
99.59230944823125
-3.3630011095310826
-0.45660667608133776
99.21640144330624
-2.158126811565221
-0.48903282278512483
102.81809542244275
2.400117153855488
-0.8019967613326375
84.11617573539147
2.8806951736809174
-0.7461901516854799
85.3703076610819
3.0709755875274762
-0.6519322368544664
85.37147022051172
-18.921680624790525
-0.4024518622451619
76.20407317721605
-20.65581874348412
-0.3127520770111437
78.12226800081554
-19.019830711952686
0.3880772017196643
106.34518474499934
-18.786310360176426
0.3019009808242784
109.47634798122522
-14.794910641746116
0.18094916753282153
98.7439465450156
-12.407674965892069
0.022842968342008774
98.04662585959852
-12.839537013218385
0.29475422188745815
103.59251468639769
-4.402855889624302
-0.12407896824955639
86.25649332223016
-3.879879554361098
-0.1797905755352459
84.23021107812139
-3.133653012300866
-0.2264591972553171
86.26825632987715
-2.904504318808899
-0.1244246667696855
86.46704169121676
-2.2793647960290797
-0.11436682418491168
93.65756208485911
-2.2600317871464672
-0.05914308036923019
89.02902047170659
2.3561250914662724
-0.34468728323063236
84.11329587872027
4.410727724442189
-0.47944316490281913
74.14902324731315
-12.050633083292759
0.28024700849720313
82.35005361913846
-8.313186869410925
0.23567030397705258
82.69649623139198
-7.1040241390738545
0.33047697979780855
84.02609805025944
-7.181111442018895
0.3833048582701887
85.27531900965643
-3.177811283750378
-0.04862431861339503
78.0453610946233
-3.6853638612626023
0.07098836115700577
79.10680655716291
-3.5007790294772367
0.06037568916354044
78.86406937316633
-3.367340847799297
0.07824329160075927
78.38916661277526
-2.1870854850617154
0.026788518164830688
77.2799049746689
-1.8619279464332863
0.18629420395209748
81.1060069116129
-7.934219424137954
0.3209498890071004
75.06690184495048
-7.555880715182645
0.3471705751645532
77.44716113372182
-6.902925267608724
0.37095510767256545
76.01071154623949
-6.579009053358268
0.31591305348877946
75.07889193009221
-5.65053266942219
0.26129165875614024
75.36024180121076
-5.697260908757391
0.253255300464965
74.05579247965565
-3.4659236396697968
0.048568795910037224
70.66595835890298
-2.682373411888183
0.0664220304975583
71.03339953964701
-1.863210085693333
0.29420378686318843
76.25166713253458
-25.783592581786834
1.4339248737520949
86.25656231427612
-8.5071786006771
0.3967165467699266
71.87753207318343
-8.440797972858737
0.4058979391250957
72.42934631086821
-7.837717390454487
0.3991185333417576
71.55351849893118
-7.355571617453929
0.4019968868497549
71.62287604001344
-6.938579068597004
0.40520866750158174
72.5136478833519
-6.5068365669475865
0.3794639406410083
72.16721245292521
-1.3248566529876011
0.39423364279798956
72.70680635767093
-0.563910197385518
0.31591213846443733
71.6181890342095
29.03345297051549
1.6687227910189588
90.72076453367518
-6.643497127743251
0.4371925858640282
69.36994582233487
-5.302171851795124
0.3830039439634644
68.5036273136021
-4.340553080211505
0.3657867914023918
67.30689713158927
-2.014297625087025
0.2979277084513441
67.40812899325104
-1.758336320104402
0.38567417359190587
68.72247656866091
-1.762430537436538
0.41679439620260395
68.26097095390949
-0.05154064276539547
0.3793517907332903
69.02694182084373
0.9178948923366173
0.3836276317132751
68.55853812661829
2.3166965295176736
0.3705500317222294
69.0478978895305
-10.965250437655506
0.518850814881144
66.16904176752526
-5.984590325816735
0.43340151862379084
65.39678882305815
-5.1347337271869815
0.446254747791872
66.32551218398102
-0.1578777937547809
0.4155562330104149
65.66758044698592
-1.7060823468112756
0.4561833849393969
64.30321805691516
-0.5048933782237279
0.5015877540748591
64.57848228615694
0.7039769699257462
0.3761761358790198
64.0211448782527
0.7215645230163512
0.4454200573673002
64.02092194904772
4.551470209453556
0.6217860405330987
64.05377458119423
1.6746273881632767
1.1481786244364913
66.14004685458752
1.4205659996334277
2.019606784620369
64.01851678781372
6.553358641882245
-7.970897317991449
81.73758894302878
6.561241517397077
-6.782907907133204
76.35074097759995
6.609864687366448
-6.222078532469815
74.16572810029007
7.001871244301914
-5.920253732461891
72.79679742556593
8.570419806569316
-4.107410270902725
65.32058347751652
8.622400049913136
-4.107645732746521
65.32092914587297
6.043335205213211
-10.47747264820102
98.09536578097027
9.074793964414901
-3.693836064520161
65.32213872603721
6.701960154722654
-3.4751581711256927
65.30546045196738
6.583545192231753
-7.366416772247731
90.8157576617559
6.331885519348507
-8.372212989268386
100.5500120941758
9.07755838941089
-3.0873873823490454
65.31953519508079
-12.382171622832868
-4.663681697333972
82.43267991201317
6.919421272795734
-3.670132955837137
73.31268903082062
6.924339149403577
-3.55598072932818
72.85033392478323
-3.3472396794002703
-2.895196329294709
69.49805009389434
-2.600097669184577
-4.551913096786939
84.4841748537398
7.0107361115483675
-4.1526630902633554
80.18843106756668
6.927821938150755
-4.127352558251999
80.30943211633279
7.187933406350771
-3.394130565722936
73.65662108857099
-2.91043368863824
-2.7022281674598148
70.15321629761047
6.994661277616351
-3.7271093752578404
80.55476900592276
7.030265278170071
-3.431317570626861
77.07562622185753
-13.828251867613284
-3.439307600885586
83.92295540391922
-12.926199628859987
-3.4809322513430145
84.41107837975207
-3.1605635416991933
-2.5109338942342676
70.19936209523998
-3.370593871434482
-2.4573634948022387
70.14910662271393
-3.2577255180006945
-2.4618001699198264
70.19850735891686
-2.875537828697135
-2.4430631265339877
70.24986827288718
6.758283553039597
-4.164319097293194
90.80307261665476
-13.878297744774468
-3.1538695862002792
84.24104257852248
-13.859282039396277
-3.0313987773441773
84.40294819120723
-13.72549172700541
-2.987473910143878
84.40364537555865
-13.414599579267264
-3.167004906229128
84.40648288486099
-12.855732099824944
-3.0016362173724374
84.57347434754243
-3.3871429335593946
-2.1965860448191017
70.245410526077
-3.159120805238887
-2.1944320443587713
70.1980033283927
6.993881929084476
-3.6955947765263475
91.76430834168971
-13.937774837830023
-2.5256429221822314
84.07728264431499
-13.278779432440693
-2.6777829445720833
84.40526837444861
-13.100662677702
-2.6785897838014483
84.40645284997058
-13.18931461092777
-2.589126852089777
84.40547827601827
-13.01099487252815
-2.545403934190686
84.40647158185915
-13.27961773167313
-3.4225751064642775
98.61368544775239
-13.412157332277943
-3.2617324255631437
99.30971919663376
-25.098590010387014
-3.014434001191358
106.14912077212955
-25.249021205872147
-2.938362870569824
106.14779447305703
-13.841897182172174
-2.814205755136355
99.66179208654165
-13.934298765016301
-2.668910944010259
99.3036942385269
-13.90680021630222
-2.5494678595070077
99.66021339630014
2.9427136056113574
-1.8240919787377747
86.97189837197328
-14.33168812238574
-1.4114659414698556
107.16552520555518
-14.358766609501865
-1.3318403103361294
106.68481898776466
-14.071142479528373
-1.3387272540422026
107.65577650899435
-14.460757985042829
-1.2532701358811522
106.21204374519995
-14.254255566559115
-1.2583449323288622
107.16538044183075
-2.999069234920284
-1.3114546718534335
107.72907099908414
2.8633727847944224
-1.327099720389438
84.67045704270177
36.51192581211366
-1.6061022160793046
114.62865816152089
-29.932419755045174
-0.5626481272282406
99.18851411078626
-29.53849483384783
-0.49882629614443363
99.19085007397815
-13.531702282579873
-0.7025469057075285
99.29786243499314
-14.137161667870561
-0.6281711590308541
100.01276817973559
-13.33429315093201
-0.5722286305710631
99.29860793355968
-13.83604387566751
-0.7203745753744109
107.65466198460268
-13.944172571012334
-0.5691265668669695
107.16445290626866
-13.713974511948773
-0.5701692944513621
107.16598753688362
-13.97546373074282
-0.5192699566710406
104.40500181046289
-14.06406295085559
-0.5101722241794889
105.29233848300579
-14.155772749051755
-0.5007552271803645
106.21080875938367
-14.050736004214352
-0.4966107079636085
106.68325040829276
-7.899328357937456
-0.6798751636301845
106.25306594731997
-7.174614905164497
-0.6895599024462151
105.3387939029472
-2.093489066590536
-0.48000572024115634
106.29069695299981
2.821060338176426
-0.789756831756092
84.66785530611295
2.9555474020520123
-0.7456034752186469
84.6685542149766
-20.70786537618326
-0.4228822849519279
78.17982228695135
-20.531610269123373
-0.38019855668309
78.50133493043064
-20.67172959946601
-0.3514258223206559
78.17975295420682
-19.856871336409988
0.44320226696373277
113.03047781306314
-13.037417433564642
-0.05614152930452165
98.94689751756114
-12.896417147041532
-0.010505372480494046
101.13999504440005
-12.675260785230376
0.08084860558918477
99.30015413958469
-3.1926541468247995
-0.23411685907707036
92.69378555544301
-3.054216712582759
-0.2536822456196047
85.30003277702738
-2.337293249799328
-0.15573277007980751
91.44214357727014
3.648659171167379
-0.4319070346464801
84.83751498932534
3.7838501510798284
-0.38752253901430045
84.83821565874945
-20.183052707512196
-0.015946892204878438
77.66477427559457
-26.22809133245635
0.48910421014202576
94.15916815179264
-25.071188038147845
0.4911985756981775
91.28861162926393
-25.938189558595344
0.5529390739069274
92.80088938778869
-26.17340304204278
0.5897200423399143
95.31550787492462
-15.521718360907295
0.20783706335504637
83.89595932043963
-13.266194447093408
0.08306163977130876
84.39341585575659
-13.331557256785937
0.16623865031305143
84.23031386527987
-13.110099025070564
0.196912940497444
83.91199466898885
-12.43880377345262
0.08509464384049406
84.56289388695274
-12.464465577640526
0.12396060996191444
84.39855292180627
-12.16242129596004
0.1988996182113278
84.07727685795324
-11.864133529054094
0.2312909365957656
86.12273672860174
-9.680794777396247
0.1877700696360414
85.25418730880995
-8.85908527597358
0.13018219982764437
86.32556505820045
-8.58095148845281
0.19602323417300554
85.60903107065971
-8.013638820298222
0.11992075940800018
86.14874857837984
-9.998760949901975
0.33057466642592376
79.93568999406621
-9.855029008495514
0.34223071304381836
80.17883156052679
-7.751873039085263
0.10888416470955087
75.78836801666364
-8.067841189615413
0.29199618573744557
79.36148488319864
-7.645181841621928
0.2980915797342699
78.80207520431851
-7.446900897481002
0.2795916084434888
77.15499217468943
-7.33342603060752
0.31414184064809875
79.1384759062469
-5.71612524961032
0.16428217496967634
75.80162635918836
-3.6460993062920046
0.1846547418791514
77.67271867007334
-2.7758140090275543
0.04698599739658332
74.44921045872799
-1.874109414427325
0.2409923168985003
78.9511018861694
-1.7165751250676242
0.3375517413278719
80.11115285546578
-19.310413709032183
0.7237986151952175
77.76902123295912
-10.75749490520924
0.3919324559048524
74.02198100522943
-10.309748207284647
0.41974593056010834
74.0248295038943
-8.383992071291301
0.3360492837663483
72.16820948560786
-7.936666738598891
0.2843967165852983
73.06293477600632
-7.82270775117436
0.31233888792840525
73.0635695685259
-7.461866488641573
0.30173148755483936
72.93361855240761
-7.207176680819956
0.3571201215277101
72.93506778880409
-7.007471500643031
0.3798182099139613
73.27058999355366
-5.343305785330055
0.2763558176619833
72.31112423237221
-4.575453067750981
0.24994811778414114
71.60390491943978
-9.385339573156136
0.44606499417649037
71.12465647899626
-6.752991212642764
0.40354365814608656
70.76878324649117
-5.038899696570611
0.29944199502278845
68.78493141110158
-3.8985812515089195
0.22471714041555
68.23611713126972
-1.81747324427705
0.33959322524530877
70.2940397548926
-1.786458601529285
0.3597336420307848
69.95561813001851
-8.518474867975568
0.5946399013640556
69.31513740499445
-6.344976211018795
0.43851730449128123
67.66439512456242
-5.24134727026206
0.34837230542176945
66.64471498496783
-3.73126637785112
0.21507960694189404
65.60242477008126
-0.2688628218439645
0.36585916521725614
67.66945182220402
2.3427336127299094
0.3868681953946598
67.20651454898382
-6.0952300310492395
0.4464628044005753
65.63850357358174
-5.114764350009522
0.4250656052997805
65.21024886870276
-0.8320407450705112
0.4248225118776964
65.54242667288482
1.9067766578544476
0.4707542538712662
66.36067605554665
-5.834008606874797
0.9700530311620389
67.91918849616079
-26.92851158461773
8.609909564176029
122.63089811783354
-1.2343725367167586
0.39970767975354726
65.46252030934878
-1.8828740602084344
1.035391174051841
66.45156952286737
-32.32080936935946
7.242763177253096
100.6000688209565
-0.17192679666698427
1.0521658193517678
65.59619121203839
-2.34009422473224
0.9323205522642002
65.22645401023762
6.989984025532835
-6.037166323227298
76.66802830968305
7.013774809213797
-5.6902159397382395
76.83338639090233
7.001542200567519
-3.5742277695382016
73.04725997270955
7.051388672361189
-4.169615664881622
80.88958012155429
7.061350383630237
-4.198805877041025
81.48738688717516
7.0777231444445565
-4.176063541585875
81.98512890597196
-13.151061064880757
-2.714775243274791
70.63610089357093
-13.923184254163822
-3.3602653541359535
83.76548151762523
-12.817317863548977
-3.373547253699467
83.34382894724206
-3.517386849356693
-2.374845969663331
69.95646673510886
-3.436346455018509
-2.378550250651488
69.99801719780007
-3.212860756639614
-2.4467591638723327
69.99949575263796
-2.9737399207465995
-2.451409247912466
70.04210308977937
-13.996428428248235
-2.9687451972412946
84.20367475200322
-13.332688475452409
-2.9670964803954574
83.48049304044392
-12.319717924310208
-3.0040435121955396
83.34487029874884
-12.030491144730583
-3.0054216825205815
83.34641001689204
-3.0771835642166874
-2.156448191942864
69.99896336368555
-13.020347767788644
-2.628831251149647
83.33954260777888
-13.289382591781054
-2.5936320132695947
83.4791111838086
-13.372219115364743
-2.5517183368019962
83.47849374008435
-12.730724451309776
-2.5475723905231464
83.3407283303941
-12.441892268170394
-2.6315870295089896
83.34261632974052
-12.716494344850087
-3.180050263115845
96.92334206976784
-24.033070455918175
-2.406024873352729
89.3954786177643
-33.94150153757138
-2.9973166436279577
107.32168565534016
-25.438244939517798
-2.9120212029573627
105.99947141579057
-25.217527659775705
-2.839616079582146
106.00032461172955
-12.807383422087163
-2.6839621068845054
96.62144535467354
-12.921490509067926
-2.096971222660223
97.22111644257558
-12.650468130474907
-2.030406100961349
96.91873777888591
-12.803931046347433
-1.962767716036383
96.61835208688854
2.894426908943531
-1.9204265982388333
86.87657734912307
3.1242401094634564
-1.8958415137102813
87.78025556733432
2.9070200023474957
-1.8206600092015846
86.52862989454354
-12.818315254504597
-1.1278704795786458
70.54175904634747
-35.401893051138536
-1.1508593834078047
100.38808917317627
-12.475808123567408
-1.4805682390405024
96.32289260871403
-14.380893355852837
-1.3592668594256647
107.88998033266685
2.9554512990913113
-1.310409732686229
85.20728472846093
-29.256983761109257
-0.5470960706339578
98.06488655609249
-29.82237184931163
-0.5213781511186688
100.41493204966893
-12.377482066524898
-0.7627813693469827
96.61544363572324
-12.737501770874195
-0.6408643519744588
96.61301145400851
-13.997707084228939
-0.7526372808286558
107.88939579460578
-13.920924410468746
-0.6008892760080262
107.88915237849258
-13.692394780403127
-0.5259211737155737
107.89003590779565
-27.772395211162543
-0.14263746520519366
96.83051072690472
-27.41554490991916
0.09033042522556484
99.05049995582407
-16.596357913076847
-0.4158829739269959
83.59472833004794
2.3316579442950727
-0.509066994258423
83.5528662663878
2.4409893323546825
-0.46162094382866625
83.83966265755103
3.7900294947575683
-0.47450835998721663
85.52775346413435
-25.90849244652069
0.46110223100330494
92.26200235659105
-27.200338532339714
0.4299271842198851
95.94561948378342
-27.318593501500985
0.4897623989837474
95.94473531434552
-15.870435539976505
-0.005680954507919944
82.3618886472572
1.889552114759792
0.20680330626537294
79.72345624710748
-7.69019947628785
0.2607491416588922
73.93349417242631
-12.674588355678848
0.47565757584202034
72.1976422046695
-12.327361054938985
0.5018693852908205
72.52822005802705
1.5271612276777702
0.3550387357899033
67.11671101626504
6.9591110999640975
-5.810350513232212
76.68302139748062
-3.227036676276767
-3.4175001635484894
69.95215064377587
-3.124169606892941
-3.1792714268635187
69.44560581517582
-3.1372675787845767
-3.1347667949509312
69.41287595531796
7.329861256452122
-3.3472949114845973
70.58074435893624
-3.0230631995867414
-2.5356593286398073
69.98446267839886
6.903475772497656
-3.7662673493042296
82.67735454208746
6.986474631781256
-3.755117316741435
82.55602061304718
-12.866195772999747
-3.4187327760336523
84.2741780390077
-13.193387450061003
-3.376174356010722
84.2725297270617
-3.332019490527513
-2.348180455623215
69.98230145428096
-14.034785118240444
-3.0540100176473977
84.4058900721661
-13.829181391483443
-3.0550357395596466
84.40681549133623
-13.682642857794985
-3.005400390999221
84.26880788521096
-14.075493847071344
-2.9715634101391073
84.405363482381
-13.518533748945043
-2.9243671653932384
84.26921050704136
-12.841874415993493
-2.9777176644145804
84.4109312430036
-12.275243242467772
-3.0439965443818524
84.1381353866197
-13.785589043814449
-2.561792117090942
84.40497709622899
-13.047089099776512
-2.6328262241733316
84.13297057988208
-12.761972676282829
-2.6342486105146836
84.13425652943911
-13.087412667720834
-2.551161146581384
84.13245466449018
-24.788767733864535
-2.3199668762392456
90.40533724611474
-24.29709087983464
-2.8911809158471042
103.89905407454069
-13.191435472382993
-2.699735284589402
97.53336014222384
-13.131156283919312
-2.5806686392481493
97.53313975228237
-36.21947020546928
-2.1164134236413403
102.70286378165244
-32.69109051122125
-1.984015572970665
101.98773400080171
-13.252096436675712
-1.2909754049875892
102.8025798691151
-13.728522205218129
-1.5937897311713867
106.39243554729856
-13.01390732703585
-1.4348480466575073
103.94370620406828
-28.159377614870472
-0.1780338392374658
97.45575938990649
3.100795362461657
-0.5045822683781792
84.61210194862639
3.5966158692021395
-0.5070557459952441
84.6143401357516
-25.62318106764033
0.2107406041354325
90.18926932427173
-26.066931713210067
0.3770953161678511
90.59270738672636
-24.93120044659195
0.3060752096799538
90.1919829462062
-26.172472826644345
0.40156561542260705
92.5429936135165
-27.175521457085658
0.5349225229738512
94.46222759415262
-12.88754271182798
-0.0529447208805664
84.53845868082404
-8.50452879067265
0.22570634603360176
74.15463396513694
-1.7572502358221398
0.37667219179086575
68.5807983036818
6.9998557398754615
-5.881174762621244
76.84001639862231
6.568188666012997
-4.170875143559137
71.25201820589298
7.001165616901383
-3.9041866751744907
69.57454641486768
7.119275985036168
-3.849479622028096
68.8970726359386
6.728833999728153
-3.8247824212177246
70.20818893672178
-3.1815478340651353
-3.4410228958129245
69.78515662989543
6.916941895396658
-3.938674657255874
73.06891116659867
7.036159245171479
-3.8654422688399896
71.61280144260925
7.113345808113853
-4.303282048338658
84.78089465382921
6.999253877203751
-3.4480449514005382
77.03616870722205
-2.990821945890783
-2.472591188866219
70.16561531368718
-2.779802831282456
-2.47362605982644
70.16645698285913
7.175748510568627
-3.8385525108879244
83.2990105167008
-12.869187879104762
-3.3269797789245503
83.6938157998128
-12.907177134634471
-3.2500568778750303
83.69344045737128
-12.676975245055388
-3.2511859542308583
83.6943586391871
-3.200803626849551
-2.2605361845401744
70.1641622819393
-3.124069429032838
-2.2609125417132403
70.16446929715823
-26.640038569384952
-3.2810128549497843
91.0380272141806
-13.831610855592903
-2.8777625839554886
83.93309696076122
-12.944036560853778
-2.94293050516488
83.69240007459769
-3.142309798491329
-2.068981999649995
70.16383699794113
-12.865226762131908
-2.5212667322295252
83.69147959954925
-12.711758851492428
-2.5220195578811726
83.69209553575607
-13.208475880459268
-3.369264935331227
98.76477816383579
-13.26727824133058
-3.189924916748079
98.76402138255199
-32.30253192418702
-2.918037932940407
104.71645100463451
-13.116408980782111
-2.702055116492935
98.47215213883504
-13.56275521588601
-2.5916370659340897
98.76110203665499
-37.3045838793476
-2.0578641741394
103.94045611086395
-13.26199579488749
-2.1156411807604742
98.76090518204168
-13.142044718766087
-1.9968617966183186
98.76103927127681
4.056675106061593
-2.0107287937483287
90.96123756613548
3.91241915904008
-1.8567231737477077
90.576596813187
-12.992038932543696
-1.5172197636131595
98.46919059391817
-13.53217968400884
-1.3687289746395133
104.03292448193409
3.043593515163076
-1.3435341012516933
85.55993794866497
-13.314930830869608
-0.7426524426744265
98.7566978152889
-13.423277497835297
-0.7069503592918038
102.94416028902806
-3.034460291257071
-0.9517361687493994
103.70538272925467
-31.28451826080711
0.2654454548616024
121.13027627958809
-13.670676274110885
-0.26343664301685354
98.75388242965737
-8.172630001823265
-0.27345641469947785
102.96375968155701
3.024372912630117
-0.6174325977382948
85.0168359725573
3.1538338729526143
-0.5286444992486854
85.42084779739106
-28.577084517829284
0.1951643581276632
92.45038297593364
-28.503752179226318
0.20938409893408194
92.88128316662805
-26.28141521110292
0.13548657262697958
91.02948753080983
-25.597543555798204
0.1809646941391969
91.03207278703599
-4.66759115964738
-0.10562849833497348
87.12530013637854
-4.33082843456089
-0.1375391692257294
86.23293145095971
-27.393848174413822
0.8141277688490711
90.82800863951097
-25.651718620632128
0.6409589112377575
90.45181920071938
-1.7114068296427492
0.24997638029458702
84.22099821899589
-8.06009822422899
0.2516645791277146
76.43237702938347
-7.30869899832688
0.29464314884212944
76.69828168892248
-14.337171728980913
0.459189530281648
75.47879690095401
-1.731899111315951
0.3472086416462224
75.23885366182122
2.2498481307827896
0.2977505316233132
73.6839168277555
-1.77627794219978
0.34699433593031986
69.39115851115054
1.6591611134378825
0.8336882981604916
70.11416304829876
-9.006173048078471
8.259888623408525
112.29870466908775
-6.5606024008551564
5.889686258917092
91.2883903440522
-13.227386523332585
-5.7452669012787565
76.54924799039088
6.289481403263359
-10.693399080848682
99.24729745397977
6.553589122857975
-7.156463817777323
83.64818414160155
6.657448396280844
-4.016746558176343
70.73734838908418
-13.707815146206011
-5.317081647458236
76.78004485215105
6.887649992321346
-3.7842579658384055
70.14209035927499
-3.40494500779879
-3.7932623822781117
70.0895764149205
-3.352862654432408
-3.7762402384122833
70.08979519311909
6.470017082789481
-8.258270850264843
93.43909557977355
6.557119438976086
-7.865143067063455
90.74900849101297
7.149092579411036
-4.152484436976957
71.89479009515723
7.114931645464778
-4.099403292668549
71.83023300258904
-3.3517429419733893
-3.5856422084100052
70.08926222432704
6.5869957967540635
-8.066672772758007
95.41352805701837
6.541304882660686
-7.256067609061792
90.2230152989292
6.5421108578333405
-7.118925469197055
90.22263249646335
6.8144622793517655
-4.6634912679376415
76.19653206388989
6.801625038564317
-4.632551425568341
76.03245701095398
6.889910994433342
-3.9637264012248874
73.04526932858454
6.7974101583164614
-3.901621718262513
72.25642056787164
7.050830402502723
-3.8909682959469705
71.6712855071695
7.113816031877102
-3.6296338369531664
70.14280665396902
6.923423509917312
-3.593863216516376
70.14173485060519
6.992731599814552
-3.594269303843579
70.14208977196046
6.832853411629772
-4.392358569904994
75.97794843273344
6.886647721782379
-3.9490868884039108
73.08309863329413
-3.332075451916796
-3.187220956788589
70.08823855670114
-25.908456320056718
-5.669767300446145
89.88187254866625
-12.634790278353968
-4.760576912330472
83.11430175165285
-3.5907578882059346
-2.977773398432657
70.08632818343413
7.160723006931947
-3.4734155453342868
73.19796279267942
-13.3842549194813
-4.326459573833134
83.10925142334352
-3.2145275073995343
-7.101842467501725
106.07882626595287
7.004335442797729
-3.84255524381646
77.81559502689815
7.080923080582815
-2.88616302692827
70.5489506042271
-2.549107818475248
-2.6373230816630895
70.09068466793184
-2.427819377089316
-2.638033849501791
70.09130577697366
-2.4623711754807287
-2.6205037471347534
70.09107995370537
-3.3627318247760787
-5.547754320573355
98.08838480737913
-2.340837982754583
-6.673217738552002
106.46792839561887
-2.428030539967209
-6.476424266067111
105.32746629854623
7.072630630926255
-4.290422223779267
84.66369432458822
7.029635930170323
-4.2657342646053875
84.78186501992226
6.942270164480224
-4.25406334004204
85.02147201403925
6.865761859455913
-4.215247046545589
85.02097197398726
7.024680197714909
-4.202853888304888
84.90117118912485
6.968647804409886
-3.4300058740832853
76.7038746845049
6.7367015337729725
-3.3430585409327307
75.97449726587203
7.032676722212089
-2.6934643096168873
70.13975224373961
-3.5699706863904788
-2.388754236015731
70.08477154734892
-3.327394040629664
-2.3901755318827065
70.08601376354618
-2.9984880740914783
-2.4440857351227896
70.08784567808385
-2.530902890083534
-2.415049497739323
70.29100726054847
6.645513955133716
-4.743701605189623
94.50052094382595
-13.142532391220966
-3.18966277920417
83.64603118224142
-12.346221891061434
-3.2854859109614116
83.4321389241293
-3.6210355877916744
-2.2325061184422563
70.0840700722616
-3.1879646614725834
-2.252371206281266
70.08633763477194
-3.3089475503758523
-2.1996792580383384
70.08557047819566
7.094898129606506
-3.7629748811482044
89.37854658658482
-14.001391409536232
-2.939135251197886
84.31849939846802
-13.7013794563659
-2.9784237516179743
84.32014162101191
-13.551043803024584
-2.9417740246713864
84.32080750135029
-13.40070718560198
-2.9051241894866693
84.32147147892327
-13.378685867418005
-2.8299217501922524
83.75432258374151
-12.746322545946596
-2.938470738739156
84.20952068418468
-11.823833949391851
-2.831664718244715
83.65175232315761
-13.223439353640465
-3.1980581102386565
98.84721343567537
-13.510371787996691
-2.615666071288161
98.84410954332824
-25.62716781458145
-2.263998094280775
105.95077825862195
-13.160639936358953
-2.1964001809391056
98.29722099712914
-12.359221757890401
-2.165725696827167
96.99431440176616
-12.988084704569284
-2.0828174949108234
98.29778133805144
-13.390823301117754
-2.0356553335720378
98.84307957779328
-38.97489380109467
-1.4742435148551247
129.99603209826162
-30.66489108645359
-0.8869250571287219
99.60122023010098
-35.45430518394597
-0.6372735397125293
118.4361460645041
-12.75150409778553
-0.8236734082688859
98.29544035402925
-7.8923267748795425
-0.8016796799575373
105.65740340060367
-3.959019897401457
-1.042632120341839
100.02902785470062
-3.465173171557221
-1.0439593140449215
100.62595336442195
-3.5408980299452892
-0.9853977668319067
100.03100063849226
-3.8148831617463244
-0.9256984248027704
99.7383864046758
-2.7985441091459005
-0.9683856505898685
105.31003151392159
-3.1122664322010567
-0.901413631711827
104.94020058331384
-2.9991805692384257
-0.8329206630182573
105.30862520199116
3.008748666948896
-1.123175027617231
84.9925606629219
-23.632342382198015
-0.12822056014533056
111.98383849846766
-23.79964695080959
-0.02333595462571647
113.47608024067591
-23.40079173116691
0.10063324494848203
111.98437476295467
-22.082365666090183
0.21712792095222927
117.90029637779722
-12.811478924824806
-0.31810213364545353
97.7606215544129
-11.992534225704066
-0.3574105088648314
96.00473563957082
-8.595515710760067
-0.26328099391624554
101.83804792509324
-3.847238596074214
-0.4561444170576541
99.44983184018473
-3.611782582078573
-0.45752393238407896
99.45103759201058
-2.132424400381894
-0.4203146390833123
102.19292060119085
-2.294288395371426
-0.26663818045055515
97.81416022476594
0.014410286196897104
-0.2744826734744962
103.8837175876372
0.18546324761451866
-0.3147301722260143
101.8830146375962
1.5303398655951819
-0.3863505394370287
98.63901147665744
1.7451248838714073
-0.6937187092874809
84.98489901477912
1.2684631177807448
-0.6064476877654641
85.35050258953456
3.0114530745124046
-0.6627699249346396
84.99127553522534
-17.77951746208905
-0.1518195855804492
81.12723997221867
-15.376176381416407
-0.3155089314124442
79.70548720626164
-19.21293590458545
0.43877091491027986
106.3617454897797
-2.9415131073142287
-0.14224023058642282
86.76809480186706
-2.871679302682973
-0.1377807660230146
86.90689928631198
-2.41911408261882
-0.09931027658778455
86.9090989132292
-2.0365298481596827
-0.04225331880485601
92.56017587104725
-2.2001296345193087
-0.09595085007367382
89.48475204017514
-16.58018014206808
0.13029471859057995
79.77757196044303
-16.003332981638863
0.2449607988687908
82.56622051533805
-15.820733152101488
0.28455807512057124
82.66870045777333
-13.232515955322583
0.1714058940138088
84.31364833043472
-12.995597100746533
0.20515616509791676
83.52762632508457
-11.516803415015117
0.30433067388266966
85.66109069654122
-11.04072510613222
0.2858910044514977
87.87163343370983
-4.496079993160377
0.056935725658231046
83.03718527843988
-3.9206092135954846
-0.05015529741913838
78.9987835346629
-2.4722511773647184
0.05010957202339665
83.15260303913344
1.3146681861051595
0.1495793871549847
84.1581994102236
3.65319295800691
0.12152859614527387
84.63379282191005
4.479088411203236
-0.3189962954034552
74.3816840289827
-10.800836516411428
0.29346733956246834
79.96733138463757
-9.587399145327293
0.30234373678442544
79.26815258923831
-9.54621676609691
0.2861163245104271
79.97375810248096
-7.236296176381411
0.1749062707742572
77.99635541973048
-6.616703818659938
0.18674302429148146
78.69329262456496
-9.457078438463064
0.32855946720223655
75.82780930896807
-7.05551094773134
0.40113468791022755
76.91730833038827
-6.37049765236832
0.23876740813867084
74.36972690607128
-5.916840463738504
0.2009627438040364
73.68039168519782
-3.8321872198778877
-0.11636429922841167
70.5118629632124
-3.8246141591986627
-0.06485579408764805
70.4853257196256
-3.317579613661404
0.1596859128624168
74.20700053234597
-1.8354407697979414
0.2627015133153058
75.60325691368324
-8.839717531115317
0.3602098554995843
72.62010995094236
-7.970822069597644
0.36975381281419684
72.77055016380427
-7.9094361061018414
0.34278729882556985
73.38502473258782
-7.57092409968021
0.32584471039290935
73.22860319805133
-7.634091142059752
0.36879595397744347
72.99679712831069
-7.385791397104998
0.35897261665567004
72.7001927178095
-7.247780445522813
0.36377538237015905
73.19109677792225
-6.687926064528127
0.3350082175198341
73.15518516311985
-4.521992110315903
0.17945088287336447
71.4768612998532
0.10051780161271673
0.30199129807513875
73.03646608005437
0.8620129281853139
0.3041533911160357
72.88992229542457
1.7817598300486561
0.2597997740170286
72.9320686721557
-7.310707222901229
0.38322362157573775
71.07442323236963
-5.085086765470437
0.3131542529635395
70.74720186831918
-1.8263164896660378
0.3657766992747217
71.39864697607888
0.14049096121554244
0.28834471461858296
70.66483066558558
0.526891025224272
0.3136669734428912
70.74839322132513
1.2761097996790105
0.3116419169355403
70.61669237159931
1.7852059072700721
0.2891743486411613
71.09220941169313
2.2831251567508857
0.3361445957918384
71.54191459079371
-10.294536666485651
0.4823110883026816
70.37211947987268
-6.845190909284404
0.5068289118277611
70.05988523970152
-1.8896933552027995
0.47779396803686863
70.08526195816611
-0.5387026171683091
0.3832398863070586
70.09242470827344
0.48389076112153184
0.4292315578043894
70.09751467045274
0.5533000884953849
0.4461524132201019
70.09782027070324
2.389647776726158
0.38340986205233224
70.10737072375069
0.9357134959334251
0.6518438037135577
70.09919194553184
-1.662814938641642
0.753707294370173
70.08564160561488
0.3136100606635364
0.7622620179024986
70.45158126406818
-2.1816046962725575
0.9300236646451214
70.08249606127536
0.8129620032211591
1.3785057049849074
71.47009093904317
6.274039917916589
-9.831300218310448
94.49881119884054
-13.693542105471238
-5.337686598970043
76.8398383399373
-13.56563857795684
-5.313809460258152
76.73664267996557
-5.314738498523561
-4.4632768614544
72.75576353447445
-5.993576141980963
-4.954388664476211
74.81016171989717
-2.8024755981428893
-5.458282355637565
77.0687494780673
6.279961705077875
-10.773988473522287
100.79502531081584
6.64526622969523
-8.250559605656226
89.39665259014357
6.592570521895354
-8.113378016783546
88.80577291638214
6.699652641659821
-7.890766955665939
88.37793285246093
6.433476961012469
-4.145789092949413
71.39516162612313
-4.914767938911275
-3.9296249146593873
71.32107190311356
6.564564215634874
-8.07750764715356
90.97836620468439
6.621820356644422
-7.588589387214726
89.09577119953498
6.668323016404686
-7.40641328129686
88.23584940996712
7.1079523999347805
-4.121117946190724
71.80781914515043
7.092632129968779
-4.079304527129162
71.78121716324719
7.36977249110786
-4.02946456119269
71.40069664294033
6.610284720171987
-8.21233943710573
93.88830650366066
6.62044764619187
-7.5945323825180155
90.8109292811928
6.603864690774187
-7.570927686888911
91.14390067697471
6.5866852584635005
-7.592533503661842
91.48415274640521
6.547156198070028
-6.994552525465451
88.23329468799413
6.857706985191072
-4.870932618592789
76.86639528439254
7.01185945454338
-3.962543964756385
72.0758959269541
6.937877258595448
-3.947681548635429
72.27084407124315
6.980350346197094
-3.9547260864403153
72.21469376778536
7.049894795102421
-3.878428222482348
71.67587407289338
6.608463520769231
-8.156327350004572
96.21730140817098
6.609302087632071
-7.999115918820312
96.21662599635212
6.634348683093061
-7.227065286134527
91.48288619113524
6.617558981610767
-7.199001966822743
91.83024369098439
6.897506442743442
-3.9379913795930777
73.08337454938834
6.869511920052432
-3.6109492709327284
71.39566843484867
-4.019323561888155
-3.654208254978215
72.63842107474292
6.461438912324729
-7.9475517493928605
98.36710000884594
6.612096745782701
-7.475078870180655
96.21438734056616
7.373192018602918
-3.3883640993967097
71.39795885648739
-4.893374765564392
-3.167327352327967
71.31792711868498
-4.841394188459657
-3.1676031682538377
71.31826435950855
-4.806740307351146
-3.167787049118925
71.31848855198875
7.1115645358986725
-3.496114001135901
73.1470854388162
-12.659232412951694
-4.607143246495764
83.33047262956038
-12.530355387663416
-4.650036660677626
83.62673934640682
-12.679708857107062
-4.622045193349538
83.92816484172677
6.956814516387283
-4.122401709330911
79.33606639136215
6.986016537267863
-4.056956335581658
78.87710816744189
6.969644805014222
-4.065714186867562
79.13666117792465
7.047303031511924
-3.8612732277883546
77.50560955703206
6.659655420762945
-3.3956309945374605
74.25838932706013
-13.259047617995703
-4.272758684652582
83.42279263636333
-13.361460216674415
-4.212922291088505
83.22739944989533
-13.08754499090381
-4.2143759738180675
83.22917344649392
-13.15703777393331
-4.098211266937475
82.84843016657919
-12.883826415622226
-4.42846181370472
84.34112791175562
-12.704018218594499
-4.286174522694415
84.34167242585539
-2.9335942518863227
-2.8311758484074656
71.32911446910485
-2.8641940692912087
-2.8142164676431145
71.32948883362218
-2.5696379871507333
-2.8157794448759152
71.3313944573648
-2.5176576423084343
-2.8160552636434355
71.33173074300032
-2.465677059055901
-2.8163310836760114
71.33206703017824
-2.621526151296833
-2.7981767207618256
71.33098415076228
-3.234569392901873
-7.0294764150506905
106.5710415109553
6.674671903425035
-4.563521896121259
85.5687372215519
7.068816354892107
-4.227508627486218
82.88628072858928
7.0246164657446215
-4.189558759497636
81.82288652754329
7.024958557338265
-4.125422798234272
81.8226125428241
6.751192991684885
-3.696881005343405
78.68371133744587
7.023466470223699
-3.7339918153335296
78.74866043841706
7.138515438569614
-3.6910775465201855
78.19612871731049
-3.5328185394520495
-2.744664234620714
72.5474079025307
-3.320907103733124
-5.538713386818682
98.0423323927825
-3.143118734727248
-6.518265297023316
106.20138038237462
-2.8292138437490424
-6.561618030835882
106.57164375308948
6.855855671117946
-4.2010759939216715
85.00616132934626
6.813402780521844
-4.176795811306292
85.11629819394902
6.918249343732217
-4.286411530555378
86.77014663844345
6.753063334950065
-4.078712926677693
84.89539316637985
7.266759961161414
-3.298491724098508
77.33968838480747
-5.702110244380725
-3.2565556336454007
78.98594241794419
-5.827102994744248
-3.145425474519016
78.7267271970572
-3.8605372111898992
-2.6706688509362255
73.50518761935723
6.76583227907405
-4.249127799351411
89.99410461838895
6.947843514140104
-3.8808909624148353
87.02201861083108
-13.843978786344577
-3.1700089144641987
84.32951695805936
-12.985141069263111
-3.2819968418439163
84.33553582008778
-12.841714153826546
-3.2469477244576415
84.33630950708859
-12.912949631768926
-3.1749491532163603
84.33554022958421
-12.411818268515017
-3.2134184339463534
84.33893649742004
-4.409671389687021
-2.4603460938307893
74.18300187363262
-3.644001213402546
-2.3610473460071644
72.31017932332298
-6.897599097725796
-3.5598823310549883
86.80408911040412
-3.1382593779117256
-4.75323886644469
104.10002853661913
7.191988885635887
-3.60334557302521
87.94723171168513
-25.450259228759812
-3.127132134061144
90.58494334984351
-25.008515308404114
-3.118786204834323
90.42375449660275
-13.806832562621524
-2.91953446482407
84.32867780243453
-13.663406600825894
-2.8844853423775736
84.32945148326576
-13.878068041199734
-2.847536012789295
84.3279085254394
-12.003083932226643
-2.814678018140561
84.2347848938887
-12.288176362441444
-2.7775035022478627
84.2327869240485
-12.912272125559948
-2.518800132251816
84.12344796479417
-32.9862083171309
-2.7484395954405194
102.29124705939392
-35.76466798544087
-2.081254170605512
105.97197424126267
-26.377460159330163
-2.2930072745379646
107.15507489976248
-26.171460338417273
-2.081366172002957
106.77571553980697
-13.865098271259548
-2.1903733089354334
100.6281938274652
-13.93277413740918
-2.085436650597306
101.20542513996901
1.848102679079968
-1.7850554625406234
84.42471198515378
1.9197203854377523
-1.7854355327825766
84.42517722187178
-26.37346014260644
-1.542719190199909
107.15186970481943
-27.14711698915951
-1.4106616730973869
108.32270235143017
-8.774848253346379
-1.4615190568546086
86.0429518395294
2.279718274659849
-1.4292435106126165
84.42596411653227
-31.351268786343855
-0.8071679215851626
99.67142683311104
-7.882567136982693
-0.9580474922514678
82.86891015489886
-7.960967270551324
-0.8245377129707219
106.88769566598879
-3.781199860153102
-0.9607835544561878
98.52557900461193
-3.1584935723117096
-0.989911269641978
105.81509397083818
-2.8666306255209486
-0.9884537061362422
106.54739889003105
-2.9594627321396936
-0.8587450038574181
105.8158122042534
1.3499544992713506
-0.9804774732523904
86.10615304958766
2.2818192849694268
-1.0353422329062556
84.4242813954997
-24.89369409526645
-0.10214009004590918
111.76869034411285
-24.936772247874245
0.000668595596327537
113.18346730880472
-17.942876178205918
0.010446136456163657
111.81301483899702
-13.646268891360874
-0.313389068794167
100.33835959849469
-12.978722363710022
-0.2186039704292615
99.51542107049397
-3.9694255289326033
-0.4528023773075121
98.78010130136427
-3.479187984975858
-0.4647612280138784
98.270797014159
-3.277442739875564
-0.44686884210022654
99.31063359887555
-3.789393172952338
-0.41261135554325157
98.01723759569695
-2.283407288932772
-0.2932301457042733
98.79028326201961
1.3210296365268133
-0.6340033052502811
86.22505312731028
2.928096572225067
-0.716479508288894
84.42707457847823
3.6782428462780596
-0.6440517276243294
84.64438498715653
-27.3158853329053
0.6043388977932918
98.11252302464686
-30.781326706858092
0.6188921717944352
109.95131240916982
-22.403877211685455
0.5744396589331946
110.0055139391466
-19.473617253080032
0.46696710316212403
107.18769606031557
-2.975229054603677
-0.2799511626121701
84.70766633706226
-3.025006291183049
-0.25128623010363266
84.49264073931415
-3.0852973651017823
-0.21903822112733165
84.3861663314389
-2.9859541946042105
-0.20323216666189436
84.81591838463164
-2.803995947328675
-0.1962335966928049
88.28353315364231
-2.931843711106983
-0.1688699895487352
87.86717718829694
-2.923401122485296
-0.10784351133249762
87.33111935366432
-2.2375378889301762
-0.12245484450540708
90.55764731872064
-1.9850482982730726
-0.08372363467929353
91.74414521984734
-2.171100686514875
-0.07412903974602603
89.4557797940485
1.5182995878999686
-0.22954815932184258
86.84399986995975
1.5708568503690317
-0.16561004341617386
86.46906543155697
2.285448303130921
-0.35496723230982796
84.42137487706898
-15.881462201554946
0.10093705704955594
81.65674143166268
-13.181848421529695
0.12101795313515612
84.31961324615914
-8.806156173279403
0.16359663056071633
85.68036004715957
-8.766088643263297
0.1809298638982185
86.0359373041023
-2.2445902027394933
0.017136419752409926
84.18129796875301
-2.1658814498394223
0.047130850159173565
84.07833295460873
-2.426508445230092
0.04335207102362337
82.6226496910632
-1.9012584772448646
0.15874175805945398
85.60850052469034
-0.36330785055827286
0.11564935759020331
86.4553873080953
1.4374588995519537
0.14895658434301196
85.0630134117081
3.5376565098239716
0.07891714868794396
84.64036534327724
3.6098757138595188
0.07853407373434351
84.64083637797134
3.71820504496194
0.07795924711043034
84.64153530469588
-15.739745495143913
0.37215139708999156
81.40546102266664
-11.00328605215857
0.3040944590973804
80.33470030921664
-9.742370712410949
0.30761436763185224
80.49351222364201
-3.704427801573324
0.13010758776416745
77.99107709565334
-2.335202559818499
0.0026053400525811454
76.99520623857481
-2.0715749015547287
0.10828045788573043
78.61044799982366
-1.8531419797430941
0.15914917324730654
79.39588612908608
-7.2710098408773725
0.26970202545433414
76.498609285855
-6.970305512370113
0.3083924859886431
76.10794959304093
-3.8034405100805087
0.18354041369260005
75.9862498585217
-3.685079840180219
0.18780871517398184
75.75446455279877
-3.415444507177595
0.14816118146317556
75.57489910912311
-3.3401801180907387
0.2700242842365774
77.09396722080365
-3.522326543451594
0.4403314621501804
77.87368784843824
-13.232088521385837
0.8257475822592568
79.05134111329801
-9.115495878400369
0.2659267112633833
73.77399633738521
-8.100814464136722
0.29468571068757843
73.29565512491682
-6.1701169624057615
0.25095837134121385
73.17558596043978
-12.016824343577033
2.691701329995584
97.70269962626048
-12.512997888237644
2.9333078074861523
98.97176464744322
-1.695390433314235
0.3026390790047888
74.61390060083656
-0.207567675560291
0.26749385011115856
73.90336970365973
-0.11260891194926875
0.3382017694123691
74.62395105784867
-7.791069603421702
0.3821456563255114
72.65755519033658
-7.470962827689511
0.38963211530970787
72.24488026561443
-6.3799337976204304
0.3585342184916854
72.19485693353278
-5.897578079704914
0.3276614170899408
72.1132332359354
-4.846157616907646
0.2693385392776425
71.659313063719
-6.9185327224625555
0.4821991867397686
71.2891566014669
-1.8421401706162834
0.3859525940006496
71.32229667723723
0.1506304948780381
0.41003355630077576
71.33503962516264
0.5837090267179825
0.3904081550050138
71.3379160340091
1.3462744823850783
0.4210168478502371
71.34270019785811
1.6753917868457386
0.40194284852287826
71.34490403298163
-8.593457482735786
1.3900704252616274
75.53617033295657
-1.703165150463688
0.6411399940705504
71.65186986174305
0.23865101887027246
0.6694795636079877
71.33448980274291
3.8263951165319803
0.7381310975870727
72.1741524454157
4.015993174204075
0.6667635770541301
71.358852612892
-8.199349185634553
0.9338666156487553
71.5568455576842
2.439898297418066
0.7964193867709864
71.3481337782345
-1.0584585569068903
1.126877654734966
71.32415716486518
-0.8186336642498657
1.6538776684131562
74.22613466199685
4.191295333651457
1.0470391685279754
71.35834608527226
6.14253386270798
-10.487835216385742
98.35519253164458
6.2624145156359425
-10.377553309548318
98.11964802908733
6.650573948129992
-8.2206147491511
89.0329637063836
6.594959541545003
-8.245932501186259
89.3056977402803
6.654214227011414
-7.66467275914128
86.90267817191044
7.650760980312349
-3.9841739739137614
72.60892098928498
-13.769848632955298
-5.151630321132794
77.38214318949169
6.490062071863522
-8.014859988391933
89.72345194385329
6.611791819333401
-7.8555702557098925
89.03121529104317
6.498636331967679
-8.106130873448363
90.30237516684457
6.577417818951124
-7.594391700376861
88.24094556618637
6.717952095943458
-5.662959770894165
79.40775180623703
6.681443809285745
-4.923215817412631
75.93626716496239
-4.184948191343313
-4.259564367639486
73.43087195570547
6.587012917889509
-8.285333186611773
93.75798173764059
6.692677193951609
-5.157560585582376
78.44164558565473
6.745010430532752
-5.047325272477383
77.8178673757748
6.812677914748102
-4.857793292263419
76.73493045827541
6.812900922398673
-4.81146303715975
76.7347439491025
6.763210481235818
-4.721101062772881
76.01632840854096
6.770588981717031
-4.735041518192668
76.17959133568665
6.791683627410461
-4.496754365891782
74.8222449324611
6.785331695282746
-4.476564675925621
75.10308282678142
7.009669126758696
-3.9811060373106475
72.60452948640946
7.217340328202868
-4.034082267243488
72.60616141561783
7.286730538109097
-4.017086988043825
72.6065674744795
7.217507127283367
-3.9994280898918797
72.60602286385202
6.712348250438339
-7.443854024781767
91.21293460820257
6.712977738356391
-7.312977673777575
91.21240774317971
6.74644964791225
-4.441707214166211
75.73750906296087
6.790339524517012
-4.5198696485187595
76.22017318972324
6.806994420767782
-4.309785991949377
75.10255395225664
6.807195241697839
-4.26806642684541
75.10238505042638
6.859974453191716
-3.934176282251834
73.0381625935875
7.634019049415826
-3.8628015674493468
72.60831401300305
7.634184894855315
-3.828147385533753
72.60817545470334
6.592969704990061
-8.243871379689098
98.11324680142607
6.656535874040034
-8.094817818431125
97.88007090248823
6.772743556005614
-4.287424693502706
76.17778938912764
-5.812733492850143
-3.5919077186282724
73.67838372500457
-5.993467292561192
-3.6261449649012056
73.98011956047685
6.565598957205736
-7.669648627575895
98.82744199309587
6.624370852217174
-3.766472213440887
74.51457956439425
6.584401955520876
-3.7462470208905705
74.51422536192491
6.948960494061335
-3.7019254446694845
74.03795490267417
7.004882081732974
-3.688257594097818
74.28942715621682
-12.382032688080564
-4.68201331317883
82.89862661802208
-12.253762264281546
-4.6826274272748485
82.8995073745169
-3.88540791539506
-3.201208688214344
72.52692605806872
6.798925862556818
-6.116609682318907
91.36553310934919
6.9177755160228855
-4.076128732279165
78.22600773846357
7.039773069785297
-3.5214870154858486
74.35322163835494
6.977709099250668
-3.486764132620492
74.38499489678378
-13.796676318955212
-4.425294247320646
83.85849899939896
-12.67429783595927
-4.486411493595648
83.32694471124479
-12.863686954646846
-4.437567186719604
83.6823211165009
-5.998287429834421
-4.9258631386770375
85.69473663326492
-5.7465772496357355
-4.927068009587045
85.69646504784343
-2.527355643252923
-4.479227317772129
83.93571104255301
6.78617792035964
-5.462506563817439
89.8576340066594
6.7521563504698685
-5.3173772103252555
89.71429478092034
6.935282796217651
-4.129553383410074
80.34302248653364
6.983649196418728
-4.110816619216139
80.01980132656254
6.943774293147567
-4.082611595886234
80.21223247998631
6.955547229010035
-4.091880129646768
80.47539747099988
6.9472970750680645
-4.082214659375967
80.60945947935775
6.936756159161181
-3.8387374834100725
78.33093596261466
6.935084573501675
-3.7424223035462814
77.66460952725515
-13.427224449546213
-4.0926482179864205
83.85967307816854
-13.093145481885491
-4.161129905031186
83.86223347498387
-12.614926168483438
-4.24511264648669
84.23970323769692
-3.4332424737608576
-2.8568228444864063
72.52861855174481
-3.064346633261954
-6.873338721552527
105.31144638189943
-2.83606587573924
-6.603271644892017
104.65473511145532
-2.522218209288721
-6.767528328515915
105.99166022698779
6.961339691750299
-4.247078739047104
84.18505968482349
7.010712643466517
-4.347721844331492
85.26020882191573
7.005209605045439
-4.273081400672378
84.66211115495648
6.904685625669724
-3.6238539575993984
78.43686945285152
6.9558417904833485
-3.624098783469292
78.43721995064712
6.956210668828923
-3.5473645569370347
78.43691104261225
6.998709287571775
-3.4529648034579754
77.13775458309102
-3.795250994834665
-2.6569572819340532
72.9074272074885
-3.5555084551704352
-5.4459035659753035
98.2684716756371
-3.003000649233188
-6.1273080042927965
104.33021871269997
-2.914881068237781
-6.137129997945785
104.97847170191031
6.959933566687748
-4.27741860418343
87.12483550100116
6.938921282839665
-4.237680597666848
86.77532988131483
-4.331339560314129
-2.487646549496796
73.19877922265542
-3.777693857180687
-2.4219868459184783
72.52450042913226
-13.979475375434149
-3.149363367981637
84.61180599137067
-12.701536271344
-3.167634280892785
83.95324503755337
-13.103900925289258
-3.064992409998299
83.95007946575856
-12.231061917265725
-3.0691699273476982
83.95605974592296
-12.365182514939798
-3.034955974946855
83.95500456185859
-3.7942701733849886
-2.2659600218539837
72.52375393831316
7.100210948958159
-3.7892267395013293
91.84010792600345
-14.177458834058116
-2.7557428406643734
84.41438404961494
-13.590306215449896
-2.7331669738107776
84.03850447510196
-12.833558080604492
-2.696994157885047
83.95043485082235
-12.732845960021798
-2.697476032050357
83.95112488205578
-12.431193412480853
-2.799635798106438
83.95359851436898
-23.396421750781254
-4.566640909533507
114.40762914525465
-24.337303021106642
-3.001925987317817
115.88826771173822
-25.67077156094795
-3.3994335254291044
127.65113125580147
-11.332521568843283
-2.3453086919263963
92.37472774229053
2.1606205472755136
-2.1406773229199074
85.21811704396147
-14.457338276419078
-1.5570716024175713
78.50044955461755
-36.750373441868916
-2.4249384126714895
124.6980898941793
-26.61991493585153
-2.1698648495165767
107.59326233187035
3.8010054201963657
-1.8128075083632638
89.53876055456672
2.988257201830649
-1.3703478636323287
85.32314165858507
3.6055530089686245
-1.4449536949496216
85.43100528871481
-9.358411781189007
-0.9767387207797446
107.70635235137644
-7.504316185809415
-0.8826764790460255
103.03767352480622
-8.495821190250116
-0.7882549512270044
106.62418897698427
-3.835274988218869
-0.9810535825163614
99.22235488131375
-3.7037903228825466
-0.9829938854894753
98.97513006958229
-3.5101622348695263
-0.962316115505985
103.06528902881527
-2.893197348094772
-1.009104451331588
107.3826011036758
-3.182536907868138
-0.9448963473322903
106.66112942868662
-2.9267780409773736
-0.8233328196611476
105.62377260445061
-23.738055778633505
-0.14587812076534667
102.6244887387268
-25.082418667121896
-0.12502628102918845
113.42613801320942
-23.71449343053364
-0.15619283058339267
112.0687115304232
-23.861046349951785
-0.0820346780865987
112.06740929268138
-24.447972799475906
0.06768774946741207
112.0627916978729
-23.725091360083773
-0.0561324484347302
113.4351279899305
-18.56821394545602
-0.04301805577941431
108.39326155816765
-3.478008845835845
-0.5044720455295482
98.24894620710458
-3.227235805090775
-0.5013695164217495
98.48953462242447
-2.591751587664996
-0.336868204303086
98.73511390276079
-2.25327716778961
-0.2898184728733894
98.49532640635763
0.19295305324281053
-0.30153097065961787
103.69929666514128
0.7661670662368685
-0.27619654764168444
102.20625574269098
0.8760418503897386
-0.28311083935048037
101.91996563274344
1.3742190109072074
-0.6160333606767295
87.07181348044327
3.751536178079518
-0.6288255424467922
85.42868847174375
-31.69595187242295
0.6607256435824583
111.13789445842545
-28.09098233659713
0.4746425422766246
106.13373960714137
-23.086645863089103
0.550398619866292
109.13791565503007
-19.959656731298296
0.5511663640470539
107.62771869389675
-3.0058842107463377
-0.2523658611710186
84.1945772716787
-2.897306093845999
-0.16556290221988418
87.39935263653032
-1.990964401383899
-0.03156792677716996
92.25992688617794
1.5357379224474397
-0.27191378990239895
87.18997809377956
3.1964330085228103
-0.3912762367228828
85.01560139052556
-13.970468306387888
0.014273501270745254
83.65668963127932
-13.021570084997625
0.09038406606521546
83.93783576474499
-2.9170995300410385
-0.025118456763564778
84.0073412214119
-2.204825420501479
0.0003763687518176517
83.91973208353653
-2.1377841939516995
0.03349706336070006
83.9200576021066
-2.4580593431944995
0.021207088771532157
83.03227124880773
-1.8976876542043808
0.149570245533237
85.49113881244799
-0.10842246404955191
0.06564980788774744
86.14753444934138
1.2742227243716076
0.05364970836757742
86.04744888702388
1.69018030653401
-0.04259513162053204
84.13198446321198
1.7159861953543425
0.01985217322487054
84.03881051592677
2.3538304043212115
0.01679967167834906
84.0431826290312
-13.464476946956733
0.21463312863414746
81.15109461986145
-9.140070576369347
0.21289439942724864
81.4737370015417
-9.417166600145496
0.7952024100367883
87.4725730590855
-2.5732823014903197
0.01729562107154392
78.19727516379326
-2.4030041259668993
-0.00306116584242741
77.19980758576543
-2.063328713957831
0.07672501019990485
79.94099617785392
-2.0655148576973197
0.0844463623615189
78.46883845342032
-10.536996981948134
0.3626476215399052
78.7993337560158
-7.168939616013019
0.07518075522739372
74.9892724140184
-6.036565569947021
0.20093865111013698
76.28084654802288
-2.0508958258099015
0.12260002136212725
76.14092926305652
-2.0647715693318354
0.143083537946303
75.8559494373842
-8.858119321843052
0.28484011969839096
74.90562196860031
-6.954256690976746
0.24845481580354262
74.43861354844893
-2.7704697202829562
0.12130787888695942
73.03586949695652
1.9811122693163201
0.18561081857390563
74.49991500579276
-8.456792235334904
0.3471326326209203
72.9961034418123
-6.563412379989879
0.28966195061477956
72.90287814136553
-6.492015793130476
0.3035797148700448
72.72132547296992
-6.115802851767999
0.28751975734210244
72.90594494970624
-5.549430468713705
0.272254764693508
72.50146107944312
-5.376161996816906
0.27142540425920203
72.5026472796861
-5.121184135368692
0.2797170887328986
72.88645066560699
-4.856273678915468
0.2862649042882359
72.5061399371004
0.8213476314425538
0.29549574402202955
72.84867222086126
0.856860508077266
0.29532590383491447
72.84891553777665
0.912801646532763
0.29817347160213953
72.87528320542589
0.9566063061540151
0.2894823624955639
72.95425640879208
1.369438422504586
0.29664282154213
73.50752033272204
1.4029275378576818
0.29321051431682044
73.47910615326856
1.4588544175550022
0.2929428526689686
73.47948838405259
1.7980267737019133
0.26755039507548545
72.96009504496044
1.9877427996637445
0.23618284054899435
72.55310126519383
-7.558509310143331
0.45514489825776033
72.48699258153579
-5.981600084221783
0.48225301475715643
72.49765616788525
-7.989552613334755
1.5201368538908842
80.28410230946628
1.3649777637838514
0.44709337910943947
72.54799239104307
-10.018085298837965
0.6401909217652039
72.46943653748565
-13.08638530381652
2.989537433671728
87.56135582282457
1.5736502696822956
0.6020423108592203
72.54878824422262
-11.683208770708648
1.6412764250047587
76.27884322003452
-7.1121503771624495
6.243026373886402
105.90749759820142
0.5799161735579726
1.009795306616496
73.38534145512634
1.9455159507614097
0.9984900256047756
73.36654959535407
0.07711475914891419
4.401154978424239
89.91567139017005
0.2346885546437062
2.183449895983183
78.47603480768458
-1.469953301190187
13.198579506977765
130.077552830843
9.11178203911646
-4.317236161140018
73.84048494645975
6.137183823995349
-10.500258725354069
99.58771871441093
6.334155501676803
-10.28031034720479
98.8888052224689
6.406946231516233
-9.530141404162384
95.55174104402724
6.542530351481081
-9.432165849823836
95.7429495725092
6.553293845137178
-8.241081642737997
90.53246741724749
6.520192851548661
-8.049352330591747
89.72703682820028
6.575550121463782
-7.548512143210631
87.01652650122446
6.632951496306628
-7.867594821934442
88.48180701311273
6.804799228211979
-5.73356220027435
79.55843906549089
6.625783998124389
-7.380479857943033
88.01084778001825
6.666689191322233
-6.659350597647557
85.13875612258543
6.7177733533013315
-5.247937569863245
78.5500108224687
6.771952557422817
-4.894372070208016
76.72775371623462
6.7517570600341745
-4.541385701869504
75.13526747227345
6.509261100504429
-8.188317506299823
93.74729670822667
6.527240561827082
-8.116793400035865
93.4102650090249
6.609519114809074
-7.582635701089557
91.09050611573196
6.599936231632453
-7.3819485402618215
90.52715784507085
6.790349067366273
-6.466662049061917
85.32252766179244
6.773065399008282
-4.730665863271622
76.95688820934916
6.819001734810099
-4.575732964296975
76.25013083743457
6.808792210495968
-4.511227878473159
76.14400960766665
6.829637187310203
-4.369243880421804
75.13476949320375
6.788188739799887
-4.356501256235864
75.16469015013809
6.522391409133451
-8.005285128342267
95.35395919861608
6.6044214749601515
-7.193779655837299
91.23179541510262
6.589005861088452
-7.166607491896734
91.52356320109996
6.816028546026828
-6.03342618831813
85.50679391688136
6.786376234753622
-4.270767007331645
76.17726510595855
6.463451913350623
-8.289777070939902
99.81465048695935
6.581893432752606
-8.247160608692893
99.57645295806432
6.485005593864159
-8.368358382723558
100.55039531363437
6.690032268024361
-8.140444351752716
99.57663882420829
6.4190653461420535
-8.302331819384028
100.80075046866372
6.8572784803314475
-5.7119935096875425
85.41117178318896
6.852340305368106
-5.661466736502404
85.50462750073932
7.06509504226534
-3.7632472340837317
74.07201489686017
-3.4494928205356374
-4.992095930000959
83.8316855340976
6.585467936698182
-7.710033255801326
99.57292083211834
6.867443600102689
-4.16936322117029
78.26427176023726
7.086416900377125
-3.5643084625289307
74.0451947024793
-12.754485304048542
-4.665235357111416
83.67079449286351
-6.166479649418002
-4.942566520602785
83.80890804627957
-5.965684355560201
-4.9257567438931344
83.8929054208679
-3.012353955191265
-4.7296887913581
84.16704167007444
6.903179761815525
-4.0550525241912485
78.73545034559973
6.871572899344107
-4.021387274686244
78.83250943004978
6.987246953598628
-3.8600414927872206
77.35251585861889
6.9936505404569695
-3.847109965304799
77.27090400219707
6.973935946520896
-3.9108116926946246
77.81701819427636
7.035282064826048
-3.809324296843103
77.31168059566912
7.000650044030049
-3.8354024207035713
77.77340721417592
6.932970921961969
-3.8119036748535304
77.47571565602752
-13.31792612083469
-4.3101708843752204
83.1850438065992
-13.461424591762576
-4.357267232662434
83.74475449969876
-13.45827734873621
-4.2806032661899165
83.42045675281791
-13.39781334595817
-4.294493273513011
83.74486383615131
-3.9198129086877724
-3.164106628258422
74.00306247846362
7.089228706773272
-4.247554372196657
81.96441248093137
7.043839460022861
-4.161272454710453
81.76020493913994
7.080182185987131
-4.258570816053147
82.67253271845439
7.091998405420501
-4.228665526083734
82.4548848231141
-12.907693359423034
-4.0345968202454445
83.66534688625208
-5.3933663297133405
-3.13413595474427
75.4309949555518
-20.192896574895943
-9.283692233821448
122.76612693139225
-8.45493811809484
-5.757828448752222
95.21530649311731
-2.4757421674537925
-6.656195753143402
104.9172916728647
-2.8345462723788852
-6.445002699863313
103.707098030673
-2.352154822703043
-6.534233976731647
104.91750408992397
-2.9711926350758477
-6.359985313894054
104.00053823263826
7.005843607656897
-4.353053737245787
85.31029296830798
6.900849277983266
-4.229323951868319
85.40170219809721
7.303021808091816
-3.3710167137729012
77.35188129482827
-9.204073399889893
-3.978994892170932
84.89890151838827
-8.58241346530082
-3.9211441719563367
84.372374556723
-3.335684180845692
-2.6929375898801977
73.72686827586672
-3.531322096450479
-5.361717143645772
99.23783771826743
6.930375150674997
-3.778177940139215
84.32781527181828
7.215608609493826
-3.7338399067661996
83.04299777959623
-12.212897500738482
-3.0837095400333454
83.91213166172618
-12.390749738400544
-3.0122417185728323
83.82712810434921
-12.517386471155346
-2.979692145007354
83.82586784345212
6.96267141587792
-3.7583794728870217
91.21197551088294
-12.91337068054296
-2.717835358785896
83.7384137166459
-12.818374320774055
-2.6868651076574555
83.73899135319378
-12.990743400110084
-2.627717215924746
83.81962281395079
-26.579072843754723
-4.8262186566755325
121.46820539389722
-24.94863975597721
-4.629604732845878
118.10624423526926
-26.2330592432247
-3.9775708851089817
121.46543699185861
-26.31689294544652
-3.0994996984126764
123.30092511279165
-23.39015994928555
-3.273520621766977
120.31586880630316
-23.389051364271502
-3.106646325721843
120.3147752471319
-22.169437200990746
-2.978213775003911
118.6540842622559
1.8845976698631308
-2.069933247871842
85.25283951469082
-30.131596534405656
-2.4497549959137137
131.9182131805024
-23.244772251438135
-2.465616782685111
121.48010198670451
2.304400734186374
-1.7618997803726288
84.79948046121675
3.9764055297442225
-1.8805792156898338
90.46900170373104
2.38209827138843
-1.3680157764071839
85.15992146860609
3.0306701308080797
-1.372487289169643
85.25768419689993
-26.299968770071033
-0.5563670965985824
123.28420158419347
-25.431529808977917
-0.7415164024934697
122.66620013523143
-9.547697861204247
-0.9356372836292994
108.89059435997078
-3.822463627308903
-0.9825175631471778
99.20639394826892
-3.7157069875818074
-0.9832221780248485
99.20728069559547
-3.6082396493793705
-0.8771686141411231
99.2074654077845
-2.7115993129837115
-1.0108074768789495
104.26650427045826
-3.0137995758870284
-0.948288859196122
104.26359278819504
-2.848906182711494
-0.8250928551693552
104.56767173224591
2.3736571951410594
-1.034654024716801
85.0659841621885
3.0995972823303877
-1.1043668559538036
85.2564758154171
3.152985065717414
-1.1055734881788601
85.16455066914388
-29.578225142324214
-0.14124202922989237
102.5830211398164
-24.58215490513573
-0.09782411833149007
108.760816903394
-24.505546866643908
-0.11746199094498389
111.09664154395847
-23.975767778271837
0.13976032125758175
110.29585091767134
-23.88636204274887
-0.095727386293748
112.3574402759987
-23.518418651798388
0.016914640670996628
111.10390281685899
-8.498974549298268
-0.38572668084034106
100.62499966411056
-7.792175737037022
-0.2371434541617118
100.13037562002145
-3.6587762476565913
-0.44978350821071234
99.20421388415778
-3.2851271746770943
-0.45224973842989447
99.2073175072093
-3.818556335067792
-0.3953475306177222
99.20253274188363
-3.5516643778076404
-0.3971090198829748
99.20474961283972
-2.2639196321059925
-0.3861268118026154
102.53098591098569
-2.549485986512206
-0.31506436905718127
98.52197948105523
0.7282791581210684
-0.2017595684250767
103.69513723808174
2.364618852051743
-0.8034112929201315
84.97342863965162
3.088776410521486
-0.7038541812374977
85.16135827623629
-28.9912593529288
0.4019712616843484
98.75624573278554
-28.704116736681808
0.34931374672507565
101.76014290201107
-28.33051703468827
0.4406781960911339
101.22951677643454
-28.288048638547686
0.45071009121632377
101.49459033094908
-18.889934360591997
0.4621696189238948
105.04676828664566
-19.629298424116445
0.5793326173948596
106.33535380823157
-6.966583153792106
-0.08369118620525817
93.92611807735794
-2.797426912473474
-0.6462376804325377
77.29146622108016
-3.015351757390267
-0.28796365707426563
85.29363290383408
-2.2543180653045543
-0.15714609653452047
92.79288411069119
-2.232794803081133
-0.16164045459181003
90.40629819270076
-2.076534192535883
-0.0697172398439011
92.79377521895303
-2.1656405834105295
-0.09725929112980411
89.99882385132793
-1.9578710866396696
-0.03991645530578816
91.40568999777092
1.5292965295870555
-0.2608413978682781
87.58131633802262
1.6982217181312382
-0.43150499547403676
84.17746172121385
2.2756390522355883
-0.40324734939950707
84.18204524810011
3.2106141756553637
-0.4072563408358657
85.06874117606532
3.977109442942982
-0.40514833457179483
85.25908786112873
-13.058450790184377
0.0046645274492314315
85.02324391766045
-12.906157230873946
0.07557634261520241
85.11640438434274
-2.85943169159517
-0.0626513660370871
85.10795952124509
-2.884996560045656
-0.04849890935553097
84.13705326078701
-2.5334651392940306
-0.06002976072407068
85.20300778672475
-1.8493315053679764
0.045074799770090185
87.3293841809824
-0.49414318078744635
0.09150782945409838
87.01429505725007
1.7007825557072873
-0.04669750068557943
84.174931243983
1.8208842078252603
-0.052203741261262426
84.09166009030385
2.3955170485111954
-0.11989563355469712
84.09685493870805
2.280411419780932
-0.06455987229783566
83.92880434461118
2.502668363239408
-0.019921398640160404
84.18137926215302
-9.533566026844731
0.2654948064411321
83.34324649191814
-2.7743109286129384
-0.11947848976644855
77.45475957760462
-2.6733686964284766
-0.11397711356827434
77.54017758772886
-1.61275816261743
0.1658233800023569
82.71893411965863
-7.529951916847089
0.15203572761158932
78.11665855989676
-4.029875315241776
0.10843028202993482
77.1131199868387
-2.0541203456911767
0.06505727266387115
77.29289217823883
-1.8086185086804598
0.17826325682613595
78.63539837795851
-0.25247594860722683
0.22240989466131678
78.99428471379545
1.5995808506309994
0.5266626711236297
83.3545811766998
-11.745537860816123
0.43883760620826484
78.31246159345805
-3.837061899001832
0.22994688250222717
76.56841793177232
-4.1169986121808835
0.3305107548367664
77.1109275292648
-1.7748343766501304
0.22273810151947815
75.83497445869864
-8.999624331350297
0.22080135323302608
73.66074827179611
-8.474575258513909
0.29266709342419506
74.76870536969986
-6.348674306340866
0.2033043422385166
73.68276677285668
-10.431820504331169
1.8206037215179323
87.24670188576528
-3.472596550947195
0.16699413709223038
73.70677204492065
-2.7325652224695087
0.23351292918788324
74.01623257206697
-1.78851218275362
0.22626589893565713
74.31609419217561
-1.6384247876695772
0.2414922728778055
74.45450336890319
-1.5964471686514026
0.23468706203968706
74.39963729629689
-0.2084576648248691
0.2604370924150169
74.24794461150915
-0.02381975363931471
0.24259334873216087
74.41257867959378
0.10317320455223128
0.2384729302195621
74.38620126974587
0.0945842249849499
0.2454158403900452
74.14415117198054
-8.35716107352347
0.4244902395910137
73.6647069189894
-7.525720991195517
0.38434767452750823
73.67184190895344
-10.639164077209513
1.4326968875415234
81.11812950353205
0.9644774469948705
0.3629652553095252
73.74213382635823
0.9991304717695311
0.3627365373022188
73.74242166304933
1.1722796931789876
0.34426628162301937
73.74397478097441
1.9691818179847704
0.32167898651276783
73.75070799363075
-9.491121824324889
1.8314283398509228
79.26786475110534
-2.2207094660388265
0.8171744707764472
73.71280443441529
-1.7332214465428206
1.4561767894379485
75.69255030646954
2.939324190919196
3.3841680256766606
86.59875833649699
2.8106458060980337
3.440210299637015
86.70152973091379
-7.269383171035884
6.615352137491435
102.44320576208884
0.46777529298469284
1.2326157258891555
73.7322622771729
30.860242136683368
12.859812036290979
117.92548452681756
